38Ca(a,p)41Sc
*************************************************** *************************************************** **********
2 ! Zproj
20 ! Ztarget
1 ! Zexitparticle (=0 when only 2 channels open)
4.003 ! Aproj
38 ! Atarget
1.009 ! Aexitparticle (=0 when only 2 channels open)
0.0 ! Jproj
0.0 ! Jtarget
0.5 ! Jexitparticle (=0 when only 2 channels open)
5470.76587 ! projectile separation energy (keV)
3750.964064 ! exit particle separation energy (=0 when only 2 channels open)
1.25 ! Radius parameter R0 (fm)
3 ! Gamma-ray channel number (=2 if ejectile is a g-ray; =3 otherwise)
*************************************************** *************************************************** **********
1.0 ! Minimum energy for numerical integration (keV)
1 ! Number of random samples (>5000 for better statistics )
0 ! =0 for rate output at all temperatures; =NT for rate output at selected temperatures
0 0 ! (Res, E) =0 for no correlation. =1 for correlation
*************************************************** *************************************************** **********
Nonresonant Contribution
S(keVb) S’(b) S’’(b/keV) fracErr Cutoff Energy (keV)
0.0 0.0 0.0 0.0 0.0
0.0 0.0 0.0 0.0 0.0
*************************************************** *************************************************** **********
Resonant Contribution
Note: G1 = entrance channel, G2 = exit channel, G3 = spectator channel !! Ecm, Exf in (keV); wg, Gx in (eV) !!
Note: if Er<0, theta^2=C2S*theta_sp^2 must be entered inst ead of entrance channel partial width
Ecm      DEcm   wg Dwg Jr G1        DG1       L1 G2        DG2       L2 G3 DG3 L3 Exf Int Corr/Frac
 115.150  0.115  0   0  0 2.322e+03 2.322e+00  0 2.146e+03 2.146e+00  1  0   0  0   0   1         0
 119.759  0.120  0   0  3 1.036e+04 1.036e+01  0 2.012e+03 2.012e+00  1  0   0  0   0   1         0
 120.884  0.121  0   0  2 4.767e+03 4.767e+00  2 2.116e+03 2.116e+00  1  0   0  0   0   1         0
 100.083  0.100  0   0  0 1.908e+03 1.908e+00  0 4.378e+02 4.378e-01  1  0   0  0   0   1         0
 156.936  0.157  0   0  0 8.797e+00 8.797e-03  0 6.384e+03 6.384e+00  1  0   0  0   0   1         0
 195.957  0.196  0   0  4 2.021e-01 2.021e-04  4 1.548e+04 1.548e+01  1  0   0  0   0   1         0
 150.465  0.150  0   0  0 1.784e+04 1.784e+01  0 7.336e+03 7.336e+00  1  0   0  0   0   1         0
 240.691  0.241  0   0  2 4.207e+02 4.207e-01  2 1.951e+03 1.951e+00  1  0   0  0   0   1         0
 215.967  0.216  0   0  0 2.462e+02 2.462e-01  0 1.144e+04 1.144e+01  1  0   0  0   0   1         0
 239.995  0.240  0   0  1 1.421e+04 1.421e+01  0 3.072e+02 3.072e-01  1  0   0  0   0   1         0
 284.700  0.285  0   0  2 2.471e+00 2.471e-03  2 3.115e+02 3.115e-01  1  0   0  0   0   1         0
 258.678  0.259  0   0  4 2.598e+03 2.598e+00  4 1.444e+03 1.444e+00  1  0   0  0   0   1         0
 329.780  0.330  0   0  1 4.382e+03 4.382e+00  0 6.379e+00 6.379e-03  1  0   0  0   0   1         0
 361.602  0.362  0   0  3 5.757e+03 5.757e+00  0 1.443e+04 1.443e+01  1  0   0  0   0   1         0
 393.718  0.394  0   0  2 8.083e+03 8.083e+00  2 3.049e+04 3.049e+01  1  0   0  0   0   1         0
 362.723  0.363  0   0  3 2.006e+02 2.006e-01  0 6.159e+02 6.159e-01  1  0   0  0   0   1         0
 380.589  0.381  0   0  4 1.692e+04 1.692e+01  4 4.269e+03 4.269e+00  1  0   0  0   0   1         0
 377.729  0.378  0   0  4 1.291e+03 1.291e+00  4 1.333e+04 1.333e+01  1  0   0  0   0   1         0
 369.859  0.370  0   0  4 1.578e+04 1.578e+01  4 1.758e+04 1.758e+01  1  0   0  0   0   1         0
 410.254  0.410  0   0  3 4.813e+00 4.813e-03  0 2.751e+03 2.751e+00  1  0   0  0   0   1         0
 544.312  0.544  0   0  1 3.484e+03 3.484e+00  0 3.238e+03 3.238e+00  1  0   0  0   0   1         0
 519.573  0.520  0   0  5 1.966e+03 1.966e+00  0 2.752e+03 2.752e+00  1  0   0  0   0   1         0
 556.478  0.556  0   0  1 2.606e+04 2.606e+01  0 1.893e+02 1.893e-01  1  0   0  0   0   1         0
 558.051  0.558  0   0  4 3.102e+02 3.102e-01  4 4.244e+03 4.244e+00  1  0   0  0   0   1         0
 584.080  0.584  0   0  0 2.084e+03 2.084e+00  0 8.995e+03 8.995e+00  1  0   0  0   0   1         0
 605.466  0.605  0   0  1 7.810e+02 7.810e-01  0 2.785e+04 2.785e+01  1  0   0  0   0   1         0
 699.218  0.699  0   0  6 1.707e+02 1.707e-01  6 2.290e+04 2.290e+01  1  0   0  0   0   1         0
 726.933  0.727  0   0  4 3.153e+03 3.153e+00  4 1.695e+03 1.695e+00  1  0   0  0   0   1         0
 708.164  0.708  0   0  2 6.757e+03 6.757e+00  2 8.273e+02 8.273e-01  1  0   0  0   0   1         0
 712.523  0.713  0   0  0 1.486e+04 1.486e+01  0 1.354e+03 1.354e+00  1  0   0  0   0   1         0
 707.916  0.708  0   0  0 5.407e+02 5.407e-01  0 2.368e+04 2.368e+01  1  0   0  0   0   1         0
 766.795  0.767  0   0  1 2.337e+02 2.337e-01  0 3.013e+04 3.013e+01  1  0   0  0   0   1         0
 776.351  0.776  0   0  2 2.163e+03 2.163e+00  2 5.598e+03 5.598e+00  1  0   0  0   0   1         0
 762.278  0.762  0   0  0 1.419e+02 1.419e-01  0 5.175e+02 5.175e-01  1  0   0  0   0   1         0
 810.257  0.810  0   0  1 8.119e+00 8.119e-03  0 3.775e+04 3.775e+01  1  0   0  0   0   1         0
 880.210  0.880  0   0  2 1.441e+03 1.441e+00  2 6.781e+02 6.781e-01  1  0   0  0   0   1         0
 923.227  0.923  0   0  0 1.054e+03 1.054e+00  0 7.942e+03 7.942e+00  1  0   0  0   0   1         0
 907.536  0.908  0   0  4 4.038e+02 4.038e-01  4 3.711e+03 3.711e+00  1  0   0  0   0   1         0
 945.971  0.946  0   0  0 3.462e+01 3.462e-02  0 3.220e+02 3.220e-01  1  0   0  0   0   1         0
 916.880  0.917  0   0  3 1.388e+03 1.388e+00  0 1.970e+03 1.970e+00  1  0   0  0   0   1         0
 972.838  0.973  0   0  3 3.358e+03 3.358e+00  0 6.076e+02 6.076e-01  1  0   0  0   0   1         0
1092.394  1.092  0   0  2 1.446e+04 1.446e+01  2 9.284e+03 9.284e+00  1  0   0  0   0   1         0
1052.041  1.052  0   0  6 1.206e+03 1.206e+00  6 3.144e+03 3.144e+00  1  0   0  0   0   1         0
1136.131  1.136  0   0  2 4.085e+03 4.085e+00  2 3.061e+02 3.061e-01  1  0   0  0   0   1         0
1125.624  1.126  0   0  3 4.233e+03 4.233e+00  0 7.557e+00 7.557e-03  1  0   0  0   0   1         0
1145.413  1.145  0   0  1 7.383e+03 7.383e+00  0 1.177e+03 1.177e+00  1  0   0  0   0   1         0
1156.546  1.157  0   0  1 1.728e+02 1.728e-01  0 9.888e+03 9.888e+00  1  0   0  0   0   1         0
1210.235  1.210  0   0  2 5.161e+03 5.161e+00  2 7.539e+03 7.539e+00  1  0   0  0   0   1         0
1281.426  1.281  0   0  6 1.436e+03 1.436e+00  6 1.044e+01 1.044e-02  1  0   0  0   0   1         0
1266.167  1.266  0   0  5 3.506e+03 3.506e+00  0 4.512e+04 4.512e+01  1  0   0  0   0   1         0
1366.247  1.366  0   0  2 2.157e+03 2.157e+00  2 2.159e+03 2.159e+00  1  0   0  0   0   1         0
1445.681  1.446  0   0  3 6.910e+03 6.910e+00  0 4.468e+03 4.468e+00  1  0   0  0   0   1         0
1446.236  1.446  0   0  1 4.047e+03 4.047e+00  0 1.286e+03 1.286e+00  1  0   0  0   0   1         0
1442.245  1.442  0   0  2 4.305e+02 4.305e-01  2 2.507e+04 2.507e+01  1  0   0  0   0   1         0
1448.923  1.449  0   0  0 1.016e+03 1.016e+00  0 2.203e+04 2.203e+01  1  0   0  0   0   1         0
1488.819  1.489  0   0  2 2.131e+02 2.131e-01  2 7.843e+03 7.843e+00  1  0   0  0   0   1         0
1455.846  1.456  0   0  6 4.359e+01 4.359e-02  6 1.693e+04 1.693e+01  1  0   0  0   0   1         0
1594.338  1.594  0   0  0 9.851e+03 9.851e+00  0 3.469e+03 3.469e+00  1  0   0  0   0   1         0
1583.385  1.583  0   0  2 4.828e+03 4.828e+00  2 1.251e+04 1.251e+01  1  0   0  0   0   1         0
1616.117  1.616  0   0  2 4.546e+03 4.546e+00  2 1.665e+04 1.665e+01  1  0   0  0   0   1         0
1691.190  1.691  0   0  3 8.312e+03 8.312e+00  0 2.830e+04 2.830e+01  1  0   0  0   0   1         0
1671.050  1.671  0   0  0 1.711e+03 1.711e+00  0 2.348e+01 2.348e-02  1  0   0  0   0   1         0
1666.272  1.666  0   0  4 2.537e+02 2.537e-01  4 2.511e+04 2.511e+01  1  0   0  0   0   1         0
1727.160  1.727  0   0  0 1.399e+03 1.399e+00  0 1.282e+03 1.282e+00  1  0   0  0   0   1         0
1741.085  1.741  0   0  2 6.450e+03 6.450e+00  2 2.618e+03 2.618e+00  1  0   0  0   0   1         0
1760.557  1.761  0   0  0 2.764e+02 2.764e-01  0 3.072e+03 3.072e+00  1  0   0  0   0   1         0
1787.728  1.788  0   0  3 1.810e+03 1.810e+00  0 2.755e+04 2.755e+01  1  0   0  0   0   1         0
1756.033  1.756  0   0  5 3.324e+02 3.324e-01  0 9.131e+03 9.131e+00  1  0   0  0   0   1         0
1754.365  1.754  0   0  3 2.933e+03 2.933e+00  0 2.073e+04 2.073e+01  1  0   0  0   0   1         0
1801.350  1.801  0   0  2 6.689e+03 6.689e+00  2 6.181e+03 6.181e+00  1  0   0  0   0   1         0
1802.511  1.803  0   0  1 2.453e+03 2.453e+00  0 6.253e+03 6.253e+00  1  0   0  0   0   1         0
1830.270  1.830  0   0  0 1.024e-02 1.024e-05  0 3.159e+04 3.159e+01  1  0   0  0   0   1         0
1824.510  1.825  0   0  0 1.423e+04 1.423e+01  0 4.384e+03 4.384e+00  1  0   0  0   0   1         0
1813.165  1.813  0   0  0 4.162e+02 4.162e-01  0 7.392e+02 7.392e-01  1  0   0  0   0   1         0
1860.837  1.861  0   0  2 2.789e+02 2.789e-01  2 2.503e+04 2.503e+01  1  0   0  0   0   1         0
1855.028  1.855  0   0  2 2.746e+01 2.746e-02  2 1.356e+03 1.356e+00  1  0   0  0   0   1         0
1860.478  1.860  0   0  1 1.404e+04 1.404e+01  0 1.928e+02 1.928e-01  1  0   0  0   0   1         0
1905.844  1.906  0   0  3 9.174e+03 9.174e+00  0 3.114e+03 3.114e+00  1  0   0  0   0   1         0
1931.155  1.931  0   0  6 3.060e+03 3.060e+00  6 5.612e+02 5.612e-01  1  0   0  0   0   1         0
1906.180  1.906  0   0  2 2.191e+03 2.191e+00  2 2.804e+03 2.804e+00  1  0   0  0   0   1         0
1942.713  1.943  0   0  3 1.474e+02 1.474e-01  0 7.220e+02 7.220e-01  1  0   0  0   0   1         0
1993.391  1.993  0   0  2 3.854e+03 3.854e+00  2 4.371e+04 4.371e+01  1  0   0  0   0   1         0
1979.643  1.980  0   0  2 1.829e+03 1.829e+00  2 4.125e+03 4.125e+00  1  0   0  0   0   1         0
1968.103  1.968  0   0  3 9.245e+02 9.245e-01  0 2.772e+03 2.772e+00  1  0   0  0   0   1         0
1970.611  1.971  0   0  0 5.688e+03 5.688e+00  0 8.903e+02 8.903e-01  1  0   0  0   0   1         0
2038.018  2.038  0   0  1 9.537e+03 9.537e+00  0 7.158e+03 7.158e+00  1  0   0  0   0   1         0
2052.693  2.053  0   0  2 1.867e+04 1.867e+01  2 4.126e-01 4.126e-04  1  0   0  0   0   1         0
2097.339  2.097  0   0  3 6.247e+03 6.247e+00  0 4.767e+03 4.767e+00  1  0   0  0   0   1         0
2100.280  2.100  0   0  1 1.313e+04 1.313e+01  0 6.278e+03 6.278e+00  1  0   0  0   0   1         0
2139.530  2.140  0   0  0 7.265e+03 7.265e+00  0 5.596e+03 5.596e+00  1  0   0  0   0   1         0
2198.218  2.198  0   0  5 1.260e+03 1.260e+00  0 1.882e+04 1.882e+01  1  0   0  0   0   1         0
2192.921  2.193  0   0  3 1.623e+03 1.623e+00  0 3.373e+03 3.373e+00  1  0   0  0   0   1         0
2159.557  2.160  0   0  4 1.015e+04 1.015e+01  4 1.785e+03 1.785e+00  1  0   0  0   0   1         0
2179.987  2.180  0   0  0 2.439e+03 2.439e+00  0 1.057e+04 1.057e+01  1  0   0  0   0   1         0
2233.657  2.234  0   0  2 2.456e+03 2.456e+00  2 3.771e+02 3.771e-01  1  0   0  0   0   1         0
2219.095  2.219  0   0  1 8.424e+01 8.424e-02  0 3.173e+03 3.173e+00  1  0   0  0   0   1         0
2231.192  2.231  0   0  6 5.859e+01 5.859e-02  6 2.689e+04 2.689e+01  1  0   0  0   0   1         0
2202.047  2.202  0   0  2 5.263e+03 5.263e+00  2 3.370e+04 3.370e+01  1  0   0  0   0   1         0
2296.855  2.297  0   0  0 2.584e+03 2.584e+00  0 6.338e+03 6.338e+00  1  0   0  0   0   1         0
2292.014  2.292  0   0  2 3.581e+01 3.581e-02  2 1.867e+03 1.867e+00  1  0   0  0   0   1         0
2255.985  2.256  0   0  1 1.216e+04 1.216e+01  0 2.090e+04 2.090e+01  1  0   0  0   0   1         0
2253.051  2.253  0   0  0 8.073e+03 8.073e+00  0 5.756e+03 5.756e+00  1  0   0  0   0   1         0
2291.878  2.292  0   0  6 5.240e+03 5.240e+00  6 4.029e+03 4.029e+00  1  0   0  0   0   1         0
2318.313  2.318  0   0  0 5.390e+01 5.390e-02  0 3.849e+03 3.849e+00  1  0   0  0   0   1         0
2319.816  2.320  0   0  3 1.112e+01 1.112e-02  0 8.194e+02 8.194e-01  1  0   0  0   0   1         0
2361.102  2.361  0   0  1 2.168e+01 2.168e-02  0 7.757e+01 7.757e-02  1  0   0  0   0   1         0
2376.029  2.376  0   0  3 1.690e+04 1.690e+01  0 8.051e+03 8.051e+00  1  0   0  0   0   1         0
2396.865  2.397  0   0  4 3.617e+03 3.617e+00  4 5.201e+04 5.201e+01  1  0   0  0   0   1         0
2398.881  2.399  0   0  0 4.588e+02 4.588e-01  0 5.014e+04 5.014e+01  1  0   0  0   0   1         0
2438.701  2.439  0   0  3 5.657e+03 5.657e+00  0 2.227e+02 2.227e-01  1  0   0  0   0   1         0
2427.254  2.427  0   0  2 2.322e+03 2.322e+00  2 4.418e+03 4.418e+00  1  0   0  0   0   1         0
2409.281  2.409  0   0  0 3.267e+03 3.267e+00  0 3.213e+04 3.213e+01  1  0   0  0   0   1         0
2416.240  2.416  0   0  0 9.297e+03 9.297e+00  0 1.618e+04 1.618e+01  1  0   0  0   0   1         0
2432.869  2.433  0   0  3 1.134e+04 1.134e+01  0 2.338e+03 2.338e+00  1  0   0  0   0   1         0
2483.789  2.484  0   0  2 1.624e+03 1.624e+00  2 4.948e+03 4.948e+00  1  0   0  0   0   1         0
2498.063  2.498  0   0  2 4.174e+02 4.174e-01  2 3.327e+02 3.327e-01  1  0   0  0   0   1         0
2531.543  2.532  0   0  1 7.629e+02 7.629e-01  0 2.905e+04 2.905e+01  1  0   0  0   0   1         0
2537.525  2.538  0   0  3 2.758e+02 2.758e-01  0 4.427e+03 4.427e+00  1  0   0  0   0   1         0
2544.815  2.545  0   0  1 8.545e+02 8.545e-01  0 5.914e+03 5.914e+00  1  0   0  0   0   1         0
2513.802  2.514  0   0  0 2.081e+03 2.081e+00  0 1.373e+04 1.373e+01  1  0   0  0   0   1         0
2505.622  2.506  0   0  2 9.212e+03 9.212e+00  2 2.518e+03 2.518e+00  1  0   0  0   0   1         0
2547.838  2.548  0   0  2 1.382e+03 1.382e+00  2 1.398e+04 1.398e+01  1  0   0  0   0   1         0
2507.835  2.508  0   0  1 1.540e+02 1.540e-01  0 1.775e+03 1.775e+00  1  0   0  0   0   1         0
2561.952  2.562  0   0  2 4.016e+03 4.016e+00  2 3.052e+04 3.052e+01  1  0   0  0   0   1         0
2588.307  2.588  0   0  4 2.245e+00 2.245e-03  4 4.726e+03 4.726e+00  1  0   0  0   0   1         0
2596.554  2.597  0   0  2 2.770e+03 2.770e+00  2 2.284e+02 2.284e-01  1  0   0  0   0   1         0
2639.782  2.640  0   0  2 7.891e+02 7.891e-01  2 7.369e+02 7.369e-01  1  0   0  0   0   1         0
2642.495  2.642  0   0  6 1.459e+03 1.459e+00  6 1.017e+04 1.017e+01  1  0   0  0   0   1         0
2649.745  2.650  0   0  1 8.793e+03 8.793e+00  0 3.662e+04 3.662e+01  1  0   0  0   0   1         0
2643.734  2.644  0   0  3 8.911e+03 8.911e+00  0 1.476e+03 1.476e+00  1  0   0  0   0   1         0
2644.573  2.645  0   0  1 1.662e+03 1.662e+00  0 1.238e+03 1.238e+00  1  0   0  0   0   1         0
2615.893  2.616  0   0  4 1.286e+03 1.286e+00  4 6.434e+03 6.434e+00  1  0   0  0   0   1         0
2620.278  2.620  0   0  1 7.126e+01 7.126e-02  0 1.367e+04 1.367e+01  1  0   0  0   0   1         0
2613.564  2.614  0   0  1 3.435e+02 3.435e-01  0 4.446e+03 4.446e+00  1  0   0  0   0   1         0
2630.507  2.631  0   0  3 4.918e+03 4.918e+00  0 3.281e+03 3.281e+00  1  0   0  0   0   1         0
2646.986  2.647  0   0  5 5.434e+02 5.434e-01  0 1.417e+04 1.417e+01  1  0   0  0   0   1         0
2617.416  2.617  0   0  2 3.616e+02 3.616e-01  2 1.740e+04 1.740e+01  1  0   0  0   0   1         0
2690.259  2.690  0   0  6 1.453e+03 1.453e+00  6 2.302e+04 2.302e+01  1  0   0  0   0   1         0
2663.455  2.663  0   0  0 2.357e+02 2.357e-01  0 1.627e+04 1.627e+01  1  0   0  0   0   1         0
2663.864  2.664  0   0  5 1.098e+04 1.098e+01  0 1.003e+03 1.003e+00  1  0   0  0   0   1         0
2662.886  2.663  0   0  5 8.405e+02 8.405e-01  0 1.454e+04 1.454e+01  1  0   0  0   0   1         0
2656.844  2.657  0   0  4 2.154e+04 2.154e+01  4 3.765e+03 3.765e+00  1  0   0  0   0   1         0
2726.562  2.727  0   0  1 1.248e+02 1.248e-01  0 4.891e+03 4.891e+00  1  0   0  0   0   1         0
2737.382  2.737  0   0  3 1.403e+03 1.403e+00  0 1.302e+04 1.302e+01  1  0   0  0   0   1         0
2741.136  2.741  0   0  2 3.195e+02 3.195e-01  2 6.065e+04 6.065e+01  1  0   0  0   0   1         0
2737.609  2.738  0   0  5 3.937e+03 3.937e+00  0 3.289e+03 3.289e+00  1  0   0  0   0   1         0
2764.353  2.764  0   0  1 7.099e+03 7.099e+00  0 7.425e+03 7.425e+00  1  0   0  0   0   1         0
2789.512  2.790  0   0  4 5.374e+00 5.374e-03  4 1.164e+04 1.164e+01  1  0   0  0   0   1         0
2769.314  2.769  0   0  2 2.740e+01 2.740e-02  2 2.580e+04 2.580e+01  1  0   0  0   0   1         0
2799.013  2.799  0   0  2 6.433e+03 6.433e+00  2 2.606e+04 2.606e+01  1  0   0  0   0   1         0
2794.251  2.794  0   0  5 4.191e+02 4.191e-01  0 1.598e+04 1.598e+01  1  0   0  0   0   1         0
2811.665  2.812  0   0  3 3.893e+03 3.893e+00  0 5.488e+03 5.488e+00  1  0   0  0   0   1         0
2801.378  2.801  0   0  2 1.401e+04 1.401e+01  2 2.364e+03 2.364e+00  1  0   0  0   0   1         0
2847.954  2.848  0   0  1 3.409e+04 3.409e+01  0 3.946e+04 3.946e+01  1  0   0  0   0   1         0
2858.555  2.859  0   0  1 9.562e+03 9.562e+00  0 1.560e+04 1.560e+01  1  0   0  0   0   1         0
2860.706  2.861  0   0  5 3.941e+03 3.941e+00  0 1.168e+04 1.168e+01  1  0   0  0   0   1         0
2854.558  2.855  0   0  1 1.966e+03 1.966e+00  0 1.744e+04 1.744e+01  1  0   0  0   0   1         0
2856.080  2.856  0   0  1 5.455e+02 5.455e-01  0 2.109e+03 2.109e+00  1  0   0  0   0   1         0
2853.612  2.854  0   0  5 5.433e+01 5.433e-02  0 1.831e+03 1.831e+00  1  0   0  0   0   1         0
2899.498  2.899  0   0  3 1.653e+04 1.653e+01  0 6.374e+03 6.374e+00  1  0   0  0   0   1         0
2853.751  2.854  0   0  2 3.678e+03 3.678e+00  2 7.970e+03 7.970e+00  1  0   0  0   0   1         0
2934.820  2.935  0   0  1 1.748e+03 1.748e+00  0 1.087e+03 1.087e+00  1  0   0  0   0   1         0
2933.886  2.934  0   0  2 6.770e+03 6.770e+00  2 4.820e+03 4.820e+00  1  0   0  0   0   1         0
2934.275  2.934  0   0  5 2.174e+03 2.174e+00  0 7.294e+03 7.294e+00  1  0   0  0   0   1         0
2903.750  2.904  0   0  0 2.393e+03 2.393e+00  0 3.938e+04 3.938e+01  1  0   0  0   0   1         0
2922.510  2.923  0   0  2 2.884e+04 2.884e+01  2 6.329e+02 6.329e-01  1  0   0  0   0   1         0
2920.616  2.921  0   0  0 2.901e-03 2.901e-06  0 1.520e+04 1.520e+01  1  0   0  0   0   1         0
2904.390  2.904  0   0  0 2.976e+03 2.976e+00  0 4.763e+04 4.763e+01  1  0   0  0   0   1         0
2981.486  2.981  0   0  4 4.783e+02 4.783e-01  4 4.840e+03 4.840e+00  1  0   0  0   0   1         0
2966.457  2.966  0   0  4 7.398e+02 7.398e-01  4 1.337e+03 1.337e+00  1  0   0  0   0   1         0
2982.229  2.982  0   0  8 3.950e+03 3.950e+00  8 4.378e+04 4.378e+01  1  0   0  0   0   1         0
2970.773  2.971  0   0  2 9.869e+03 9.869e+00  2 3.741e+03 3.741e+00  1  0   0  0   0   1         0
3049.257  3.049  0   0  3 1.499e+03 1.499e+00  0 2.152e+03 2.152e+00  1  0   0  0   0   1         0
3045.333  3.045  0   0  0 3.201e+02 3.201e-01  0 3.852e+03 3.852e+00  1  0   0  0   0   1         0
3039.975  3.040  0   0  4 8.996e+02 8.996e-01  4 9.124e+03 9.124e+00  1  0   0  0   0   1         0
3013.521  3.014  0   0  0 2.713e+01 2.713e-02  0 9.128e+00 9.128e-03  1  0   0  0   0   1         0
3016.114  3.016  0   0  1 3.453e+03 3.453e+00  0 1.801e+04 1.801e+01  1  0   0  0   0   1         0
3027.445  3.027  0   0  0 2.867e+02 2.867e-01  0 5.896e+03 5.896e+00  1  0   0  0   0   1         0
3028.119  3.028  0   0  1 4.314e+03 4.314e+00  0 7.217e+03 7.217e+00  1  0   0  0   0   1         0
3025.357  3.025  0   0  2 8.104e+02 8.104e-01  2 2.502e+03 2.502e+00  1  0   0  0   0   1         0
3052.312  3.052  0   0  4 5.403e+03 5.403e+00  4 4.365e+03 4.365e+00  1  0   0  0   0   1         0
3067.684  3.068  0   0  1 1.627e+01 1.627e-02  0 4.002e+03 4.002e+00  1  0   0  0   0   1         0
3085.636  3.086  0   0  1 9.411e+03 9.411e+00  0 7.842e+02 7.842e-01  1  0   0  0   0   1         0
3050.928  3.051  0   0  0 1.885e+04 1.885e+01  0 2.809e+00 2.809e-03  1  0   0  0   0   1         0
3072.038  3.072  0   0  6 1.602e+04 1.602e+01  6 2.346e+04 2.346e+01  1  0   0  0   0   1         0
3082.274  3.082  0   0  3 1.565e+03 1.565e+00  0 4.562e+02 4.562e-01  1  0   0  0   0   1         0
3080.597  3.081  0   0  0 5.864e+03 5.864e+00  0 4.318e+03 4.318e+00  1  0   0  0   0   1         0
3088.888  3.089  0   0  1 1.224e+03 1.224e+00  0 9.326e+02 9.326e-01  1  0   0  0   0   1         0
3147.145  3.147  0   0  1 4.972e+03 4.972e+00  0 4.387e+02 4.387e-01  1  0   0  0   0   1         0
3136.769  3.137  0   0  3 1.037e+03 1.037e+00  0 4.370e+03 4.370e+00  1  0   0  0   0   1         0
3110.816  3.111  0   0  1 1.009e+03 1.009e+00  0 5.240e+03 5.240e+00  1  0   0  0   0   1         0
3143.016  3.143  0   0  2 2.543e+04 2.543e+01  2 2.598e+02 2.598e-01  1  0   0  0   0   1         0
3118.985  3.119  0   0  2 1.803e+02 1.803e-01  2 1.589e+03 1.589e+00  1  0   0  0   0   1         0
3142.626  3.143  0   0  2 1.543e+03 1.543e+00  2 1.512e+03 1.512e+00  1  0   0  0   0   1         0
3112.144  3.112  0   0  3 1.255e+03 1.255e+00  0 2.284e+02 2.284e-01  1  0   0  0   0   1         0
3131.008  3.131  0   0  1 8.714e+03 8.714e+00  0 5.462e+03 5.462e+00  1  0   0  0   0   1         0
3146.355  3.146  0   0  0 2.387e+03 2.387e+00  0 1.626e+04 1.626e+01  1  0   0  0   0   1         0
3151.120  3.151  0   0  3 1.961e+04 1.961e+01  0 3.829e+03 3.829e+00  1  0   0  0   0   1         0
3180.144  3.180  0   0  1 1.016e+03 1.016e+00  0 5.095e+00 5.095e-03  1  0   0  0   0   1         0
3188.249  3.188  0   0  4 9.430e+02 9.430e-01  4 3.315e+02 3.315e-01  1  0   0  0   0   1         0
3164.304  3.164  0   0  6 6.351e+02 6.351e-01  6 1.591e+02 1.591e-01  1  0   0  0   0   1         0
3189.430  3.189  0   0  5 2.269e+03 2.269e+00  0 1.296e+03 1.296e+00  1  0   0  0   0   1         0
3243.014  3.243  0   0  2 2.541e+03 2.541e+00  2 6.726e+02 6.726e-01  1  0   0  0   0   1         0
3222.489  3.222  0   0  0 1.380e+03 1.380e+00  0 1.012e+04 1.012e+01  1  0   0  0   0   1         0
3214.037  3.214  0   0  3 6.240e+02 6.240e-01  0 2.354e+03 2.354e+00  1  0   0  0   0   1         0
3242.812  3.243  0   0  2 1.173e+03 1.173e+00  2 6.455e+03 6.455e+00  1  0   0  0   0   1         0
3295.032  3.295  0   0  0 5.111e+02 5.111e-01  0 3.307e+02 3.307e-01  1  0   0  0   0   1         0
3267.202  3.267  0   0  6 3.453e+03 3.453e+00  6 1.173e+04 1.173e+01  1  0   0  0   0   1         0
3308.184  3.308  0   0  0 1.053e+02 1.053e-01  0 1.509e+03 1.509e+00  1  0   0  0   0   1         0
3326.034  3.326  0   0  2 1.333e+03 1.333e+00  2 1.229e+01 1.229e-02  1  0   0  0   0   1         0
3326.738  3.327  0   0  4 2.285e+03 2.285e+00  4 1.914e+03 1.914e+00  1  0   0  0   0   1         0
3308.940  3.309  0   0  4 1.055e+04 1.055e+01  4 3.649e+03 3.649e+00  1  0   0  0   0   1         0
3330.727  3.331  0   0  4 8.552e+02 8.552e-01  4 1.722e+02 1.722e-01  1  0   0  0   0   1         0
3300.710  3.301  0   0  3 1.050e+01 1.050e-02  0 1.769e+04 1.769e+01  1  0   0  0   0   1         0
3346.404  3.346  0   0  5 8.612e+01 8.612e-02  0 2.983e+03 2.983e+00  1  0   0  0   0   1         0
3313.288  3.313  0   0  5 6.569e+02 6.569e-01  0 3.510e+03 3.510e+00  1  0   0  0   0   1         0
3375.200  3.375  0   0  1 2.926e+03 2.926e+00  0 2.020e+04 2.020e+01  1  0   0  0   0   1         0
3370.960  3.371  0   0  6 7.630e+03 7.630e+00  6 3.906e+02 3.906e-01  1  0   0  0   0   1         0
3362.926  3.363  0   0  1 9.095e+03 9.095e+00  0 1.342e+03 1.342e+00  1  0   0  0   0   1         0
3375.209  3.375  0   0  0 2.903e+03 2.903e+00  0 6.699e+01 6.699e-02  1  0   0  0   0   1         0
3357.629  3.358  0   0  4 4.099e+01 4.099e-02  4 1.293e+03 1.293e+00  1  0   0  0   0   1         0
3405.965  3.406  0   0  1 1.761e+03 1.761e+00  0 2.098e+02 2.098e-01  1  0   0  0   0   1         0
3446.870  3.447  0   0  2 1.841e+04 1.841e+01  2 2.515e+02 2.515e-01  1  0   0  0   0   1         0
3444.764  3.445  0   0  6 8.903e+02 8.903e-01  6 3.960e+03 3.960e+00  1  0   0  0   0   1         0
3409.344  3.409  0   0  1 1.511e+04 1.511e+01  0 1.130e+04 1.130e+01  1  0   0  0   0   1         0
3451.948  3.452  0   0  2 7.922e+02 7.922e-01  2 2.632e+03 2.632e+00  1  0   0  0   0   1         0
3482.753  3.483  0   0  2 3.487e+02 3.487e-01  2 8.083e+03 8.083e+00  1  0   0  0   0   1         0
3467.016  3.467  0   0  1 2.574e+03 2.574e+00  0 6.599e+04 6.599e+01  1  0   0  0   0   1         0
3482.839  3.483  0   0  5 7.986e+03 7.986e+00  0 3.561e+03 3.561e+00  1  0   0  0   0   1         0
3454.726  3.455  0   0  7 6.488e+03 6.488e+00  0 1.226e+04 1.226e+01  1  0   0  0   0   1         0
3497.506  3.498  0   0  3 3.538e+03 3.538e+00  0 2.245e+04 2.245e+01  1  0   0  0   0   1         0
3487.480  3.487  0   0  0 2.815e+03 2.815e+00  0 2.504e+04 2.504e+01  1  0   0  0   0   1         0
3493.845  3.494  0   0  2 3.180e+02 3.180e-01  2 1.122e+04 1.122e+01  1  0   0  0   0   1         0
3456.858  3.457  0   0  0 1.400e+04 1.400e+01  0 7.721e+02 7.721e-01  1  0   0  0   0   1         0
3466.072  3.466  0   0  6 5.319e+03 5.319e+00  6 1.830e+03 1.830e+00  1  0   0  0   0   1         0
3468.485  3.468  0   0  0 5.829e+03 5.829e+00  0 4.564e-01 4.564e-04  1  0   0  0   0   1         0
3547.458  3.547  0   0  3 1.508e+04 1.508e+01  0 2.862e+03 2.862e+00  1  0   0  0   0   1         0
3537.878  3.538  0   0  1 6.890e+03 6.890e+00  0 8.677e+01 8.677e-02  1  0   0  0   0   1         0
3523.654  3.524  0   0  0 6.204e+02 6.204e-01  0 6.499e+03 6.499e+00  1  0   0  0   0   1         0
3524.374  3.524  0   0  3 1.276e+03 1.276e+00  0 3.715e+02 3.715e-01  1  0   0  0   0   1         0
3521.878  3.522  0   0  3 1.224e+04 1.224e+01  0 6.346e+03 6.346e+00  1  0   0  0   0   1         0
3516.296  3.516  0   0  1 4.297e+01 4.297e-02  0 1.605e+03 1.605e+00  1  0   0  0   0   1         0
3526.158  3.526  0   0  0 1.180e+04 1.180e+01  0 1.530e+02 1.530e-01  1  0   0  0   0   1         0
3521.628  3.522  0   0  0 1.116e+04 1.116e+01  0 1.735e+04 1.735e+01  1  0   0  0   0   1         0
3575.104  3.575  0   0  1 1.575e+03 1.575e+00  0 5.269e+03 5.269e+00  1  0   0  0   0   1         0
3599.458  3.599  0   0  1 8.388e+02 8.388e-01  0 2.578e+03 2.578e+00  1  0   0  0   0   1         0
3557.543  3.558  0   0  5 4.993e+03 4.993e+00  0 1.436e+00 1.436e-03  1  0   0  0   0   1         0
3591.575  3.592  0   0  4 6.384e+03 6.384e+00  4 7.006e+03 7.006e+00  1  0   0  0   0   1         0
3552.601  3.553  0   0  2 1.075e+00 1.075e-03  2 6.945e+02 6.945e-01  1  0   0  0   0   1         0
3573.954  3.574  0   0  3 3.313e+03 3.313e+00  0 1.407e+04 1.407e+01  1  0   0  0   0   1         0
3594.345  3.594  0   0  4 5.496e+02 5.496e-01  4 1.711e+03 1.711e+00  1  0   0  0   0   1         0
3583.324  3.583  0   0  6 4.739e+03 4.739e+00  6 3.362e+03 3.362e+00  1  0   0  0   0   1         0
3584.322  3.584  0   0  2 1.035e+02 1.035e-01  2 7.581e+02 7.581e-01  1  0   0  0   0   1         0
3604.871  3.605  0   0  3 2.679e+04 2.679e+01  0 9.458e+03 9.458e+00  1  0   0  0   0   1         0
3645.039  3.645  0   0  4 3.682e+02 3.682e-01  4 4.482e+03 4.482e+00  1  0   0  0   0   1         0
3636.341  3.636  0   0  0 1.469e+03 1.469e+00  0 6.811e+03 6.811e+00  1  0   0  0   0   1         0
3603.449  3.603  0   0  3 3.992e+03 3.992e+00  0 8.010e+03 8.010e+00  1  0   0  0   0   1         0
3634.652  3.635  0   0  3 9.204e+01 9.204e-02  0 5.396e+03 5.396e+00  1  0   0  0   0   1         0
3631.647  3.632  0   0  3 7.347e+01 7.347e-02  0 9.510e+02 9.510e-01  1  0   0  0   0   1         0
3637.919  3.638  0   0  4 3.273e+03 3.273e+00  4 2.217e+03 2.217e+00  1  0   0  0   0   1         0
3641.450  3.641  0   0  5 5.693e+03 5.693e+00  0 3.956e+02 3.956e-01  1  0   0  0   0   1         0
3635.974  3.636  0   0  2 2.289e+04 2.289e+01  2 1.067e+03 1.067e+00  1  0   0  0   0   1         0
3629.377  3.629  0   0  1 8.972e+03 8.972e+00  0 1.545e+04 1.545e+01  1  0   0  0   0   1         0
3616.185  3.616  0   0  0 3.483e+03 3.483e+00  0 3.996e+04 3.996e+01  1  0   0  0   0   1         0
3676.177  3.676  0   0  0 4.762e+03 4.762e+00  0 2.080e+04 2.080e+01  1  0   0  0   0   1         0
3677.682  3.678  0   0  0 2.196e+04 2.196e+01  0 5.506e+03 5.506e+00  1  0   0  0   0   1         0
3660.634  3.661  0   0  2 1.584e+03 1.584e+00  2 1.811e+02 1.811e-01  1  0   0  0   0   1         0
3691.014  3.691  0   0  4 1.912e+02 1.912e-01  4 5.875e+03 5.875e+00  1  0   0  0   0   1         0
3675.000  3.675  0   0  0 2.897e+03 2.897e+00  0 8.057e+03 8.057e+00  1  0   0  0   0   1         0
3707.585  3.708  0   0  4 1.716e+03 1.716e+00  4 1.207e+03 1.207e+00  1  0   0  0   0   1         0
3745.693  3.746  0   0  2 9.185e+02 9.185e-01  2 5.751e+03 5.751e+00  1  0   0  0   0   1         0
3745.149  3.745  0   0  3 6.188e+02 6.188e-01  0 1.858e+01 1.858e-02  1  0   0  0   0   1         0
3741.493  3.741  0   0  3 6.343e+03 6.343e+00  0 7.352e+03 7.352e+00  1  0   0  0   0   1         0
3731.628  3.732  0   0  0 8.980e+01 8.980e-02  0 6.091e+03 6.091e+00  1  0   0  0   0   1         0
3731.072  3.731  0   0  4 2.693e+03 2.693e+00  4 1.088e+04 1.088e+01  1  0   0  0   0   1         0
3732.024  3.732  0   0  0 1.006e+04 1.006e+01  0 3.835e+03 3.835e+00  1  0   0  0   0   1         0
3734.584  3.735  0   0  0 1.829e+03 1.829e+00  0 1.509e+04 1.509e+01  1  0   0  0   0   1         0
3700.829  3.701  0   0  3 1.391e+02 1.391e-01  0 3.663e+04 3.663e+01  1  0   0  0   0   1         0
3747.916  3.748  0   0  2 2.248e+04 2.248e+01  2 3.271e+03 3.271e+00  1  0   0  0   0   1         0
3729.347  3.729  0   0  2 6.548e+03 6.548e+00  2 4.020e+02 4.020e-01  1  0   0  0   0   1         0
3761.677  3.762  0   0  1 1.167e+04 1.167e+01  0 3.348e+04 3.348e+01  1  0   0  0   0   1         0
3783.363  3.783  0   0  6 4.686e+02 4.686e-01  6 2.270e+03 2.270e+00  1  0   0  0   0   1         0
3767.623  3.768  0   0  1 6.107e+01 6.107e-02  0 3.008e+04 3.008e+01  1  0   0  0   0   1         0
3794.360  3.794  0   0  3 1.651e+03 1.651e+00  0 8.471e+02 8.471e-01  1  0   0  0   0   1         0
3791.003  3.791  0   0  1 5.524e+03 5.524e+00  0 6.532e+03 6.532e+00  1  0   0  0   0   1         0
3774.710  3.775  0   0  1 1.339e+04 1.339e+01  0 1.764e+04 1.764e+01  1  0   0  0   0   1         0
3788.692  3.789  0   0  5 8.885e+03 8.885e+00  0 3.967e+03 3.967e+00  1  0   0  0   0   1         0
3763.611  3.764  0   0  2 2.922e+03 2.922e+00  2 9.860e+02 9.860e-01  1  0   0  0   0   1         0
3774.781  3.775  0   0  2 1.396e+03 1.396e+00  2 4.675e+03 4.675e+00  1  0   0  0   0   1         0
3844.783  3.845  0   0  3 2.004e+03 2.004e+00  0 1.358e+04 1.358e+01  1  0   0  0   0   1         0
3803.523  3.804  0   0  4 1.116e+04 1.116e+01  4 6.742e+03 6.742e+00  1  0   0  0   0   1         0
3828.807  3.829  0   0  4 5.125e+02 5.125e-01  4 1.259e+03 1.259e+00  1  0   0  0   0   1         0
3823.431  3.823  0   0  6 1.307e+03 1.307e+00  6 5.321e+02 5.321e-01  1  0   0  0   0   1         0
3830.778  3.831  0   0  0 1.390e+03 1.390e+00  0 1.051e+04 1.051e+01  1  0   0  0   0   1         0
3822.431  3.822  0   0  2 8.807e+03 8.807e+00  2 4.244e+03 4.244e+00  1  0   0  0   0   1         0
3819.997  3.820  0   0  1 2.610e+02 2.610e-01  0 1.206e+03 1.206e+00  1  0   0  0   0   1         0
3823.661  3.824  0   0  5 4.607e+02 4.607e-01  0 6.064e+03 6.064e+00  1  0   0  0   0   1         0
3829.166  3.829  0   0  4 1.135e+03 1.135e+00  4 5.455e+02 5.455e-01  1  0   0  0   0   1         0
3889.280  3.889  0   0  2 2.962e+02 2.962e-01  2 1.137e+04 1.137e+01  1  0   0  0   0   1         0
3856.865  3.857  0   0  0 1.056e+04 1.056e+01  0 1.488e+04 1.488e+01  1  0   0  0   0   1         0
3869.737  3.870  0   0  4 3.824e+02 3.824e-01  4 9.818e+02 9.818e-01  1  0   0  0   0   1         0
3894.671  3.895  0   0  4 5.866e+01 5.866e-02  4 1.753e+04 1.753e+01  1  0   0  0   0   1         0
3850.136  3.850  0   0  3 4.583e+03 4.583e+00  0 9.005e+03 9.005e+00  1  0   0  0   0   1         0
3864.994  3.865  0   0  0 2.306e+04 2.306e+01  0 9.914e+03 9.914e+00  1  0   0  0   0   1         0
3877.818  3.878  0   0  8 2.353e+02 2.353e-01  8 3.000e+04 3.000e+01  1  0   0  0   0   1         0
3866.764  3.867  0   0  4 1.131e+03 1.131e+00  4 3.537e+02 3.537e-01  1  0   0  0   0   1         0
3863.655  3.864  0   0  0 3.930e+03 3.930e+00  0 9.077e+02 9.077e-01  1  0   0  0   0   1         0
3934.399  3.934  0   0  2 4.690e+03 4.690e+00  2 7.269e+01 7.269e-02  1  0   0  0   0   1         0
3927.024  3.927  0   0  0 5.385e+02 5.385e-01  0 1.269e+04 1.269e+01  1  0   0  0   0   1         0
3946.764  3.947  0   0  0 1.817e+01 1.817e-02  0 1.548e+01 1.548e-02  1  0   0  0   0   1         0
3919.333  3.919  0   0  1 3.317e+03 3.317e+00  0 1.008e+04 1.008e+01  1  0   0  0   0   1         0
3941.829  3.942  0   0  6 1.945e+03 1.945e+00  6 1.897e+04 1.897e+01  1  0   0  0   0   1         0
3903.775  3.904  0   0  1 1.830e+03 1.830e+00  0 2.048e+04 2.048e+01  1  0   0  0   0   1         0
3937.042  3.937  0   0  3 4.133e+03 4.133e+00  0 1.660e+04 1.660e+01  1  0   0  0   0   1         0
3949.425  3.949  0   0  2 5.411e+02 5.411e-01  2 6.884e+03 6.884e+00  1  0   0  0   0   1         0
3942.364  3.942  0   0  0 7.006e+03 7.006e+00  0 2.796e+03 2.796e+00  1  0   0  0   0   1         0
3929.048  3.929  0   0  4 9.252e+02 9.252e-01  4 4.685e+04 4.685e+01  1  0   0  0   0   1         0
3931.400  3.931  0   0  2 6.375e+03 6.375e+00  2 3.322e+03 3.322e+00  1  0   0  0   0   1         0
3965.943  3.966  0   0  1 1.262e+02 1.262e-01  0 1.458e+03 1.458e+00  1  0   0  0   0   1         0
3955.237  3.955  0   0  3 8.809e-03 8.809e-06  0 1.693e+02 1.693e-01  1  0   0  0   0   1         0
3970.806  3.971  0   0  1 5.277e+00 5.277e-03  0 7.546e+03 7.546e+00  1  0   0  0   0   1         0
3956.221  3.956  0   0  0 3.696e+03 3.696e+00  0 2.851e+03 2.851e+00  1  0   0  0   0   1         0
3970.585  3.971  0   0  0 4.115e+03 4.115e+00  0 6.418e+01 6.418e-02  1  0   0  0   0   1         0
3977.911  3.978  0   0  3 5.230e+03 5.230e+00  0 5.527e+03 5.527e+00  1  0   0  0   0   1         0
3996.552  3.997  0   0  2 2.159e+02 2.159e-01  2 2.413e+04 2.413e+01  1  0   0  0   0   1         0
3951.820  3.952  0   0  3 2.331e+02 2.331e-01  0 6.961e+01 6.961e-02  1  0   0  0   0   1         0
3981.134  3.981  0   0  3 3.203e+03 3.203e+00  0 1.091e+04 1.091e+01  1  0   0  0   0   1         0
3972.952  3.973  0   0  1 2.895e+03 2.895e+00  0 9.559e+03 9.559e+00  1  0   0  0   0   1         0
3951.018  3.951  0   0  1 6.630e+01 6.630e-02  0 2.421e+00 2.421e-03  1  0   0  0   0   1         0
4011.318  4.011  0   0  6 1.282e+04 1.282e+01  6 1.577e+04 1.577e+01  1  0   0  0   0   1         0
4040.908  4.041  0   0  5 2.414e+03 2.414e+00  0 1.189e+03 1.189e+00  1  0   0  0   0   1         0
4008.589  4.009  0   0  4 3.256e+03 3.256e+00  4 5.743e+03 5.743e+00  1  0   0  0   0   1         0
4014.406  4.014  0   0  1 3.023e+03 3.023e+00  0 4.257e+03 4.257e+00  1  0   0  0   0   1         0
4021.184  4.021  0   0  0 1.988e+04 1.988e+01  0 1.971e+04 1.971e+01  1  0   0  0   0   1         0
4016.464  4.016  0   0  3 5.511e+03 5.511e+00  0 7.650e+03 7.650e+00  1  0   0  0   0   1         0
4040.093  4.040  0   0  0 3.449e+03 3.449e+00  0 1.126e+03 1.126e+00  1  0   0  0   0   1         0
4077.706  4.078  0   0  3 2.893e+03 2.893e+00  0 9.094e+03 9.094e+00  1  0   0  0   0   1         0
4058.161  4.058  0   0  7 8.647e+01 8.647e-02  0 7.062e+03 7.062e+00  1  0   0  0   0   1         0
4080.771  4.081  0   0  4 6.415e+01 6.415e-02  4 6.945e+03 6.945e+00  1  0   0  0   0   1         0
4089.716  4.090  0   0  0 6.467e+03 6.467e+00  0 3.041e+04 3.041e+01  1  0   0  0   0   1         0
4091.247  4.091  0   0  3 6.977e+02 6.977e-01  0 2.058e+03 2.058e+00  1  0   0  0   0   1         0
4065.705  4.066  0   0  2 6.214e+03 6.214e+00  2 6.423e+03 6.423e+00  1  0   0  0   0   1         0
4107.189  4.107  0   0  2 7.833e+03 7.833e+00  2 1.247e+03 1.247e+00  1  0   0  0   0   1         0
4113.547  4.114  0   0  8 5.270e+03 5.270e+00  8 4.807e-01 4.807e-04  1  0   0  0   0   1         0
4143.104  4.143  0   0  3 1.296e+03 1.296e+00  0 1.487e+04 1.487e+01  1  0   0  0   0   1         0
4130.363  4.130  0   0  4 4.008e+03 4.008e+00  4 1.196e+03 1.196e+00  1  0   0  0   0   1         0
4154.964  4.155  0   0  3 1.755e+03 1.755e+00  0 2.904e+04 2.904e+01  1  0   0  0   0   1         0
4182.643  4.183  0   0  2 1.509e+03 1.509e+00  2 1.273e+04 1.273e+01  1  0   0  0   0   1         0
4189.306  4.189  0   0  0 2.963e+04 2.963e+01  0 1.226e+04 1.226e+01  1  0   0  0   0   1         0
4180.960  4.181  0   0  5 1.024e+03 1.024e+00  0 7.500e+03 7.500e+00  1  0   0  0   0   1         0
4175.020  4.175  0   0  1 1.166e+02 1.166e-01  0 1.611e+04 1.611e+01  1  0   0  0   0   1         0
4181.097  4.181  0   0  1 3.787e+02 3.787e-01  0 5.833e+03 5.833e+00  1  0   0  0   0   1         0
4157.710  4.158  0   0  5 1.742e+04 1.742e+01  0 6.433e+04 6.433e+01  1  0   0  0   0   1         0
4160.945  4.161  0   0  0 6.276e+01 6.276e-02  0 1.284e+03 1.284e+00  1  0   0  0   0   1         0
4163.689  4.164  0   0  6 3.433e+02 3.433e-01  6 1.460e+04 1.460e+01  1  0   0  0   0   1         0
4234.005  4.234  0   0  0 4.567e+03 4.567e+00  0 2.137e+03 2.137e+00  1  0   0  0   0   1         0
4216.783  4.217  0   0  2 3.259e+02 3.259e-01  2 5.715e+03 5.715e+00  1  0   0  0   0   1         0
4232.535  4.233  0   0  3 2.284e+04 2.284e+01  0 3.321e+04 3.321e+01  1  0   0  0   0   1         0
4209.479  4.209  0   0  0 5.643e+03 5.643e+00  0 2.253e+04 2.253e+01  1  0   0  0   0   1         0
4246.939  4.247  0   0  4 9.548e+03 9.548e+00  4 1.293e+04 1.293e+01  1  0   0  0   0   1         0
4215.289  4.215  0   0  5 3.342e+03 3.342e+00  0 2.964e+02 2.964e-01  1  0   0  0   0   1         0
4212.939  4.213  0   0  1 4.434e+01 4.434e-02  0 3.932e+02 3.932e-01  1  0   0  0   0   1         0
4235.749  4.236  0   0  3 4.923e+03 4.923e+00  0 6.877e+02 6.877e-01  1  0   0  0   0   1         0
4233.033  4.233  0   0  3 4.794e+04 4.794e+01  0 1.158e+04 1.158e+01  1  0   0  0   0   1         0
4222.798  4.223  0   0  3 1.451e+01 1.451e-02  0 4.978e+03 4.978e+00  1  0   0  0   0   1         0
4231.839  4.232  0   0  1 2.171e+03 2.171e+00  0 6.438e+01 6.438e-02  1  0   0  0   0   1         0
4286.529  4.287  0   0  3 4.099e+03 4.099e+00  0 6.028e+03 6.028e+00  1  0   0  0   0   1         0
4293.308  4.293  0   0  0 2.012e+04 2.012e+01  0 3.976e+04 3.976e+01  1  0   0  0   0   1         0
4257.277  4.257  0   0  3 1.944e+04 1.944e+01  0 2.529e-01 2.529e-04  1  0   0  0   0   1         0
4264.603  4.265  0   0  0 8.173e+01 8.173e-02  0 1.110e+04 1.110e+01  1  0   0  0   0   1         0
4259.895  4.260  0   0  3 1.927e+02 1.927e-01  0 1.523e+03 1.523e+00  1  0   0  0   0   1         0
4251.367  4.251  0   0  1 8.787e+03 8.787e+00  0 1.082e+04 1.082e+01  1  0   0  0   0   1         0
4277.895  4.278  0   0  4 4.103e+03 4.103e+00  4 3.734e+03 3.734e+00  1  0   0  0   0   1         0
4326.133  4.326  0   0  5 8.086e+02 8.086e-01  0 6.058e+03 6.058e+00  1  0   0  0   0   1         0
4305.076  4.305  0   0  4 1.319e+04 1.319e+01  4 1.420e+03 1.420e+00  1  0   0  0   0   1         0
4308.334  4.308  0   0  0 8.427e+03 8.427e+00  0 1.844e+03 1.844e+00  1  0   0  0   0   1         0
4306.729  4.307  0   0  0 5.655e+01 5.655e-02  0 9.965e+01 9.965e-02  1  0   0  0   0   1         0
4347.743  4.348  0   0  1 4.676e+02 4.676e-01  0 1.478e+04 1.478e+01  1  0   0  0   0   1         0
4314.423  4.314  0   0  0 3.994e+03 3.994e+00  0 1.124e+04 1.124e+01  1  0   0  0   0   1         0
4317.961  4.318  0   0  2 2.568e+03 2.568e+00  2 2.143e+02 2.143e-01  1  0   0  0   0   1         0
4316.296  4.316  0   0  0 6.829e+02 6.829e-01  0 7.036e+02 7.036e-01  1  0   0  0   0   1         0
4344.991  4.345  0   0  3 1.688e+03 1.688e+00  0 4.674e+03 4.674e+00  1  0   0  0   0   1         0
4328.363  4.328  0   0  6 6.637e+03 6.637e+00  6 4.838e+04 4.838e+01  1  0   0  0   0   1         0
4362.959  4.363  0   0  1 3.679e+01 3.679e-02  0 2.004e+02 2.004e-01  1  0   0  0   0   1         0
4399.971  4.400  0   0  1 1.397e+00 1.397e-03  0 1.142e+04 1.142e+01  1  0   0  0   0   1         0
4386.104  4.386  0   0  3 1.071e+04 1.071e+01  0 2.332e+04 2.332e+01  1  0   0  0   0   1         0
4352.407  4.352  0   0  1 2.289e+04 2.289e+01  0 1.328e+01 1.328e-02  1  0   0  0   0   1         0
4353.144  4.353  0   0  2 1.110e+03 1.110e+00  2 2.911e+04 2.911e+01  1  0   0  0   0   1         0
4351.296  4.351  0   0  3 1.040e+03 1.040e+00  0 4.804e+02 4.804e-01  1  0   0  0   0   1         0
4380.183  4.380  0   0  3 4.539e+03 4.539e+00  0 6.935e+03 6.935e+00  1  0   0  0   0   1         0
4353.635  4.354  0   0  2 9.710e+00 9.710e-03  2 2.900e+01 2.900e-02  1  0   0  0   0   1         0
4396.721  4.397  0   0  2 1.141e+03 1.141e+00  2 4.468e+03 4.468e+00  1  0   0  0   0   1         0
4396.894  4.397  0   0  3 9.093e+02 9.093e-01  0 6.810e+03 6.810e+00  1  0   0  0   0   1         0
4377.512  4.378  0   0  1 9.807e+02 9.807e-01  0 8.804e+03 8.804e+00  1  0   0  0   0   1         0
4381.030  4.381  0   0  2 1.127e+04 1.127e+01  2 4.978e+03 4.978e+00  1  0   0  0   0   1         0
4400.515  4.401  0   0  3 2.734e+03 2.734e+00  0 3.732e+03 3.732e+00  1  0   0  0   0   1         0
4445.832  4.446  0   0  0 5.098e+03 5.098e+00  0 1.554e+01 1.554e-02  1  0   0  0   0   1         0
4422.949  4.423  0   0  6 5.027e+01 5.027e-02  6 1.065e+04 1.065e+01  1  0   0  0   0   1         0
4447.748  4.448  0   0  0 9.959e+03 9.959e+00  0 3.484e+04 3.484e+01  1  0   0  0   0   1         0
4414.505  4.415  0   0  4 2.301e+03 2.301e+00  4 9.239e+03 9.239e+00  1  0   0  0   0   1         0
4443.407  4.443  0   0  3 2.658e+01 2.658e-02  0 1.042e+03 1.042e+00  1  0   0  0   0   1         0
4446.177  4.446  0   0  4 2.951e+01 2.951e-02  4 2.510e+04 2.510e+01  1  0   0  0   0   1         0
4428.042  4.428  0   0  3 2.520e+03 2.520e+00  0 2.819e+04 2.819e+01  1  0   0  0   0   1         0
4410.267  4.410  0   0  4 2.888e+03 2.888e+00  4 1.116e+02 1.116e-01  1  0   0  0   0   1         0
4466.615  4.467  0   0  4 4.949e+03 4.949e+00  4 1.905e-02 1.905e-05  1  0   0  0   0   1         0
4466.290  4.466  0   0  8 7.537e+03 7.537e+00  8 1.702e+04 1.702e+01  1  0   0  0   0   1         0
4450.360  4.450  0   0  4 4.054e-01 4.054e-04  4 1.395e+04 1.395e+01  1  0   0  0   0   1         0
4480.002  4.480  0   0  3 8.157e+02 8.157e-01  0 6.659e+04 6.659e+01  1  0   0  0   0   1         0
4463.356  4.463  0   0  2 2.771e+03 2.771e+00  2 5.972e+03 5.972e+00  1  0   0  0   0   1         0
4459.515  4.460  0   0  4 1.643e+04 1.643e+01  4 6.258e+03 6.258e+00  1  0   0  0   0   1         0
4452.052  4.452  0   0  3 1.019e+04 1.019e+01  0 1.104e+04 1.104e+01  1  0   0  0   0   1         0
4468.402  4.468  0   0  3 6.326e+03 6.326e+00  0 4.804e+03 4.804e+00  1  0   0  0   0   1         0
4494.031  4.494  0   0  0 1.132e+04 1.132e+01  0 3.226e+02 3.226e-01  1  0   0  0   0   1         0
4467.011  4.467  0   0  4 6.701e+03 6.701e+00  4 2.410e+04 2.410e+01  1  0   0  0   0   1         0
4484.125  4.484  0   0  3 3.708e-03 3.708e-06  0 1.197e+04 1.197e+01  1  0   0  0   0   1         0
4487.972  4.488  0   0  2 8.696e+03 8.696e+00  2 1.496e+03 1.496e+00  1  0   0  0   0   1         0
4466.580  4.467  0   0  4 5.016e+04 5.016e+01  4 3.843e+04 3.843e+01  1  0   0  0   0   1         0
4530.653  4.531  0   0  4 4.685e+02 4.685e-01  4 4.614e+02 4.614e-01  1  0   0  0   0   1         0
4508.719  4.509  0   0  5 2.681e+03 2.681e+00  0 9.814e+02 9.814e-01  1  0   0  0   0   1         0
4527.357  4.527  0   0  2 2.072e+03 2.072e+00  2 2.377e+04 2.377e+01  1  0   0  0   0   1         0
4538.405  4.538  0   0  3 1.064e+03 1.064e+00  0 1.654e+03 1.654e+00  1  0   0  0   0   1         0
4526.234  4.526  0   0  2 1.901e+04 1.901e+01  2 5.121e+03 5.121e+00  1  0   0  0   0   1         0
4543.498  4.543  0   0  3 1.585e+04 1.585e+01  0 7.475e+04 7.475e+01  1  0   0  0   0   1         0
4505.558  4.506  0   0  5 8.459e+02 8.459e-01  0 3.815e+02 3.815e-01  1  0   0  0   0   1         0
4519.228  4.519  0   0  2 9.338e+02 9.338e-01  2 1.977e+04 1.977e+01  1  0   0  0   0   1         0
4525.490  4.525  0   0  4 4.884e+01 4.884e-02  4 1.704e+04 1.704e+01  1  0   0  0   0   1         0
4521.805  4.522  0   0  4 1.729e+04 1.729e+01  4 2.949e+03 2.949e+00  1  0   0  0   0   1         0
4505.504  4.506  0   0  4 7.695e+02 7.695e-01  4 2.082e+03 2.082e+00  1  0   0  0   0   1         0
4507.777  4.508  0   0  0 1.772e+01 1.772e-02  0 5.357e+04 5.357e+01  1  0   0  0   0   1         0
4541.984  4.542  0   0  1 1.520e+02 1.520e-01  0 9.366e+02 9.366e-01  1  0   0  0   0   1         0
4524.411  4.524  0   0  0 1.843e+02 1.843e-01  0 7.656e+02 7.656e-01  1  0   0  0   0   1         0
4502.472  4.502  0   0  3 9.641e+02 9.641e-01  0 3.062e+04 3.062e+01  1  0   0  0   0   1         0
4500.837  4.501  0   0  3 9.238e+02 9.238e-01  0 7.913e+03 7.913e+00  1  0   0  0   0   1         0
4523.865  4.524  0   0  2 1.002e+04 1.002e+01  2 6.167e+03 6.167e+00  1  0   0  0   0   1         0
4508.325  4.508  0   0  3 4.012e+03 4.012e+00  0 2.189e+02 2.189e-01  1  0   0  0   0   1         0
4535.414  4.535  0   0  2 9.292e+03 9.292e+00  2 1.819e+04 1.819e+01  1  0   0  0   0   1         0
4563.978  4.564  0   0  1 3.710e+02 3.710e-01  0 1.330e+02 1.330e-01  1  0   0  0   0   1         0
4551.532  4.552  0   0  2 4.066e+02 4.066e-01  2 3.057e+04 3.057e+01  1  0   0  0   0   1         0
4590.902  4.591  0   0  1 1.584e+03 1.584e+00  0 3.198e+02 3.198e-01  1  0   0  0   0   1         0
4558.932  4.559  0   0  3 1.164e+03 1.164e+00  0 1.698e+03 1.698e+00  1  0   0  0   0   1         0
4552.627  4.553  0   0  4 1.309e+04 1.309e+01  4 6.444e+03 6.444e+00  1  0   0  0   0   1         0
4587.930  4.588  0   0  0 6.086e+03 6.086e+00  0 3.505e+03 3.505e+00  1  0   0  0   0   1         0
4567.672  4.568  0   0  1 8.036e+01 8.036e-02  0 5.425e+04 5.425e+01  1  0   0  0   0   1         0
4569.644  4.570  0   0  2 1.361e+01 1.361e-02  2 1.646e+02 1.646e-01  1  0   0  0   0   1         0
4562.493  4.562  0   0  4 1.613e+03 1.613e+00  4 4.343e+01 4.343e-02  1  0   0  0   0   1         0
4593.048  4.593  0   0  2 1.355e+04 1.355e+01  2 6.510e+03 6.510e+00  1  0   0  0   0   1         0
4565.023  4.565  0   0  0 2.107e+02 2.107e-01  0 9.693e+03 9.693e+00  1  0   0  0   0   1         0
4560.634  4.561  0   0  4 1.219e+04 1.219e+01  4 2.380e+04 2.380e+01  1  0   0  0   0   1         0
4636.654  4.637  0   0  4 6.657e+03 6.657e+00  4 3.476e+04 3.476e+01  1  0   0  0   0   1         0
4640.204  4.640  0   0  3 2.516e+02 2.516e-01  0 1.258e+03 1.258e+00  1  0   0  0   0   1         0
4646.778  4.647  0   0  4 1.750e+03 1.750e+00  4 6.906e+02 6.906e-01  1  0   0  0   0   1         0
4623.940  4.624  0   0  3 7.303e+01 7.303e-02  0 1.211e+03 1.211e+00  1  0   0  0   0   1         0
4632.080  4.632  0   0  1 3.605e+02 3.605e-01  0 5.064e+03 5.064e+00  1  0   0  0   0   1         0
4625.927  4.626  0   0  4 1.940e+03 1.940e+00  4 1.324e+03 1.324e+00  1  0   0  0   0   1         0
4642.642  4.643  0   0  6 2.449e+02 2.449e-01  6 1.511e+02 1.511e-01  1  0   0  0   0   1         0
4621.745  4.622  0   0  0 7.838e+03 7.838e+00  0 2.197e+03 2.197e+00  1  0   0  0   0   1         0
4641.092  4.641  0   0  3 2.185e+04 2.185e+01  0 1.014e+04 1.014e+01  1  0   0  0   0   1         0
4640.082  4.640  0   0  4 2.170e+03 2.170e+00  4 1.185e+02 1.185e-01  1  0   0  0   0   1         0
4648.120  4.648  0   0  6 6.490e+01 6.490e-02  6 4.380e+04 4.380e+01  1  0   0  0   0   1         0
4612.582  4.613  0   0  3 1.937e+04 1.937e+01  0 3.163e+02 3.163e-01  1  0   0  0   0   1         0
4685.054  4.685  0   0  4 1.550e+03 1.550e+00  4 4.695e+00 4.695e-03  1  0   0  0   0   1         0
4661.200  4.661  0   0  1 2.855e+02 2.855e-01  0 4.795e+02 4.795e-01  1  0   0  0   0   1         0
4666.393  4.666  0   0  3 2.091e+04 2.091e+01  0 6.346e+03 6.346e+00  1  0   0  0   0   1         0
4651.181  4.651  0   0  3 3.410e+01 3.410e-02  0 2.946e+03 2.946e+00  1  0   0  0   0   1         0
4657.768  4.658  0   0  1 4.821e+03 4.821e+00  0 1.515e+04 1.515e+01  1  0   0  0   0   1         0
4678.289  4.678  0   0  3 8.685e+00 8.685e-03  0 5.790e+03 5.790e+00  1  0   0  0   0   1         0
4682.813  4.683  0   0  1 2.090e+04 2.090e+01  0 4.381e+03 4.381e+00  1  0   0  0   0   1         0
4682.605  4.683  0   0  2 1.987e+03 1.987e+00  2 3.742e+03 3.742e+00  1  0   0  0   0   1         0
4702.023  4.702  0   0  1 7.214e+02 7.214e-01  0 1.492e+03 1.492e+00  1  0   0  0   0   1         0
4739.862  4.740  0   0  2 3.415e+03 3.415e+00  2 1.816e+04 1.816e+01  1  0   0  0   0   1         0
4714.288  4.714  0   0  4 5.962e+01 5.962e-02  4 1.540e+01 1.540e-02  1  0   0  0   0   1         0
4734.275  4.734  0   0  2 2.429e+04 2.429e+01  2 7.858e+03 7.858e+00  1  0   0  0   0   1         0
4732.292  4.732  0   0  2 3.729e+02 3.729e-01  2 3.389e+03 3.389e+00  1  0   0  0   0   1         0
4732.785  4.733  0   0  5 5.432e+03 5.432e+00  0 4.211e+04 4.211e+01  1  0   0  0   0   1         0
4730.569  4.731  0   0  0 4.376e+03 4.376e+00  0 5.305e+03 5.305e+00  1  0   0  0   0   1         0
4747.982  4.748  0   0  3 8.697e+02 8.697e-01  0 3.447e+02 3.447e-01  1  0   0  0   0   1         0
4725.588  4.726  0   0  0 8.713e+03 8.713e+00  0 5.460e+03 5.460e+00  1  0   0  0   0   1         0
4736.749  4.737  0   0  3 8.836e+03 8.836e+00  0 5.838e+03 5.838e+00  1  0   0  0   0   1         0
4735.413  4.735  0   0  3 2.024e+03 2.024e+00  0 2.888e+03 2.888e+00  1  0   0  0   0   1         0
4765.387  4.765  0   0  3 3.177e+03 3.177e+00  0 2.510e+01 2.510e-02  1  0   0  0   0   1         0
4776.101  4.776  0   0  1 1.056e+03 1.056e+00  0 1.032e+02 1.032e-01  1  0   0  0   0   1         0
4777.407  4.777  0   0  1 3.478e+03 3.478e+00  0 2.883e+04 2.883e+01  1  0   0  0   0   1         0
4783.171  4.783  0   0  0 1.286e+04 1.286e+01  0 3.501e+03 3.501e+00  1  0   0  0   0   1         0
4771.688  4.772  0   0  6 5.481e+03 5.481e+00  6 7.040e+03 7.040e+00  1  0   0  0   0   1         0
4761.006  4.761  0   0  6 1.010e+02 1.010e-01  6 1.926e+03 1.926e+00  1  0   0  0   0   1         0
4793.418  4.793  0   0  3 6.741e+02 6.741e-01  0 1.579e+02 1.579e-01  1  0   0  0   0   1         0
4767.451  4.767  0   0  1 2.453e+03 2.453e+00  0 1.128e+02 1.128e-01  1  0   0  0   0   1         0
4796.194  4.796  0   0  0 1.747e+02 1.747e-01  0 8.969e+03 8.969e+00  1  0   0  0   0   1         0
4760.478  4.760  0   0  2 3.115e+03 3.115e+00  2 9.373e+02 9.373e-01  1  0   0  0   0   1         0
4778.166  4.778  0   0  7 1.609e+03 1.609e+00  0 2.025e+03 2.025e+00  1  0   0  0   0   1         0
4776.996  4.777  0   0  0 8.152e+01 8.152e-02  0 2.232e+03 2.232e+00  1  0   0  0   0   1         0
4791.526  4.792  0   0  4 1.146e+03 1.146e+00  4 1.123e+03 1.123e+00  1  0   0  0   0   1         0
4757.023  4.757  0   0  1 2.347e+02 2.347e-01  0 1.346e+03 1.346e+00  1  0   0  0   0   1         0
4795.551  4.796  0   0  6 1.662e+01 1.662e-02  6 5.867e+03 5.867e+00  1  0   0  0   0   1         0
4822.799  4.823  0   0  3 1.133e+03 1.133e+00  0 2.983e+03 2.983e+00  1  0   0  0   0   1         0
4804.439  4.804  0   0  4 1.290e+03 1.290e+00  4 3.785e+03 3.785e+00  1  0   0  0   0   1         0
4836.193  4.836  0   0  0 1.880e+04 1.880e+01  0 1.306e+03 1.306e+00  1  0   0  0   0   1         0
4811.197  4.811  0   0  1 1.209e+03 1.209e+00  0 5.249e+04 5.249e+01  1  0   0  0   0   1         0
4809.771  4.810  0   0  3 1.809e+03 1.809e+00  0 2.344e+04 2.344e+01  1  0   0  0   0   1         0
4815.884  4.816  0   0  6 1.403e+03 1.403e+00  6 6.665e+04 6.665e+01  1  0   0  0   0   1         0
4845.175  4.845  0   0  1 7.803e+03 7.803e+00  0 1.081e+04 1.081e+01  1  0   0  0   0   1         0
4839.927  4.840  0   0  1 1.387e+03 1.387e+00  0 3.406e+03 3.406e+00  1  0   0  0   0   1         0
4847.377  4.847  0   0  0 1.486e+03 1.486e+00  0 6.508e+03 6.508e+00  1  0   0  0   0   1         0
4832.744  4.833  0   0  2 1.227e+03 1.227e+00  2 1.259e+04 1.259e+01  1  0   0  0   0   1         0
4833.290  4.833  0   0  3 1.856e+04 1.856e+01  0 7.758e+03 7.758e+00  1  0   0  0   0   1         0
4824.163  4.824  0   0  1 9.160e+01 9.160e-02  0 2.162e+04 2.162e+01  1  0   0  0   0   1         0
4845.314  4.845  0   0  1 9.390e+02 9.390e-01  0 7.912e+03 7.912e+00  1  0   0  0   0   1         0
4895.313  4.895  0   0  1 9.588e+03 9.588e+00  0 4.842e+03 4.842e+00  1  0   0  0   0   1         0
4864.884  4.865  0   0  1 3.221e+03 3.221e+00  0 1.956e+03 1.956e+00  1  0   0  0   0   1         0
4883.079  4.883  0   0  6 8.175e+03 8.175e+00  6 2.871e+03 2.871e+00  1  0   0  0   0   1         0
4878.141  4.878  0   0  3 2.065e+03 2.065e+00  0 3.524e+04 3.524e+01  1  0   0  0   0   1         0
4865.426  4.865  0   0  3 1.642e+03 1.642e+00  0 4.895e+03 4.895e+00  1  0   0  0   0   1         0
4895.423  4.895  0   0  4 8.070e+03 8.070e+00  4 1.058e+04 1.058e+01  1  0   0  0   0   1         0
4854.829  4.855  0   0  2 5.617e+02 5.617e-01  2 3.711e+03 3.711e+00  1  0   0  0   0   1         0
4885.729  4.886  0   0  3 3.595e-01 3.595e-04  0 3.933e+03 3.933e+00  1  0   0  0   0   1         0
4886.518  4.887  0   0  3 7.059e+02 7.059e-01  0 3.039e+03 3.039e+00  1  0   0  0   0   1         0
4895.815  4.896  0   0  1 3.385e+00 3.385e-03  0 5.596e+03 5.596e+00  1  0   0  0   0   1         0
4876.086  4.876  0   0  6 5.287e+03 5.287e+00  6 1.678e+04 1.678e+01  1  0   0  0   0   1         0
4930.734  4.931  0   0  2 5.864e+01 5.864e-02  2 5.965e+03 5.965e+00  1  0   0  0   0   1         0
4949.301  4.949  0   0  1 1.367e+04 1.367e+01  0 2.027e+02 2.027e-01  1  0   0  0   0   1         0
4932.838  4.933  0   0  4 1.006e+02 1.006e-01  4 1.362e+04 1.362e+01  1  0   0  0   0   1         0
4944.996  4.945  0   0  1 3.413e+01 3.413e-02  0 7.930e+02 7.930e-01  1  0   0  0   0   1         0
4936.409  4.936  0   0  2 2.947e+03 2.947e+00  2 1.007e+04 1.007e+01  1  0   0  0   0   1         0
4906.438  4.906  0   0  7 4.793e+03 4.793e+00  0 3.843e+00 3.843e-03  1  0   0  0   0   1         0
4935.100  4.935  0   0  1 4.288e+02 4.288e-01  0 7.330e+03 7.330e+00  1  0   0  0   0   1         0
4924.370  4.924  0   0  3 5.881e+02 5.881e-01  0 2.075e+01 2.075e-02  1  0   0  0   0   1         0
4945.985  4.946  0   0  4 4.055e+01 4.055e-02  4 2.857e+03 2.857e+00  1  0   0  0   0   1         0
4940.437  4.940  0   0  3 4.230e+03 4.230e+00  0 2.068e+04 2.068e+01  1  0   0  0   0   1         0
4905.264  4.905  0   0  3 5.558e+03 5.558e+00  0 2.414e+04 2.414e+01  1  0   0  0   0   1         0
4906.768  4.907  0   0  1 8.260e+03 8.260e+00  0 4.342e+02 4.342e-01  1  0   0  0   0   1         0
4903.521  4.904  0   0  3 1.067e+04 1.067e+01  0 1.797e+01 1.797e-02  1  0   0  0   0   1         0
4997.834  4.998  0   0  4 1.179e+04 1.179e+01  4 3.423e+01 3.423e-02  1  0   0  0   0   1         0
4964.072  4.964  0   0  5 7.513e+02 7.513e-01  0 1.044e+00 1.044e-03  1  0   0  0   0   1         0
4997.982  4.998  0   0  3 1.513e+02 1.513e-01  0 4.724e+02 4.724e-01  1  0   0  0   0   1         0
4994.443  4.994  0   0  1 6.394e+01 6.394e-02  0 1.086e+02 1.086e-01  1  0   0  0   0   1         0
4964.279  4.964  0   0  4 1.460e+03 1.460e+00  4 6.925e+03 6.925e+00  1  0   0  0   0   1         0
4990.936  4.991  0   0  3 2.001e+03 2.001e+00  0 2.886e+00 2.886e-03  1  0   0  0   0   1         0
4984.422  4.984  0   0  3 1.065e+03 1.065e+00  0 8.100e+03 8.100e+00  1  0   0  0   0   1         0
4975.741  4.976  0   0  4 6.010e+02 6.010e-01  4 1.812e-01 1.812e-04  1  0   0  0   0   1         0
4971.293  4.971  0   0  6 7.752e+03 7.752e+00  6 3.048e+03 3.048e+00  1  0   0  0   0   1         0
4990.865  4.991  0   0  3 3.651e+02 3.651e-01  0 6.688e+01 6.688e-02  1  0   0  0   0   1         0
4989.752  4.990  0   0  4 2.020e+03 2.020e+00  4 9.562e+01 9.562e-02  1  0   0  0   0   1         0
4987.957  4.988  0   0  0 2.351e+03 2.351e+00  0 3.141e+02 3.141e-01  1  0   0  0   0   1         0
4999.914  5.000  0   0  3 4.934e+02 4.934e-01  0 5.251e+04 5.251e+01  1  0   0  0   0   1         0
4974.075  4.974  0   0  5 2.430e+03 2.430e+00  0 6.471e+02 6.471e-01  1  0   0  0   0   1         0
5032.859  5.033  0   0  4 1.254e+02 1.254e-01  4 3.609e+03 3.609e+00  1  0   0  0   0   1         0
5002.611  5.003  0   0  0 3.235e+03 3.235e+00  0 1.227e+04 1.227e+01  1  0   0  0   0   1         0
5044.650  5.045  0   0  5 6.174e+00 6.174e-03  0 1.982e+03 1.982e+00  1  0   0  0   0   1         0
5034.636  5.035  0   0  2 1.041e+04 1.041e+01  2 1.779e+03 1.779e+00  1  0   0  0   0   1         0
5047.622  5.048  0   0  4 3.124e+03 3.124e+00  4 1.456e+04 1.456e+01  1  0   0  0   0   1         0
5015.753  5.016  0   0  3 1.161e+03 1.161e+00  0 6.291e+02 6.291e-01  1  0   0  0   0   1         0
5024.376  5.024  0   0  1 7.389e+03 7.389e+00  0 1.443e+03 1.443e+00  1  0   0  0   0   1         0
5037.136  5.037  0   0  3 1.791e+04 1.791e+01  0 1.338e+04 1.338e+01  1  0   0  0   0   1         0
5012.189  5.012  0   0  1 7.277e+03 7.277e+00  0 3.776e+00 3.776e-03  1  0   0  0   0   1         0
5027.160  5.027  0   0  3 8.359e+02 8.359e-01  0 7.649e+03 7.649e+00  1  0   0  0   0   1         0
5033.034  5.033  0   0  3 1.293e+03 1.293e+00  0 3.689e+02 3.689e-01  1  0   0  0   0   1         0
5048.946  5.049  0   0  0 8.534e+02 8.534e-01  0 2.106e+04 2.106e+01  1  0   0  0   0   1         0
5078.857  5.079  0   0  4 3.495e+04 3.495e+01  4 9.302e+03 9.302e+00  1  0   0  0   0   1         0
5078.434  5.078  0   0  2 1.995e+02 1.995e-01  2 3.907e+01 3.907e-02  1  0   0  0   0   1         0
5091.475  5.091  0   0  2 1.546e+03 1.546e+00  2 4.428e+02 4.428e-01  1  0   0  0   0   1         0
5061.863  5.062  0   0  3 1.599e+04 1.599e+01  0 4.752e+03 4.752e+00  1  0   0  0   0   1         0
5064.876  5.065  0   0  3 5.084e+02 5.084e-01  0 7.049e+04 7.049e+01  1  0   0  0   0   1         0
5065.146  5.065  0   0  3 7.853e+03 7.853e+00  0 2.570e+04 2.570e+01  1  0   0  0   0   1         0
5052.054  5.052  0   0  4 1.130e+02 1.130e-01  4 5.532e+03 5.532e+00  1  0   0  0   0   1         0
5065.792  5.066  0   0  4 6.620e+02 6.620e-01  4 4.436e+03 4.436e+00  1  0   0  0   0   1         0
5093.924  5.094  0   0  5 7.111e+03 7.111e+00  0 4.005e+03 4.005e+00  1  0   0  0   0   1         0
5095.621  5.096  0   0  2 1.534e+02 1.534e-01  2 3.278e+03 3.278e+00  1  0   0  0   0   1         0
5055.508  5.056  0   0  4 9.285e+02 9.285e-01  4 5.150e+03 5.150e+00  1  0   0  0   0   1         0
5072.970  5.073  0   0  0 1.174e+02 1.174e-01  0 3.597e+03 3.597e+00  1  0   0  0   0   1         0
5069.131  5.069  0   0  4 1.539e+03 1.539e+00  4 2.357e+04 2.357e+01  1  0   0  0   0   1         0
5074.535  5.075  0   0  3 5.716e+03 5.716e+00  0 1.062e+03 1.062e+00  1  0   0  0   0   1         0
5077.802  5.078  0   0  4 9.039e+02 9.039e-01  4 4.484e+03 4.484e+00  1  0   0  0   0   1         0
5051.018  5.051  0   0  0 4.430e+03 4.430e+00  0 3.869e+02 3.869e-01  1  0   0  0   0   1         0
5102.446  5.102  0   0  4 5.388e+00 5.388e-03  4 1.455e+03 1.455e+00  1  0   0  0   0   1         0
5101.489  5.101  0   0  1 4.325e+03 4.325e+00  0 2.671e+01 2.671e-02  1  0   0  0   0   1         0
5149.486  5.149  0   0  3 8.276e+02 8.276e-01  0 5.123e+02 5.123e-01  1  0   0  0   0   1         0
5124.740  5.125  0   0  4 3.267e+02 3.267e-01  4 1.209e+02 1.209e-01  1  0   0  0   0   1         0
5117.837  5.118  0   0  0 4.658e+03 4.658e+00  0 2.347e+04 2.347e+01  1  0   0  0   0   1         0
5113.797  5.114  0   0  3 7.060e+03 7.060e+00  0 3.645e+04 3.645e+01  1  0   0  0   0   1         0
5149.006  5.149  0   0  5 4.983e+02 4.983e-01  0 1.262e+04 1.262e+01  1  0   0  0   0   1         0
5112.663  5.113  0   0  1 2.971e+02 2.971e-01  0 3.054e+03 3.054e+00  1  0   0  0   0   1         0
5136.338  5.136  0   0  5 5.127e+03 5.127e+00  0 2.454e+04 2.454e+01  1  0   0  0   0   1         0
5114.242  5.114  0   0  0 8.287e+02 8.287e-01  0 4.219e+03 4.219e+00  1  0   0  0   0   1         0
5103.542  5.104  0   0  1 1.663e+02 1.663e-01  0 3.858e+03 3.858e+00  1  0   0  0   0   1         0
5134.221  5.134  0   0  1 2.156e+04 2.156e+01  0 3.283e+04 3.283e+01  1  0   0  0   0   1         0
5100.082  5.100  0   0  3 1.088e+04 1.088e+01  0 7.366e+02 7.366e-01  1  0   0  0   0   1         0
5133.846  5.134  0   0  1 1.798e+03 1.798e+00  0 1.423e+03 1.423e+00  1  0   0  0   0   1         0
5112.569  5.113  0   0  0 1.041e+03 1.041e+00  0 5.981e+02 5.981e-01  1  0   0  0   0   1         0
5137.355  5.137  0   0  1 7.709e-03 7.709e-06  0 2.936e+01 2.936e-02  1  0   0  0   0   1         0
5138.534  5.139  0   0  8 1.778e+04 1.778e+01  8 1.859e+03 1.859e+00  1  0   0  0   0   1         0
5192.255  5.192  0   0  3 1.500e+03 1.500e+00  0 2.240e+03 2.240e+00  1  0   0  0   0   1         0
5190.174  5.190  0   0  1 2.230e+02 2.230e-01  0 2.358e+01 2.358e-02  1  0   0  0   0   1         0
5156.341  5.156  0   0  3 1.820e+02 1.820e-01  0 3.390e+02 3.390e-01  1  0   0  0   0   1         0
5156.251  5.156  0   0  5 6.759e+03 6.759e+00  0 1.577e+03 1.577e+00  1  0   0  0   0   1         0
5170.901  5.171  0   0  5 5.832e+03 5.832e+00  0 1.157e+03 1.157e+00  1  0   0  0   0   1         0
5193.534  5.194  0   0  5 1.438e+03 1.438e+00  0 3.098e+03 3.098e+00  1  0   0  0   0   1         0
5194.131  5.194  0   0  3 7.295e+03 7.295e+00  0 3.819e+03 3.819e+00  1  0   0  0   0   1         0
5155.394  5.155  0   0  2 1.611e+02 1.611e-01  2 1.445e+02 1.445e-01  1  0   0  0   0   1         0
5178.779  5.179  0   0  2 7.982e+03 7.982e+00  2 7.596e+03 7.596e+00  1  0   0  0   0   1         0
5157.818  5.158  0   0  3 3.376e+02 3.376e-01  0 6.956e+03 6.956e+00  1  0   0  0   0   1         0
5184.363  5.184  0   0  1 1.794e+03 1.794e+00  0 1.382e+03 1.382e+00  1  0   0  0   0   1         0
5195.842  5.196  0   0  0 1.018e+03 1.018e+00  0 1.300e+03 1.300e+00  1  0   0  0   0   1         0
5172.804  5.173  0   0  2 9.002e+02 9.002e-01  2 2.279e+03 2.279e+00  1  0   0  0   0   1         0
5154.174  5.154  0   0  5 6.320e+03 6.320e+00  0 4.746e+01 4.746e-02  1  0   0  0   0   1         0
5231.977  5.232  0   0  3 1.549e+03 1.549e+00  0 8.226e+01 8.226e-02  1  0   0  0   0   1         0
5210.515  5.211  0   0  2 2.281e+03 2.281e+00  2 4.979e+03 4.979e+00  1  0   0  0   0   1         0
5211.328  5.211  0   0  1 4.293e+03 4.293e+00  0 8.887e+02 8.887e-01  1  0   0  0   0   1         0
5239.002  5.239  0   0  3 5.056e+01 5.056e-02  0 1.298e+02 1.298e-01  1  0   0  0   0   1         0
5214.349  5.214  0   0  3 8.561e+02 8.561e-01  0 6.679e+04 6.679e+01  1  0   0  0   0   1         0
5203.597  5.204  0   0  1 6.430e+03 6.430e+00  0 1.032e+04 1.032e+01  1  0   0  0   0   1         0
5201.831  5.202  0   0  0 6.759e+02 6.759e-01  0 6.802e+02 6.802e-01  1  0   0  0   0   1         0
5222.223  5.222  0   0  4 6.692e+03 6.692e+00  4 4.140e+03 4.140e+00  1  0   0  0   0   1         0
5230.918  5.231  0   0  4 1.501e+03 1.501e+00  4 3.681e+03 3.681e+00  1  0   0  0   0   1         0
5243.474  5.243  0   0  3 4.720e+03 4.720e+00  0 4.739e+04 4.739e+01  1  0   0  0   0   1         0
5205.566  5.206  0   0  0 5.022e+02 5.022e-01  0 5.689e+03 5.689e+00  1  0   0  0   0   1         0
5209.875  5.210  0   0  4 6.780e+02 6.780e-01  4 1.124e+04 1.124e+01  1  0   0  0   0   1         0
5226.555  5.227  0   0  2 2.878e+02 2.878e-01  2 1.659e+04 1.659e+01  1  0   0  0   0   1         0
5218.266  5.218  0   0  3 8.056e+02 8.056e-01  0 1.324e+04 1.324e+01  1  0   0  0   0   1         0
5224.192  5.224  0   0  4 4.882e+01 4.882e-02  4 2.925e+02 2.925e-01  1  0   0  0   0   1         0
5246.224  5.246  0   0  5 1.623e+03 1.623e+00  0 3.561e+03 3.561e+00  1  0   0  0   0   1         0
5265.127  5.265  0   0  4 4.355e+03 4.355e+00  4 1.665e+03 1.665e+00  1  0   0  0   0   1         0
5256.926  5.257  0   0  2 3.889e+03 3.889e+00  2 1.157e+03 1.157e+00  1  0   0  0   0   1         0
5282.854  5.283  0   0  3 2.428e+03 2.428e+00  0 9.524e+02 9.524e-01  1  0   0  0   0   1         0
5256.861  5.257  0   0  2 3.319e+03 3.319e+00  2 2.240e+03 2.240e+00  1  0   0  0   0   1         0
5288.816  5.289  0   0  4 1.069e+02 1.069e-01  4 3.000e+03 3.000e+00  1  0   0  0   0   1         0
5260.126  5.260  0   0  2 6.490e+02 6.490e-01  2 4.473e+03 4.473e+00  1  0   0  0   0   1         0
5286.619  5.287  0   0  3 1.408e+04 1.408e+01  0 4.813e+03 4.813e+00  1  0   0  0   0   1         0
5290.320  5.290  0   0  1 1.309e+04 1.309e+01  0 6.460e+03 6.460e+00  1  0   0  0   0   1         0
5256.295  5.256  0   0  0 4.751e+03 4.751e+00  0 2.812e+02 2.812e-01  1  0   0  0   0   1         0
5254.358  5.254  0   0  2 2.216e+04 2.216e+01  2 1.922e+04 1.922e+01  1  0   0  0   0   1         0
5297.491  5.297  0   0  3 1.809e+04 1.809e+01  0 2.937e+03 2.937e+00  1  0   0  0   0   1         0
5273.216  5.273  0   0  1 1.322e+04 1.322e+01  0 2.254e+03 2.254e+00  1  0   0  0   0   1         0
5281.572  5.282  0   0  2 5.525e+03 5.525e+00  2 1.438e+04 1.438e+01  1  0   0  0   0   1         0
5251.169  5.251  0   0  4 5.659e+02 5.659e-01  4 4.571e+02 4.571e-01  1  0   0  0   0   1         0
5263.987  5.264  0   0  4 3.831e+03 3.831e+00  4 2.472e+04 2.472e+01  1  0   0  0   0   1         0
5275.334  5.275  0   0  3 8.281e+03 8.281e+00  0 1.628e+04 1.628e+01  1  0   0  0   0   1         0
5294.337  5.294  0   0  3 4.665e+02 4.665e-01  0 1.095e+03 1.095e+00  1  0   0  0   0   1         0
5263.623  5.264  0   0  1 5.035e+02 5.035e-01  0 1.142e+03 1.142e+00  1  0   0  0   0   1         0
5335.784  5.336  0   0  2 1.944e+03 1.944e+00  2 1.891e+04 1.891e+01  1  0   0  0   0   1         0
5307.972  5.308  0   0  5 4.507e+02 4.507e-01  0 4.990e+02 4.990e-01  1  0   0  0   0   1         0
5307.988  5.308  0   0  2 3.854e+03 3.854e+00  2 3.859e+04 3.859e+01  1  0   0  0   0   1         0
5324.382  5.324  0   0  0 1.125e+04 1.125e+01  0 2.443e+03 2.443e+00  1  0   0  0   0   1         0
5312.232  5.312  0   0  1 2.549e+02 2.549e-01  0 2.413e+03 2.413e+00  1  0   0  0   0   1         0
5311.829  5.312  0   0  1 4.369e+03 4.369e+00  0 5.371e+02 5.371e-01  1  0   0  0   0   1         0
5300.464  5.300  0   0  2 7.234e+03 7.234e+00  2 1.113e+04 1.113e+01  1  0   0  0   0   1         0
5318.582  5.319  0   0  1 5.769e+03 5.769e+00  0 1.641e+03 1.641e+00  1  0   0  0   0   1         0
5315.968  5.316  0   0  2 3.374e+03 3.374e+00  2 3.862e+04 3.862e+01  1  0   0  0   0   1         0
5301.565  5.302  0   0  5 3.796e+03 3.796e+00  0 7.512e+03 7.512e+00  1  0   0  0   0   1         0
5331.122  5.331  0   0  1 4.997e-01 4.997e-04  0 4.169e+01 4.169e-02  1  0   0  0   0   1         0
5331.392  5.331  0   0  3 3.530e+02 3.530e-01  0 6.990e+02 6.990e-01  1  0   0  0   0   1         0
5303.557  5.304  0   0  4 5.209e+02 5.209e-01  4 1.934e+03 1.934e+00  1  0   0  0   0   1         0
5315.907  5.316  0   0  1 9.746e+03 9.746e+00  0 3.439e+03 3.439e+00  1  0   0  0   0   1         0
5343.668  5.344  0   0  0 9.026e+03 9.026e+00  0 5.891e+03 5.891e+00  1  0   0  0   0   1         0
5329.170  5.329  0   0  3 2.767e+01 2.767e-02  0 5.026e+02 5.026e-01  1  0   0  0   0   1         0
5357.277  5.357  0   0  1 3.116e+03 3.116e+00  0 5.146e+01 5.146e-02  1  0   0  0   0   1         0
5396.114  5.396  0   0  2 7.599e+03 7.599e+00  2 4.579e+04 4.579e+01  1  0   0  0   0   1         0
5375.711  5.376  0   0  2 6.720e+03 6.720e+00  2 2.568e+03 2.568e+00  1  0   0  0   0   1         0
5381.238  5.381  0   0  3 9.598e+03 9.598e+00  0 6.232e+03 6.232e+00  1  0   0  0   0   1         0
5367.933  5.368  0   0  0 3.566e+03 3.566e+00  0 1.605e+03 1.605e+00  1  0   0  0   0   1         0
5363.863  5.364  0   0  4 2.652e+02 2.652e-01  4 1.409e+04 1.409e+01  1  0   0  0   0   1         0
5375.222  5.375  0   0  0 1.911e+04 1.911e+01  0 1.502e+04 1.502e+01  1  0   0  0   0   1         0
5364.769  5.365  0   0  3 3.690e+03 3.690e+00  0 3.604e+03 3.604e+00  1  0   0  0   0   1         0
5367.239  5.367  0   0  3 1.575e+01 1.575e-02  0 8.843e+02 8.843e-01  1  0   0  0   0   1         0
5372.700  5.373  0   0  7 8.071e+02 8.071e-01  0 9.319e+02 9.319e-01  1  0   0  0   0   1         0
5375.350  5.375  0   0  5 1.430e+01 1.430e-02  0 2.250e+04 2.250e+01  1  0   0  0   0   1         0
5399.220  5.399  0   0  3 9.145e+02 9.145e-01  0 2.121e+03 2.121e+00  1  0   0  0   0   1         0
5361.210  5.361  0   0  5 2.100e+03 2.100e+00  0 1.482e+03 1.482e+00  1  0   0  0   0   1         0
5374.462  5.374  0   0  0 3.541e+01 3.541e-02  0 2.040e+03 2.040e+00  1  0   0  0   0   1         0
5357.508  5.358  0   0  2 1.549e+03 1.549e+00  2 1.283e+04 1.283e+01  1  0   0  0   0   1         0
5367.557  5.368  0   0  4 1.385e+02 1.385e-01  4 1.188e+04 1.188e+01  1  0   0  0   0   1         0
5385.917  5.386  0   0  4 1.973e+01 1.973e-02  4 4.549e+01 4.549e-02  1  0   0  0   0   1         0
5400.215  5.400  0   0  4 2.664e+02 2.664e-01  4 4.078e+03 4.078e+00  1  0   0  0   0   1         0
5425.273  5.425  0   0  0 2.439e+01 2.439e-02  0 1.030e+02 1.030e-01  1  0   0  0   0   1         0
5426.478  5.426  0   0  2 5.400e+02 5.400e-01  2 3.593e+04 3.593e+01  1  0   0  0   0   1         0
5432.951  5.433  0   0  2 7.708e+02 7.708e-01  2 2.027e+02 2.027e-01  1  0   0  0   0   1         0
5419.305  5.419  0   0  0 9.523e+01 9.523e-02  0 3.784e+03 3.784e+00  1  0   0  0   0   1         0
5400.161  5.400  0   0  0 3.347e+02 3.347e-01  0 1.778e+04 1.778e+01  1  0   0  0   0   1         0
5433.749  5.434  0   0  2 1.475e+03 1.475e+00  2 2.243e+02 2.243e-01  1  0   0  0   0   1         0
5402.727  5.403  0   0  3 1.729e+02 1.729e-01  0 1.810e+03 1.810e+00  1  0   0  0   0   1         0
5443.337  5.443  0   0  2 4.190e+03 4.190e+00  2 7.850e+02 7.850e-01  1  0   0  0   0   1         0
5401.138  5.401  0   0  4 8.428e+03 8.428e+00  4 2.769e+04 2.769e+01  1  0   0  0   0   1         0
5426.586  5.427  0   0  2 1.636e+03 1.636e+00  2 8.930e+03 8.930e+00  1  0   0  0   0   1         0
5444.769  5.445  0   0  1 1.377e+04 1.377e+01  0 4.785e+01 4.785e-02  1  0   0  0   0   1         0
5428.686  5.429  0   0  5 1.756e+04 1.756e+01  0 2.034e+04 2.034e+01  1  0   0  0   0   1         0
5430.480  5.430  0   0  2 6.643e+03 6.643e+00  2 1.205e+04 1.205e+01  1  0   0  0   0   1         0
5434.135  5.434  0   0  4 3.585e+02 3.585e-01  4 1.644e+04 1.644e+01  1  0   0  0   0   1         0
5406.147  5.406  0   0  1 3.480e+03 3.480e+00  0 3.888e+03 3.888e+00  1  0   0  0   0   1         0
5433.801  5.434  0   0  3 6.835e+03 6.835e+00  0 1.331e+03 1.331e+00  1  0   0  0   0   1         0
5444.044  5.444  0   0  3 3.551e+03 3.551e+00  0 8.262e+03 8.262e+00  1  0   0  0   0   1         0
5448.717  5.449  0   0  1 1.627e+03 1.627e+00  0 2.328e+03 2.328e+00  1  0   0  0   0   1         0
5422.214  5.422  0   0  2 1.771e+04 1.771e+01  2 2.083e+03 2.083e+00  1  0   0  0   0   1         0
5417.282  5.417  0   0  3 1.189e+04 1.189e+01  0 4.082e+02 4.082e-01  1  0   0  0   0   1         0
5480.173  5.480  0   0  4 1.701e+04 1.701e+01  4 9.197e+03 9.197e+00  1  0   0  0   0   1         0
5496.079  5.496  0   0  5 1.945e+04 1.945e+01  0 3.358e+03 3.358e+00  1  0   0  0   0   1         0
5471.949  5.472  0   0  4 4.043e+03 4.043e+00  4 3.910e+02 3.910e-01  1  0   0  0   0   1         0
5467.246  5.467  0   0  5 2.507e+04 2.507e+01  0 1.636e+04 1.636e+01  1  0   0  0   0   1         0
5488.336  5.488  0   0  1 1.899e+02 1.899e-01  0 7.156e+03 7.156e+00  1  0   0  0   0   1         0
5487.176  5.487  0   0  3 5.874e+02 5.874e-01  0 9.058e+02 9.058e-01  1  0   0  0   0   1         0
5462.384  5.462  0   0  1 5.055e+03 5.055e+00  0 6.905e+02 6.905e-01  1  0   0  0   0   1         0
5458.075  5.458  0   0  4 6.648e+01 6.648e-02  4 4.014e+03 4.014e+00  1  0   0  0   0   1         0
5467.947  5.468  0   0  3 1.351e+03 1.351e+00  0 3.278e+03 3.278e+00  1  0   0  0   0   1         0
5488.823  5.489  0   0  2 4.737e+03 4.737e+00  2 2.855e+03 2.855e+00  1  0   0  0   0   1         0
5484.806  5.485  0   0  3 5.852e+03 5.852e+00  0 5.165e+02 5.165e-01  1  0   0  0   0   1         0
5483.348  5.483  0   0  4 6.439e+02 6.439e-01  4 2.122e+03 2.122e+00  1  0   0  0   0   1         0
5491.506  5.492  0   0  4 1.123e+03 1.123e+00  4 4.633e+03 4.633e+00  1  0   0  0   0   1         0
5463.906  5.464  0   0  0 2.025e+04 2.025e+01  0 5.316e+04 5.316e+01  1  0   0  0   0   1         0
5467.040  5.467  0   0  6 3.376e+03 3.376e+00  6 3.794e+03 3.794e+00  1  0   0  0   0   1         0
5452.127  5.452  0   0  2 5.915e+03 5.915e+00  2 2.090e+04 2.090e+01  1  0   0  0   0   1         0
5493.465  5.493  0   0  6 2.175e+02 2.175e-01  6 1.891e+04 1.891e+01  1  0   0  0   0   1         0
5479.182  5.479  0   0  4 9.529e+03 9.529e+00  4 5.617e+03 5.617e+00  1  0   0  0   0   1         0
5464.958  5.465  0   0  0 3.030e+03 3.030e+00  0 5.893e+02 5.893e-01  1  0   0  0   0   1         0
5453.487  5.453  0   0  3 2.856e+02 2.856e-01  0 7.125e+02 7.125e-01  1  0   0  0   0   1         0
5486.220  5.486  0   0  3 1.101e+02 1.101e-01  0 1.322e+04 1.322e+01  1  0   0  0   0   1         0
5540.526  5.541  0   0  1 1.828e+03 1.828e+00  0 1.912e-03 1.912e-06  1  0   0  0   0   1         0
5539.847  5.540  0   0  2 1.359e+04 1.359e+01  2 2.859e+04 2.859e+01  1  0   0  0   0   1         0
5507.099  5.507  0   0  2 6.318e+03 6.318e+00  2 9.413e+03 9.413e+00  1  0   0  0   0   1         0
5525.980  5.526  0   0  2 1.164e+04 1.164e+01  2 1.071e+01 1.071e-02  1  0   0  0   0   1         0
5504.853  5.505  0   0  1 3.742e+03 3.742e+00  0 2.542e+03 2.542e+00  1  0   0  0   0   1         0
5531.685  5.532  0   0  2 7.678e+03 7.678e+00  2 1.979e+02 1.979e-01  1  0   0  0   0   1         0
5503.161  5.503  0   0  2 9.618e+02 9.618e-01  2 7.186e+02 7.186e-01  1  0   0  0   0   1         0
5547.237  5.547  0   0  3 1.769e+03 1.769e+00  0 3.567e+03 3.567e+00  1  0   0  0   0   1         0
5510.427  5.510  0   0  1 1.730e+04 1.730e+01  0 7.597e+02 7.597e-01  1  0   0  0   0   1         0
5534.198  5.534  0   0  4 1.058e+03 1.058e+00  4 5.214e+03 5.214e+00  1  0   0  0   0   1         0
5506.442  5.506  0   0  4 3.340e+03 3.340e+00  4 5.923e+03 5.923e+00  1  0   0  0   0   1         0
5598.585  5.599  0   0  5 2.258e+03 2.258e+00  0 2.056e+03 2.056e+00  1  0   0  0   0   1         0
5581.140  5.581  0   0  7 4.635e+03 4.635e+00  0 1.400e+04 1.400e+01  1  0   0  0   0   1         0
5583.600  5.584  0   0  2 9.456e+02 9.456e-01  2 1.189e+04 1.189e+01  1  0   0  0   0   1         0
5572.800  5.573  0   0  3 7.802e+02 7.802e-01  0 7.653e+03 7.653e+00  1  0   0  0   0   1         0
5564.443  5.564  0   0  4 2.974e+03 2.974e+00  4 3.724e+04 3.724e+01  1  0   0  0   0   1         0
5553.232  5.553  0   0  3 2.028e+03 2.028e+00  0 8.762e+01 8.762e-02  1  0   0  0   0   1         0
5567.567  5.568  0   0  5 2.724e+03 2.724e+00  0 6.407e+01 6.407e-02  1  0   0  0   0   1         0
5558.840  5.559  0   0  2 5.339e+03 5.339e+00  2 1.158e+04 1.158e+01  1  0   0  0   0   1         0
5583.159  5.583  0   0  3 1.744e+03 1.744e+00  0 7.402e+03 7.402e+00  1  0   0  0   0   1         0
5593.976  5.594  0   0  2 8.737e+02 8.737e-01  2 7.466e+03 7.466e+00  1  0   0  0   0   1         0
5565.189  5.565  0   0  4 3.126e+01 3.126e-02  4 2.479e+02 2.479e-01  1  0   0  0   0   1         0
5566.698  5.567  0   0  1 5.396e+03 5.396e+00  0 1.748e+04 1.748e+01  1  0   0  0   0   1         0
5583.572  5.584  0   0  2 3.104e+03 3.104e+00  2 3.653e+03 3.653e+00  1  0   0  0   0   1         0
5557.494  5.557  0   0  5 1.779e+03 1.779e+00  0 2.512e+03 2.512e+00  1  0   0  0   0   1         0
5596.488  5.596  0   0  1 1.682e+04 1.682e+01  0 3.435e+02 3.435e-01  1  0   0  0   0   1         0
5568.249  5.568  0   0  2 2.131e+00 2.131e-03  2 3.271e+02 3.271e-01  1  0   0  0   0   1         0
5555.082  5.555  0   0  3 5.943e+02 5.943e-01  0 9.174e+03 9.174e+00  1  0   0  0   0   1         0
5558.769  5.559  0   0  3 1.229e+04 1.229e+01  0 5.888e+03 5.888e+00  1  0   0  0   0   1         0
5596.652  5.597  0   0  5 2.445e+02 2.445e-01  0 1.416e+04 1.416e+01  1  0   0  0   0   1         0
5562.401  5.562  0   0  5 3.150e+03 3.150e+00  0 4.463e+00 4.463e-03  1  0   0  0   0   1         0
5583.168  5.583  0   0  1 7.069e+03 7.069e+00  0 2.431e+04 2.431e+01  1  0   0  0   0   1         0
5557.840  5.558  0   0  1 1.380e+02 1.380e-01  0 2.408e+04 2.408e+01  1  0   0  0   0   1         0
5559.743  5.560  0   0  4 8.494e+01 8.494e-02  4 1.444e+04 1.444e+01  1  0   0  0   0   1         0
5620.786  5.621  0   0  0 6.867e+03 6.867e+00  0 9.092e+01 9.092e-02  1  0   0  0   0   1         0
5645.214  5.645  0   0  4 1.338e+04 1.338e+01  4 2.012e+03 2.012e+00  1  0   0  0   0   1         0
5641.997  5.642  0   0  1 6.823e+02 6.823e-01  0 1.015e+04 1.015e+01  1  0   0  0   0   1         0
5602.894  5.603  0   0  1 2.521e+04 2.521e+01  0 9.608e+03 9.608e+00  1  0   0  0   0   1         0
5630.861  5.631  0   0  2 5.598e+03 5.598e+00  2 1.667e+04 1.667e+01  1  0   0  0   0   1         0
5638.655  5.639  0   0  3 4.112e+01 4.112e-02  0 5.542e+04 5.542e+01  1  0   0  0   0   1         0
5627.584  5.628  0   0  6 1.217e+01 1.217e-02  6 1.452e+04 1.452e+01  1  0   0  0   0   1         0
5649.154  5.649  0   0  0 2.186e+03 2.186e+00  0 5.466e+01 5.466e-02  1  0   0  0   0   1         0
5634.354  5.634  0   0  5 6.282e+03 6.282e+00  0 2.485e+03 2.485e+00  1  0   0  0   0   1         0
5605.230  5.605  0   0  2 6.330e+03 6.330e+00  2 2.769e+04 2.769e+01  1  0   0  0   0   1         0
5609.953  5.610  0   0  3 4.488e+02 4.488e-01  0 1.143e+04 1.143e+01  1  0   0  0   0   1         0
5641.347  5.641  0   0  4 6.901e+01 6.901e-02  4 2.596e+04 2.596e+01  1  0   0  0   0   1         0
5649.839  5.650  0   0  4 1.317e+04 1.317e+01  4 1.976e+04 1.976e+01  1  0   0  0   0   1         0
5604.938  5.605  0   0  0 1.172e+02 1.172e-01  0 3.486e+04 3.486e+01  1  0   0  0   0   1         0
5669.864  5.670  0   0  3 5.522e+03 5.522e+00  0 1.720e+04 1.720e+01  1  0   0  0   0   1         0
5670.754  5.671  0   0  1 1.106e+03 1.106e+00  0 1.084e+04 1.084e+01  1  0   0  0   0   1         0
5680.319  5.680  0   0  4 2.721e+02 2.721e-01  4 4.854e+02 4.854e-01  1  0   0  0   0   1         0
5688.057  5.688  0   0  1 2.487e+03 2.487e+00  0 9.728e+03 9.728e+00  1  0   0  0   0   1         0
5678.276  5.678  0   0  2 4.195e+03 4.195e+00  2 1.797e+02 1.797e-01  1  0   0  0   0   1         0
5675.498  5.675  0   0  3 1.277e+03 1.277e+00  0 1.418e+03 1.418e+00  1  0   0  0   0   1         0
5686.392  5.686  0   0  2 1.412e+04 1.412e+01  2 9.317e+02 9.317e-01  1  0   0  0   0   1         0
5685.313  5.685  0   0  4 5.048e+00 5.048e-03  4 3.634e+01 3.634e-02  1  0   0  0   0   1         0
5691.551  5.692  0   0  3 2.374e+03 2.374e+00  0 1.233e+03 1.233e+00  1  0   0  0   0   1         0
5653.142  5.653  0   0  0 4.067e+03 4.067e+00  0 9.815e+03 9.815e+00  1  0   0  0   0   1         0
5687.791  5.688  0   0  4 3.423e+02 3.423e-01  4 1.620e+03 1.620e+00  1  0   0  0   0   1         0
5675.747  5.676  0   0  1 2.465e+02 2.465e-01  0 1.167e+04 1.167e+01  1  0   0  0   0   1         0
5653.751  5.654  0   0  1 4.490e+02 4.490e-01  0 5.995e+04 5.995e+01  1  0   0  0   0   1         0
5702.111  5.702  0   0  3 3.703e+03 3.703e+00  0 3.457e+02 3.457e-01  1  0   0  0   0   1         0
5713.074  5.713  0   0  0 6.271e+02 6.271e-01  0 1.757e+04 1.757e+01  1  0   0  0   0   1         0
5707.934  5.708  0   0  5 7.711e+02 7.711e-01  0 1.685e+00 1.685e-03  1  0   0  0   0   1         0
5742.169  5.742  0   0  1 9.154e+03 9.154e+00  0 1.852e+03 1.852e+00  1  0   0  0   0   1         0
5704.261  5.704  0   0  1 2.775e+03 2.775e+00  0 2.999e+03 2.999e+00  1  0   0  0   0   1         0
5748.331  5.748  0   0  4 4.968e+03 4.968e+00  4 4.221e+02 4.221e-01  1  0   0  0   0   1         0
5729.483  5.729  0   0  0 4.453e+03 4.453e+00  0 8.977e+03 8.977e+00  1  0   0  0   0   1         0
5725.946  5.726  0   0  2 1.664e+03 1.664e+00  2 9.609e+03 9.609e+00  1  0   0  0   0   1         0
5742.398  5.742  0   0  0 2.176e+02 2.176e-01  0 1.864e+03 1.864e+00  1  0   0  0   0   1         0
5701.384  5.701  0   0  1 7.190e+03 7.190e+00  0 7.882e+03 7.882e+00  1  0   0  0   0   1         0
5738.898  5.739  0   0  2 1.969e+01 1.969e-02  2 9.449e+02 9.449e-01  1  0   0  0   0   1         0
5705.855  5.706  0   0  2 2.309e+02 2.309e-01  2 4.852e+03 4.852e+00  1  0   0  0   0   1         0
5742.070  5.742  0   0  4 1.018e+03 1.018e+00  4 2.764e+03 2.764e+00  1  0   0  0   0   1         0
5726.518  5.727  0   0  2 1.053e+02 1.053e-01  2 6.316e+04 6.316e+01  1  0   0  0   0   1         0
5703.070  5.703  0   0  3 1.273e+03 1.273e+00  0 1.933e+04 1.933e+01  1  0   0  0   0   1         0
5741.695  5.742  0   0  4 2.966e+03 2.966e+00  4 7.187e+01 7.187e-02  1  0   0  0   0   1         0
5701.372  5.701  0   0  3 1.119e+04 1.119e+01  0 2.456e+04 2.456e+01  1  0   0  0   0   1         0
5706.947  5.707  0   0  4 9.237e-01 9.237e-04  4 2.808e+02 2.808e-01  1  0   0  0   0   1         0
5739.929  5.740  0   0  1 9.353e+03 9.353e+00  0 5.197e+04 5.197e+01  1  0   0  0   0   1         0
5723.302  5.723  0   0  5 1.588e+02 1.588e-01  0 2.196e+04 2.196e+01  1  0   0  0   0   1         0
5744.094  5.744  0   0  1 1.226e+02 1.226e-01  0 5.844e+02 5.844e-01  1  0   0  0   0   1         0
5772.857  5.773  0   0  1 2.266e+03 2.266e+00  0 5.791e+03 5.791e+00  1  0   0  0   0   1         0
5756.248  5.756  0   0  1 6.879e+00 6.879e-03  0 3.482e+02 3.482e-01  1  0   0  0   0   1         0
5751.036  5.751  0   0  4 1.388e+04 1.388e+01  4 3.117e+03 3.117e+00  1  0   0  0   0   1         0
5799.706  5.800  0   0  5 7.497e+02 7.497e-01  0 3.192e+00 3.192e-03  1  0   0  0   0   1         0
5793.858  5.794  0   0  4 2.468e+03 2.468e+00  4 2.475e+03 2.475e+00  1  0   0  0   0   1         0
5795.636  5.796  0   0  5 8.243e+01 8.243e-02  0 4.675e+03 4.675e+00  1  0   0  0   0   1         0
5764.276  5.764  0   0  2 5.849e+03 5.849e+00  2 2.624e+02 2.624e-01  1  0   0  0   0   1         0
5761.045  5.761  0   0  3 3.807e+01 3.807e-02  0 8.476e+03 8.476e+00  1  0   0  0   0   1         0
5771.350  5.771  0   0  3 3.516e+02 3.516e-01  0 2.152e+04 2.152e+01  1  0   0  0   0   1         0
5772.724  5.773  0   0  6 1.215e+03 1.215e+00  6 1.392e+02 1.392e-01  1  0   0  0   0   1         0
5750.281  5.750  0   0  1 2.513e+04 2.513e+01  0 1.473e+04 1.473e+01  1  0   0  0   0   1         0
5789.003  5.789  0   0  0 2.813e+01 2.813e-02  0 1.042e+04 1.042e+01  1  0   0  0   0   1         0
5799.834  5.800  0   0  0 9.080e+02 9.080e-01  0 5.682e-01 5.682e-04  1  0   0  0   0   1         0
5776.493  5.776  0   0  0 7.429e+02 7.429e-01  0 1.235e+04 1.235e+01  1  0   0  0   0   1         0
5769.468  5.769  0   0  2 5.480e+02 5.480e-01  2 7.021e+02 7.021e-01  1  0   0  0   0   1         0
5769.693  5.770  0   0  2 8.263e+01 8.263e-02  2 7.602e+03 7.602e+00  1  0   0  0   0   1         0
5754.824  5.755  0   0  4 9.574e+02 9.574e-01  4 1.282e+04 1.282e+01  1  0   0  0   0   1         0
5836.095  5.836  0   0  7 1.622e+03 1.622e+00  0 3.545e+03 3.545e+00  1  0   0  0   0   1         0
5817.976  5.818  0   0  7 5.286e+03 5.286e+00  0 2.669e+03 2.669e+00  1  0   0  0   0   1         0
5814.199  5.814  0   0  0 2.512e+03 2.512e+00  0 9.307e+03 9.307e+00  1  0   0  0   0   1         0
5821.182  5.821  0   0  4 5.595e+03 5.595e+00  4 7.948e+03 7.948e+00  1  0   0  0   0   1         0
5804.872  5.805  0   0  4 1.664e+02 1.664e-01  4 3.341e+03 3.341e+00  1  0   0  0   0   1         0
5822.621  5.823  0   0  1 1.902e+03 1.902e+00  0 6.121e+03 6.121e+00  1  0   0  0   0   1         0
5802.167  5.802  0   0  0 4.647e+03 4.647e+00  0 2.822e+03 2.822e+00  1  0   0  0   0   1         0
5800.198  5.800  0   0  1 2.171e+02 2.171e-01  0 1.083e+04 1.083e+01  1  0   0  0   0   1         0
5846.590  5.847  0   0  2 1.777e+03 1.777e+00  2 4.560e+03 4.560e+00  1  0   0  0   0   1         0
5834.516  5.835  0   0  2 1.691e+03 1.691e+00  2 4.643e+03 4.643e+00  1  0   0  0   0   1         0
5828.149  5.828  0   0  1 1.114e+03 1.114e+00  0 3.424e+03 3.424e+00  1  0   0  0   0   1         0
5817.107  5.817  0   0  4 2.927e+03 2.927e+00  4 6.078e+02 6.078e-01  1  0   0  0   0   1         0
5828.584  5.829  0   0  4 2.508e+02 2.508e-01  4 4.589e+04 4.589e+01  1  0   0  0   0   1         0
5844.601  5.845  0   0  3 1.289e+03 1.289e+00  0 8.106e+02 8.106e-01  1  0   0  0   0   1         0
5832.671  5.833  0   0  2 1.694e+04 1.694e+01  2 8.933e+03 8.933e+00  1  0   0  0   0   1         0
5830.179  5.830  0   0  2 5.410e+02 5.410e-01  2 3.705e+02 3.705e-01  1  0   0  0   0   1         0
5823.068  5.823  0   0  4 1.847e+03 1.847e+00  4 1.077e+02 1.077e-01  1  0   0  0   0   1         0
5817.337  5.817  0   0  0 7.082e+00 7.082e-03  0 9.472e+02 9.472e-01  1  0   0  0   0   1         0
5834.976  5.835  0   0  0 1.126e+01 1.126e-02  0 8.543e+02 8.543e-01  1  0   0  0   0   1         0
5887.539  5.888  0   0  0 8.083e+03 8.083e+00  0 8.692e+03 8.692e+00  1  0   0  0   0   1         0
5852.979  5.853  0   0  6 3.756e+02 3.756e-01  6 5.270e+03 5.270e+00  1  0   0  0   0   1         0
5888.528  5.889  0   0  4 7.099e+01 7.099e-02  4 2.329e+04 2.329e+01  1  0   0  0   0   1         0
5863.466  5.863  0   0  4 2.209e+02 2.209e-01  4 1.065e+04 1.065e+01  1  0   0  0   0   1         0
5869.532  5.870  0   0  3 5.279e+03 5.279e+00  0 2.771e+03 2.771e+00  1  0   0  0   0   1         0
5854.350  5.854  0   0  0 3.329e+03 3.329e+00  0 2.301e+04 2.301e+01  1  0   0  0   0   1         0
5891.962  5.892  0   0  2 5.610e+02 5.610e-01  2 5.815e+04 5.815e+01  1  0   0  0   0   1         0
5878.093  5.878  0   0  2 6.330e+03 6.330e+00  2 3.534e+03 3.534e+00  1  0   0  0   0   1         0
5875.291  5.875  0   0  1 5.454e+03 5.454e+00  0 3.439e+04 3.439e+01  1  0   0  0   0   1         0
5898.435  5.898  0   0  2 7.253e+02 7.253e-01  2 5.595e+04 5.595e+01  1  0   0  0   0   1         0
5866.776  5.867  0   0  2 4.884e+03 4.884e+00  2 3.855e+04 3.855e+01  1  0   0  0   0   1         0
5894.561  5.895  0   0  2 6.729e+02 6.729e-01  2 2.083e+03 2.083e+00  1  0   0  0   0   1         0
5886.031  5.886  0   0  3 2.003e+03 2.003e+00  0 8.513e+03 8.513e+00  1  0   0  0   0   1         0
5896.442  5.896  0   0  0 1.231e+04 1.231e+01  0 3.619e+03 3.619e+00  1  0   0  0   0   1         0
5895.409  5.895  0   0  3 5.176e+03 5.176e+00  0 5.152e+01 5.152e-02  1  0   0  0   0   1         0
5899.553  5.900  0   0  4 7.265e+02 7.265e-01  4 1.696e+03 1.696e+00  1  0   0  0   0   1         0
5914.617  5.915  0   0  4 2.332e+02 2.332e-01  4 1.125e-01 1.125e-04  1  0   0  0   0   1         0
5923.198  5.923  0   0  1 5.717e+03 5.717e+00  0 8.429e+02 8.429e-01  1  0   0  0   0   1         0
5935.334  5.935  0   0  1 2.914e+00 2.914e-03  0 3.643e+03 3.643e+00  1  0   0  0   0   1         0
5943.625  5.944  0   0  3 2.229e+02 2.229e-01  0 7.962e+02 7.962e-01  1  0   0  0   0   1         0
5932.980  5.933  0   0  3 1.047e+03 1.047e+00  0 9.667e+03 9.667e+00  1  0   0  0   0   1         0
5937.698  5.938  0   0  0 4.558e+00 4.558e-03  0 3.018e+03 3.018e+00  1  0   0  0   0   1         0
5908.699  5.909  0   0  0 1.519e+03 1.519e+00  0 2.302e+02 2.302e-01  1  0   0  0   0   1         0
5943.895  5.944  0   0  3 1.357e+03 1.357e+00  0 1.909e+03 1.909e+00  1  0   0  0   0   1         0
5913.831  5.914  0   0  3 2.201e+03 2.201e+00  0 2.187e+04 2.187e+01  1  0   0  0   0   1         0
5906.444  5.906  0   0  1 2.107e+02 2.107e-01  0 4.248e+03 4.248e+00  1  0   0  0   0   1         0
5948.817  5.949  0   0  4 7.839e+02 7.839e-01  4 4.660e+03 4.660e+00  1  0   0  0   0   1         0
5910.119  5.910  0   0  3 6.343e+03 6.343e+00  0 1.228e+04 1.228e+01  1  0   0  0   0   1         0
5906.859  5.907  0   0  4 4.549e+02 4.549e-01  4 1.181e+04 1.181e+01  1  0   0  0   0   1         0
5931.354  5.931  0   0  3 1.128e+04 1.128e+01  0 1.298e+04 1.298e+01  1  0   0  0   0   1         0
5915.993  5.916  0   0  5 1.449e+03 1.449e+00  0 2.559e+02 2.559e-01  1  0   0  0   0   1         0
5906.694  5.907  0   0  4 1.613e+03 1.613e+00  4 2.338e+03 2.338e+00  1  0   0  0   0   1         0
5930.111  5.930  0   0  2 1.226e+04 1.226e+01  2 7.572e+04 7.572e+01  1  0   0  0   0   1         0
5937.991  5.938  0   0  1 4.403e+03 4.403e+00  0 4.980e+02 4.980e-01  1  0   0  0   0   1         0
5939.697  5.940  0   0  0 1.756e+03 1.756e+00  0 2.707e+03 2.707e+00  1  0   0  0   0   1         0
5907.806  5.908  0   0  5 9.611e+02 9.611e-01  0 2.800e+04 2.800e+01  1  0   0  0   0   1         0
5927.899  5.928  0   0  0 3.211e+03 3.211e+00  0 1.656e+04 1.656e+01  1  0   0  0   0   1         0
5959.002  5.959  0   0  0 1.810e+03 1.810e+00  0 2.924e+02 2.924e-01  1  0   0  0   0   1         0
5987.647  5.988  0   0  3 6.230e+03 6.230e+00  0 1.177e+03 1.177e+00  1  0   0  0   0   1         0
5957.504  5.958  0   0  3 6.022e+02 6.022e-01  0 2.442e+01 2.442e-02  1  0   0  0   0   1         0
5973.528  5.974  0   0  4 7.046e+02 7.046e-01  4 1.117e+03 1.117e+00  1  0   0  0   0   1         0
5986.626  5.987  0   0  0 2.299e+02 2.299e-01  0 2.408e+04 2.408e+01  1  0   0  0   0   1         0
5982.613  5.983  0   0  5 4.744e+02 4.744e-01  0 1.058e+04 1.058e+01  1  0   0  0   0   1         0
5960.568  5.961  0   0  3 3.599e+03 3.599e+00  0 1.100e+04 1.100e+01  1  0   0  0   0   1         0
5965.246  5.965  0   0  3 3.451e+03 3.451e+00  0 8.010e+03 8.010e+00  1  0   0  0   0   1         0
5998.455  5.998  0   0  4 3.207e+04 3.207e+01  4 1.984e+04 1.984e+01  1  0   0  0   0   1         0
5972.489  5.972  0   0  4 2.849e+02 2.849e-01  4 6.656e+04 6.656e+01  1  0   0  0   0   1         0
5952.232  5.952  0   0  3 5.806e+02 5.806e-01  0 3.657e+03 3.657e+00  1  0   0  0   0   1         0
5961.018  5.961  0   0  9 6.426e+02 6.426e-01  0 2.531e+02 2.531e-01  1  0   0  0   0   1         0
5967.173  5.967  0   0  1 5.928e+03 5.928e+00  0 2.595e+04 2.595e+01  1  0   0  0   0   1         0
5999.975  6.000  0   0  0 9.181e-01 9.181e-04  0 1.274e+03 1.274e+00  1  0   0  0   0   1         0
5965.182  5.965  0   0  0 1.525e+03 1.525e+00  0 1.160e+03 1.160e+00  1  0   0  0   0   1         0
5951.326  5.951  0   0  4 1.653e+04 1.653e+01  4 6.751e+03 6.751e+00  1  0   0  0   0   1         0
5975.702  5.976  0   0  4 1.331e+04 1.331e+01  4 1.708e+04 1.708e+01  1  0   0  0   0   1         0
5954.198  5.954  0   0  0 5.185e+03 5.185e+00  0 1.958e+04 1.958e+01  1  0   0  0   0   1         0
5963.748  5.964  0   0  2 3.776e+03 3.776e+00  2 1.003e+02 1.003e-01  1  0   0  0   0   1         0
5999.621  6.000  0   0  6 8.715e+02 8.715e-01  6 5.346e+03 5.346e+00  1  0   0  0   0   1         0
5985.279  5.985  0   0  2 3.359e+03 3.359e+00  2 1.670e+04 1.670e+01  1  0   0  0   0   1         0
6016.821  6.017  0   0  0 1.706e+03 1.706e+00  0 2.515e+01 2.515e-02  1  0   0  0   0   1         0
6044.267  6.044  0   0  3 1.397e+04 1.397e+01  0 2.026e+04 2.026e+01  1  0   0  0   0   1         0
6006.895  6.007  0   0  2 2.239e+04 2.239e+01  2 3.110e+04 3.110e+01  1  0   0  0   0   1         0
6042.592  6.043  0   0  2 7.019e+02 7.019e-01  2 2.934e+02 2.934e-01  1  0   0  0   0   1         0
6012.925  6.013  0   0  3 4.926e+02 4.926e-01  0 4.066e+03 4.066e+00  1  0   0  0   0   1         0
6035.962  6.036  0   0  1 2.550e+03 2.550e+00  0 4.789e+02 4.789e-01  1  0   0  0   0   1         0
6040.449  6.040  0   0  5 8.715e+02 8.715e-01  0 8.077e+03 8.077e+00  1  0   0  0   0   1         0
6024.073  6.024  0   0  4 1.032e+04 1.032e+01  4 3.907e+03 3.907e+00  1  0   0  0   0   1         0
6009.754  6.010  0   0  2 1.573e+03 1.573e+00  2 3.477e+03 3.477e+00  1  0   0  0   0   1         0
6042.354  6.042  0   0  0 6.804e+02 6.804e-01  0 6.613e+03 6.613e+00  1  0   0  0   0   1         0
6018.584  6.019  0   0  3 1.119e+04 1.119e+01  0 1.868e+02 1.868e-01  1  0   0  0   0   1         0
6016.230  6.016  0   0  0 3.319e+03 3.319e+00  0 2.131e+03 2.131e+00  1  0   0  0   0   1         0
6025.724  6.026  0   0  2 3.303e+01 3.303e-02  2 1.741e+02 1.741e-01  1  0   0  0   0   1         0
6021.974  6.022  0   0  3 2.492e+03 2.492e+00  0 1.420e+03 1.420e+00  1  0   0  0   0   1         0
6034.344  6.034  0   0  5 8.197e+03 8.197e+00  0 3.310e+03 3.310e+00  1  0   0  0   0   1         0
6052.235  6.052  0   0  3 1.334e+03 1.334e+00  0 5.859e+03 5.859e+00  1  0   0  0   0   1         0
6079.762  6.080  0   0  4 1.302e+03 1.302e+00  4 9.104e+03 9.104e+00  1  0   0  0   0   1         0
6095.563  6.096  0   0  2 5.589e+03 5.589e+00  2 2.297e+04 2.297e+01  1  0   0  0   0   1         0
6084.081  6.084  0   0  2 5.467e+03 5.467e+00  2 8.248e+03 8.248e+00  1  0   0  0   0   1         0
6066.050  6.066  0   0  4 3.246e+02 3.246e-01  4 4.835e+02 4.835e-01  1  0   0  0   0   1         0
6082.341  6.082  0   0  3 2.185e+03 2.185e+00  0 2.949e+04 2.949e+01  1  0   0  0   0   1         0
6091.722  6.092  0   0  3 2.453e+04 2.453e+01  0 1.670e+04 1.670e+01  1  0   0  0   0   1         0
6074.007  6.074  0   0  1 1.027e+03 1.027e+00  0 4.871e+03 4.871e+00  1  0   0  0   0   1         0
6091.113  6.091  0   0  3 3.248e+02 3.248e-01  0 6.922e+04 6.922e+01  1  0   0  0   0   1         0
6069.802  6.070  0   0  6 3.029e+03 3.029e+00  6 4.338e+00 4.338e-03  1  0   0  0   0   1         0
6067.622  6.068  0   0  3 6.283e+03 6.283e+00  0 7.802e+03 7.802e+00  1  0   0  0   0   1         0
6079.358  6.079  0   0  7 1.443e+03 1.443e+00  0 6.047e+01 6.047e-02  1  0   0  0   0   1         0
6073.449  6.073  0   0  7 1.482e+04 1.482e+01  0 2.226e+03 2.226e+00  1  0   0  0   0   1         0
6098.874  6.099  0   0  0 4.417e+02 4.417e-01  0 7.878e+02 7.878e-01  1  0   0  0   0   1         0
6149.783  6.150  0   0  3 1.724e+03 1.724e+00  0 9.917e+02 9.917e-01  1  0   0  0   0   1         0
6118.742  6.119  0   0  0 9.684e+02 9.684e-01  0 2.286e+02 2.286e-01  1  0   0  0   0   1         0
6135.632  6.136  0   0  3 1.422e+03 1.422e+00  0 4.577e+04 4.577e+01  1  0   0  0   0   1         0
6120.591  6.121  0   0  2 6.280e+02 6.280e-01  2 8.125e+03 8.125e+00  1  0   0  0   0   1         0
6107.077  6.107  0   0  2 3.653e+01 3.653e-02  2 4.612e+02 4.612e-01  1  0   0  0   0   1         0
6117.033  6.117  0   0  6 1.724e+00 1.724e-03  6 5.389e+03 5.389e+00  1  0   0  0   0   1         0
6111.819  6.112  0   0  2 2.051e+03 2.051e+00  2 1.356e+04 1.356e+01  1  0   0  0   0   1         0
6116.589  6.117  0   0  7 1.233e+03 1.233e+00  0 7.317e+03 7.317e+00  1  0   0  0   0   1         0
6110.893  6.111  0   0  4 6.434e+03 6.434e+00  4 2.360e+03 2.360e+00  1  0   0  0   0   1         0
6105.701  6.106  0   0  1 3.288e+03 3.288e+00  0 1.695e+04 1.695e+01  1  0   0  0   0   1         0
6111.014  6.111  0   0  3 1.002e+03 1.002e+00  0 1.313e+03 1.313e+00  1  0   0  0   0   1         0
6145.358  6.145  0   0  2 5.687e+03 5.687e+00  2 1.089e+04 1.089e+01  1  0   0  0   0   1         0
6104.327  6.104  0   0  4 1.598e+04 1.598e+01  4 8.904e+01 8.904e-02  1  0   0  0   0   1         0
6116.422  6.116  0   0  4 2.194e+03 2.194e+00  4 7.134e+03 7.134e+00  1  0   0  0   0   1         0
6126.630  6.127  0   0  4 5.699e+03 5.699e+00  4 1.182e+04 1.182e+01  1  0   0  0   0   1         0
6117.917  6.118  0   0  3 3.835e+03 3.835e+00  0 5.909e+03 5.909e+00  1  0   0  0   0   1         0
6126.088  6.126  0   0  5 1.144e+03 1.144e+00  0 6.572e+03 6.572e+00  1  0   0  0   0   1         0
6102.206  6.102  0   0  0 2.915e+03 2.915e+00  0 5.802e+02 5.802e-01  1  0   0  0   0   1         0
6132.618  6.133  0   0  3 7.219e+03 7.219e+00  0 1.197e+03 1.197e+00  1  0   0  0   0   1         0
6128.379  6.128  0   0  3 6.621e+00 6.621e-03  0 7.488e+02 7.488e-01  1  0   0  0   0   1         0
6134.228  6.134  0   0  4 6.970e+03 6.970e+00  4 8.159e+03 8.159e+00  1  0   0  0   0   1         0
6152.769  6.153  0   0  0 5.562e+03 5.562e+00  0 6.746e+04 6.746e+01  1  0   0  0   0   1         0
6150.263  6.150  0   0  0 6.521e+00 6.521e-03  0 2.200e+03 2.200e+00  1  0   0  0   0   1         0
6152.932  6.153  0   0  0 2.456e+03 2.456e+00  0 1.219e+03 1.219e+00  1  0   0  0   0   1         0
6156.488  6.156  0   0  5 8.203e-03 8.203e-06  0 8.523e+02 8.523e-01  1  0   0  0   0   1         0
6163.038  6.163  0   0  1 3.740e+03 3.740e+00  0 1.314e+04 1.314e+01  1  0   0  0   0   1         0
6195.415  6.195  0   0  6 4.318e+03 4.318e+00  6 1.407e+02 1.407e-01  1  0   0  0   0   1         0
6176.133  6.176  0   0  6 9.540e+02 9.540e-01  6 1.646e+03 1.646e+00  1  0   0  0   0   1         0
6189.974  6.190  0   0  1 1.225e+03 1.225e+00  0 3.025e+02 3.025e-01  1  0   0  0   0   1         0
6192.024  6.192  0   0  5 1.771e+02 1.771e-01  0 3.198e+03 3.198e+00  1  0   0  0   0   1         0
6186.903  6.187  0   0  0 6.716e+02 6.716e-01  0 2.746e+03 2.746e+00  1  0   0  0   0   1         0
6169.762  6.170  0   0  4 2.376e+04 2.376e+01  4 1.143e+04 1.143e+01  1  0   0  0   0   1         0
6193.287  6.193  0   0  1 8.284e+02 8.284e-01  0 1.745e+04 1.745e+01  1  0   0  0   0   1         0
6187.256  6.187  0   0  1 2.640e+04 2.640e+01  0 2.199e+04 2.199e+01  1  0   0  0   0   1         0
6187.310  6.187  0   0  1 3.845e+03 3.845e+00  0 1.358e+04 1.358e+01  1  0   0  0   0   1         0
6195.149  6.195  0   0  1 9.677e+02 9.677e-01  0 6.503e+03 6.503e+00  1  0   0  0   0   1         0
6180.126  6.180  0   0  4 4.623e+03 4.623e+00  4 2.229e+03 2.229e+00  1  0   0  0   0   1         0
6176.629  6.177  0   0  3 3.489e+01 3.489e-02  0 3.877e+01 3.877e-02  1  0   0  0   0   1         0
6194.586  6.195  0   0  3 1.024e+03 1.024e+00  0 5.839e+04 5.839e+01  1  0   0  0   0   1         0
6172.923  6.173  0   0  3 2.548e+03 2.548e+00  0 3.203e+04 3.203e+01  1  0   0  0   0   1         0
6190.700  6.191  0   0  4 4.750e+02 4.750e-01  4 5.655e+04 5.655e+01  1  0   0  0   0   1         0
6152.734  6.153  0   0  1 1.892e+03 1.892e+00  0 1.795e+03 1.795e+00  1  0   0  0   0   1         0
6233.452  6.233  0   0  9 3.081e+03 3.081e+00  0 1.349e+04 1.349e+01  1  0   0  0   0   1         0
6206.613  6.207  0   0  6 3.351e+02 3.351e-01  6 6.843e+03 6.843e+00  1  0   0  0   0   1         0
6221.309  6.221  0   0  3 8.168e+03 8.168e+00  0 3.370e+03 3.370e+00  1  0   0  0   0   1         0
6215.639  6.216  0   0  1 2.281e+03 2.281e+00  0 1.295e+04 1.295e+01  1  0   0  0   0   1         0
6234.009  6.234  0   0  2 2.952e-01 2.952e-04  2 7.434e+04 7.434e+01  1  0   0  0   0   1         0
6206.891  6.207  0   0  2 6.023e+02 6.023e-01  2 1.056e+04 1.056e+01  1  0   0  0   0   1         0
6211.777  6.212  0   0  0 1.458e+03 1.458e+00  0 2.042e+03 2.042e+00  1  0   0  0   0   1         0
6235.728  6.236  0   0  3 2.789e+03 2.789e+00  0 1.739e+04 1.739e+01  1  0   0  0   0   1         0
6207.915  6.208  0   0  1 1.360e+04 1.360e+01  0 1.068e+04 1.068e+01  1  0   0  0   0   1         0
6221.292  6.221  0   0  2 2.859e-01 2.859e-04  2 5.833e+02 5.833e-01  1  0   0  0   0   1         0
6235.803  6.236  0   0  3 7.721e+03 7.721e+00  0 7.277e+03 7.277e+00  1  0   0  0   0   1         0
6238.412  6.238  0   0  0 4.928e+03 4.928e+00  0 1.464e+03 1.464e+00  1  0   0  0   0   1         0
6204.812  6.205  0   0  1 3.529e+02 3.529e-01  0 3.558e+02 3.558e-01  1  0   0  0   0   1         0
6242.697  6.243  0   0  0 6.499e+00 6.499e-03  0 7.120e+02 7.120e-01  1  0   0  0   0   1         0
6236.354  6.236  0   0  2 4.432e+02 4.432e-01  2 2.703e+03 2.703e+00  1  0   0  0   0   1         0
6217.141  6.217  0   0  4 1.195e+03 1.195e+00  4 4.495e+03 4.495e+00  1  0   0  0   0   1         0
6238.330  6.238  0   0  3 7.554e+02 7.554e-01  0 1.977e+04 1.977e+01  1  0   0  0   0   1         0
6236.568  6.237  0   0  7 1.316e+04 1.316e+01  0 1.659e+04 1.659e+01  1  0   0  0   0   1         0
6230.231  6.230  0   0  3 2.376e+03 2.376e+00  0 7.564e+03 7.564e+00  1  0   0  0   0   1         0
6228.116  6.228  0   0  0 1.806e+03 1.806e+00  0 1.163e+04 1.163e+01  1  0   0  0   0   1         0
6236.886  6.237  0   0  5 9.530e+03 9.530e+00  0 9.710e+00 9.710e-03  1  0   0  0   0   1         0
6252.769  6.253  0   0  0 2.251e+02 2.251e-01  0 4.358e+04 4.358e+01  1  0   0  0   0   1         0
6266.185  6.266  0   0  4 1.225e+02 1.225e-01  4 6.780e+02 6.780e-01  1  0   0  0   0   1         0
6281.621  6.282  0   0  1 9.652e+03 9.652e+00  0 8.758e+03 8.758e+00  1  0   0  0   0   1         0
6295.705  6.296  0   0  4 5.643e+01 5.643e-02  4 8.645e+03 8.645e+00  1  0   0  0   0   1         0
6268.064  6.268  0   0  3 1.315e+04 1.315e+01  0 5.481e+03 5.481e+00  1  0   0  0   0   1         0
6293.091  6.293  0   0  0 7.721e+03 7.721e+00  0 3.011e+03 3.011e+00  1  0   0  0   0   1         0
6295.974  6.296  0   0  1 1.456e+03 1.456e+00  0 1.875e+03 1.875e+00  1  0   0  0   0   1         0
6251.068  6.251  0   0  5 3.316e+04 3.316e+01  0 2.068e+03 2.068e+00  1  0   0  0   0   1         0
6262.110  6.262  0   0  0 1.387e+03 1.387e+00  0 1.267e+04 1.267e+01  1  0   0  0   0   1         0
6285.648  6.286  0   0  7 1.652e+03 1.652e+00  0 3.516e+03 3.516e+00  1  0   0  0   0   1         0
6287.980  6.288  0   0  5 1.173e+03 1.173e+00  0 2.928e+03 2.928e+00  1  0   0  0   0   1         0
6269.802  6.270  0   0  3 2.143e+03 2.143e+00  0 3.342e+04 3.342e+01  1  0   0  0   0   1         0
6283.008  6.283  0   0  1 2.043e+03 2.043e+00  0 3.273e+02 3.273e-01  1  0   0  0   0   1         0
6280.787  6.281  0   0  1 2.542e+04 2.542e+01  0 4.624e+03 4.624e+00  1  0   0  0   0   1         0
6287.134  6.287  0   0  4 1.794e+02 1.794e-01  4 9.125e+03 9.125e+00  1  0   0  0   0   1         0
6286.085  6.286  0   0  4 1.497e+04 1.497e+01  4 6.563e+02 6.563e-01  1  0   0  0   0   1         0
6308.577  6.309  0   0  2 9.170e+02 9.170e-01  2 1.255e+03 1.255e+00  1  0   0  0   0   1         0
6339.300  6.339  0   0  3 2.770e+04 2.770e+01  0 1.489e+04 1.489e+01  1  0   0  0   0   1         0
6345.749  6.346  0   0  0 3.294e+03 3.294e+00  0 2.157e+04 2.157e+01  1  0   0  0   0   1         0
6346.323  6.346  0   0  5 1.914e+03 1.914e+00  0 2.158e+02 2.158e-01  1  0   0  0   0   1         0
6315.066  6.315  0   0  1 2.215e+03 2.215e+00  0 6.744e+02 6.744e-01  1  0   0  0   0   1         0
6342.115  6.342  0   0  3 1.957e+04 1.957e+01  0 8.821e+03 8.821e+00  1  0   0  0   0   1         0
6326.994  6.327  0   0  1 8.393e-01 8.393e-04  0 1.550e+02 1.550e-01  1  0   0  0   0   1         0
6341.246  6.341  0   0  1 1.747e+04 1.747e+01  0 1.965e+04 1.965e+01  1  0   0  0   0   1         0
6327.600  6.328  0   0  1 2.103e+01 2.103e-02  0 8.615e+03 8.615e+00  1  0   0  0   0   1         0
6307.387  6.307  0   0  2 2.151e+03 2.151e+00  2 1.909e+03 1.909e+00  1  0   0  0   0   1         0
6304.015  6.304  0   0  3 2.638e+04 2.638e+01  0 1.270e+04 1.270e+01  1  0   0  0   0   1         0
6347.891  6.348  0   0  1 4.191e+03 4.191e+00  0 6.467e+03 6.467e+00  1  0   0  0   0   1         0
6321.470  6.321  0   0  5 4.070e+02 4.070e-01  0 1.614e+04 1.614e+01  1  0   0  0   0   1         0
6317.694  6.318  0   0  1 8.887e+03 8.887e+00  0 4.108e+03 4.108e+00  1  0   0  0   0   1         0
6317.984  6.318  0   0  3 2.072e+03 2.072e+00  0 3.486e+03 3.486e+00  1  0   0  0   0   1         0
6319.120  6.319  0   0  3 1.747e+04 1.747e+01  0 1.517e+04 1.517e+01  1  0   0  0   0   1         0
6347.287  6.347  0   0  4 6.280e+02 6.280e-01  4 3.266e+04 3.266e+01  1  0   0  0   0   1         0
6303.179  6.303  0   0  2 2.268e+03 2.268e+00  2 1.119e+01 1.119e-02  1  0   0  0   0   1         0
6306.031  6.306  0   0  4 3.184e+02 3.184e-01  4 5.508e+03 5.508e+00  1  0   0  0   0   1         0
6339.604  6.340  0   0  7 1.080e+04 1.080e+01  0 6.768e+03 6.768e+00  1  0   0  0   0   1         0
6327.652  6.328  0   0  3 3.167e+01 3.167e-02  0 1.187e+04 1.187e+01  1  0   0  0   0   1         0
6306.510  6.307  0   0  5 4.550e+03 4.550e+00  0 7.502e+00 7.502e-03  1  0   0  0   0   1         0
6301.748  6.302  0   0  2 1.919e+03 1.919e+00  2 6.933e+02 6.933e-01  1  0   0  0   0   1         0
6311.341  6.311  0   0  4 7.137e+03 7.137e+00  4 5.746e+02 5.746e-01  1  0   0  0   0   1         0
6313.183  6.313  0   0  0 1.001e+03 1.001e+00  0 4.983e+03 4.983e+00  1  0   0  0   0   1         0
6300.721  6.301  0   0  1 6.460e+02 6.460e-01  0 2.845e+03 2.845e+00  1  0   0  0   0   1         0
6310.930  6.311  0   0  7 2.754e+03 2.754e+00  0 2.442e+02 2.442e-01  1  0   0  0   0   1         0
6337.057  6.337  0   0  5 4.527e+03 4.527e+00  0 9.461e+02 9.461e-01  1  0   0  0   0   1         0
6342.862  6.343  0   0  6 8.043e+02 8.043e-01  6 2.410e+04 2.410e+01  1  0   0  0   0   1         0
6344.978  6.345  0   0  6 7.725e+02 7.725e-01  6 3.745e+03 3.745e+00  1  0   0  0   0   1         0
6394.266  6.394  0   0  2 1.909e+02 1.909e-01  2 2.664e+03 2.664e+00  1  0   0  0   0   1         0
6351.857  6.352  0   0  4 8.755e+03 8.755e+00  4 3.012e+04 3.012e+01  1  0   0  0   0   1         0
6381.859  6.382  0   0  4 1.470e+03 1.470e+00  4 5.086e+03 5.086e+00  1  0   0  0   0   1         0
6395.369  6.395  0   0  5 3.819e+01 3.819e-02  0 3.208e+04 3.208e+01  1  0   0  0   0   1         0
6398.849  6.399  0   0  4 4.463e+03 4.463e+00  4 3.145e+03 3.145e+00  1  0   0  0   0   1         0
6382.668  6.383  0   0  2 4.800e+03 4.800e+00  2 2.273e+04 2.273e+01  1  0   0  0   0   1         0
6397.530  6.398  0   0  4 1.019e+02 1.019e-01  4 3.369e+03 3.369e+00  1  0   0  0   0   1         0
6353.833  6.354  0   0  6 1.018e+04 1.018e+01  6 1.113e+04 1.113e+01  1  0   0  0   0   1         0
6368.129  6.368  0   0  3 2.220e+03 2.220e+00  0 6.472e+03 6.472e+00  1  0   0  0   0   1         0
6350.442  6.350  0   0  0 1.726e+04 1.726e+01  0 1.127e+04 1.127e+01  1  0   0  0   0   1         0
6399.072  6.399  0   0  1 3.656e+01 3.656e-02  0 1.945e+03 1.945e+00  1  0   0  0   0   1         0
6395.198  6.395  0   0  4 4.448e+02 4.448e-01  4 3.190e+01 3.190e-02  1  0   0  0   0   1         0
6351.422  6.351  0   0  4 7.974e+03 7.974e+00  4 3.922e+02 3.922e-01  1  0   0  0   0   1         0
6350.919  6.351  0   0  2 1.827e+03 1.827e+00  2 2.617e+03 2.617e+00  1  0   0  0   0   1         0
6368.515  6.369  0   0  3 2.084e+04 2.084e+01  0 4.236e+03 4.236e+00  1  0   0  0   0   1         0
6363.065  6.363  0   0  1 3.445e+04 3.445e+01  0 2.359e+04 2.359e+01  1  0   0  0   0   1         0
6392.438  6.392  0   0  5 2.223e+03 2.223e+00  0 2.706e+03 2.706e+00  1  0   0  0   0   1         0
6358.121  6.358  0   0  0 1.614e+03 1.614e+00  0 9.774e+02 9.774e-01  1  0   0  0   0   1         0
6389.650  6.390  0   0  3 9.076e+02 9.076e-01  0 2.400e+02 2.400e-01  1  0   0  0   0   1         0
6377.899  6.378  0   0  1 2.516e+03 2.516e+00  0 8.617e+03 8.617e+00  1  0   0  0   0   1         0
6425.647  6.426  0   0  1 4.223e+03 4.223e+00  0 2.163e+03 2.163e+00  1  0   0  0   0   1         0
6409.151  6.409  0   0  4 1.743e+03 1.743e+00  4 3.753e+03 3.753e+00  1  0   0  0   0   1         0
6423.324  6.423  0   0  2 8.997e+03 8.997e+00  2 1.659e+04 1.659e+01  1  0   0  0   0   1         0
6418.814  6.419  0   0  3 4.043e+03 4.043e+00  0 1.891e+04 1.891e+01  1  0   0  0   0   1         0
6433.460  6.433  0   0  1 1.564e+04 1.564e+01  0 3.485e+03 3.485e+00  1  0   0  0   0   1         0
6421.912  6.422  0   0  1 7.040e+00 7.040e-03  0 6.287e+03 6.287e+00  1  0   0  0   0   1         0
6439.086  6.439  0   0  6 5.831e+02 5.831e-01  6 1.249e+04 1.249e+01  1  0   0  0   0   1         0
6421.470  6.421  0   0  7 7.712e+01 7.712e-02  0 5.448e+04 5.448e+01  1  0   0  0   0   1         0
6411.915  6.412  0   0  2 3.613e+02 3.613e-01  2 7.858e+02 7.858e-01  1  0   0  0   0   1         0
6413.823  6.414  0   0  4 7.804e+02 7.804e-01  4 9.618e+02 9.618e-01  1  0   0  0   0   1         0
6402.294  6.402  0   0  7 4.977e+03 4.977e+00  0 5.689e+03 5.689e+00  1  0   0  0   0   1         0
6427.168  6.427  0   0  4 1.529e+03 1.529e+00  4 1.294e+04 1.294e+01  1  0   0  0   0   1         0
6441.641  6.442  0   0  5 1.295e+03 1.295e+00  0 7.364e+02 7.364e-01  1  0   0  0   0   1         0
6438.578  6.439  0   0  2 2.100e+03 2.100e+00  2 1.039e+04 1.039e+01  1  0   0  0   0   1         0
6422.061  6.422  0   0  2 1.589e+02 1.589e-01  2 6.006e+03 6.006e+00  1  0   0  0   0   1         0
6409.916  6.410  0   0  3 4.302e+03 4.302e+00  0 4.017e+03 4.017e+00  1  0   0  0   0   1         0
6443.255  6.443  0   0  3 9.064e+02 9.064e-01  0 1.689e+04 1.689e+01  1  0   0  0   0   1         0
6402.876  6.403  0   0  4 3.101e+02 3.101e-01  4 1.038e+04 1.038e+01  1  0   0  0   0   1         0
6420.128  6.420  0   0  4 3.412e+03 3.412e+00  4 1.315e+03 1.315e+00  1  0   0  0   0   1         0
6442.915  6.443  0   0  4 9.623e+02 9.623e-01  4 1.398e+03 1.398e+00  1  0   0  0   0   1         0
6419.825  6.420  0   0  3 1.030e+02 1.030e-01  0 8.941e+02 8.941e-01  1  0   0  0   0   1         0
6405.967  6.406  0   0  3 1.027e+04 1.027e+01  0 1.704e+04 1.704e+01  1  0   0  0   0   1         0
6413.434  6.413  0   0  1 1.038e+04 1.038e+01  0 3.132e+02 3.132e-01  1  0   0  0   0   1         0
6430.168  6.430  0   0  4 3.052e+02 3.052e-01  4 3.632e+01 3.632e-02  1  0   0  0   0   1         0
6454.227  6.454  0   0  6 8.365e+02 8.365e-01  6 7.973e+03 7.973e+00  1  0   0  0   0   1         0
6477.265  6.477  0   0  3 3.632e+03 3.632e+00  0 5.013e+03 5.013e+00  1  0   0  0   0   1         0
6456.259  6.456  0   0  7 1.787e+02 1.787e-01  0 2.724e+04 2.724e+01  1  0   0  0   0   1         0
6482.564  6.483  0   0  7 1.369e+04 1.369e+01  0 4.245e+04 4.245e+01  1  0   0  0   0   1         0
6488.977  6.489  0   0  3 1.397e+03 1.397e+00  0 6.559e+03 6.559e+00  1  0   0  0   0   1         0
6498.545  6.499  0   0  1 3.076e+02 3.076e-01  0 4.367e-01 4.367e-04  1  0   0  0   0   1         0
6497.453  6.497  0   0  2 2.827e+03 2.827e+00  2 5.632e+02 5.632e-01  1  0   0  0   0   1         0
6463.803  6.464  0   0  2 4.144e+02 4.144e-01  2 8.926e+02 8.926e-01  1  0   0  0   0   1         0
6451.490  6.451  0   0  1 1.182e+03 1.182e+00  0 5.107e+03 5.107e+00  1  0   0  0   0   1         0
6466.621  6.467  0   0  1 2.030e+04 2.030e+01  0 1.593e+03 1.593e+00  1  0   0  0   0   1         0
6485.563  6.486  0   0  3 3.560e+03 3.560e+00  0 6.629e+01 6.629e-02  1  0   0  0   0   1         0
6453.029  6.453  0   0  4 1.165e+03 1.165e+00  4 2.125e+02 2.125e-01  1  0   0  0   0   1         0
6468.142  6.468  0   0  1 6.050e+02 6.050e-01  0 1.155e+04 1.155e+01  1  0   0  0   0   1         0
6465.044  6.465  0   0  4 2.342e+03 2.342e+00  4 1.474e+02 1.474e-01  1  0   0  0   0   1         0
6461.084  6.461  0   0  3 2.023e+02 2.023e-01  0 3.850e+00 3.850e-03  1  0   0  0   0   1         0
6485.446  6.485  0   0  5 1.022e+04 1.022e+01  0 3.372e+04 3.372e+01  1  0   0  0   0   1         0
6483.106  6.483  0   0  2 1.486e+04 1.486e+01  2 7.403e+04 7.403e+01  1  0   0  0   0   1         0
6476.943  6.477  0   0  1 2.310e+04 2.310e+01  0 9.530e+03 9.530e+00  1  0   0  0   0   1         0
6495.593  6.496  0   0  3 1.190e+04 1.190e+01  0 2.224e+03 2.224e+00  1  0   0  0   0   1         0
6455.220  6.455  0   0  2 4.848e+02 4.848e-01  2 6.134e+03 6.134e+00  1  0   0  0   0   1         0
6457.571  6.458  0   0  1 6.066e+00 6.066e-03  0 1.115e+04 1.115e+01  1  0   0  0   0   1         0
6469.333  6.469  0   0  4 1.029e+04 1.029e+01  4 6.570e+04 6.570e+01  1  0   0  0   0   1         0
6482.946  6.483  0   0  4 5.218e+02 5.218e-01  4 1.153e+04 1.153e+01  1  0   0  0   0   1         0
6479.368  6.479  0   0  3 3.428e+02 3.428e-01  0 5.114e+04 5.114e+01  1  0   0  0   0   1         0
6453.749  6.454  0   0  1 2.133e+03 2.133e+00  0 1.260e+04 1.260e+01  1  0   0  0   0   1         0
6529.745  6.530  0   0  2 5.353e+03 5.353e+00  2 8.763e+03 8.763e+00  1  0   0  0   0   1         0
6529.716  6.530  0   0  3 6.626e+03 6.626e+00  0 4.743e+02 4.743e-01  1  0   0  0   0   1         0
6518.395  6.518  0   0  2 1.418e+02 1.418e-01  2 9.975e+02 9.975e-01  1  0   0  0   0   1         0
6528.393  6.528  0   0  7 5.287e+02 5.287e-01  0 7.702e+03 7.702e+00  1  0   0  0   0   1         0
6516.110  6.516  0   0  3 1.425e+02 1.425e-01  0 4.687e+04 4.687e+01  1  0   0  0   0   1         0
6500.055  6.500  0   0  2 9.359e+01 9.359e-02  2 8.197e+01 8.197e-02  1  0   0  0   0   1         0
6543.380  6.543  0   0  8 1.788e+01 1.788e-02  8 1.160e+02 1.160e-01  1  0   0  0   0   1         0
6521.634  6.522  0   0  2 2.007e+04 2.007e+01  2 6.245e+02 6.245e-01  1  0   0  0   0   1         0
6524.769  6.525  0   0  4 6.074e+02 6.074e-01  4 7.260e+03 7.260e+00  1  0   0  0   0   1         0
6504.226  6.504  0   0  2 6.084e+02 6.084e-01  2 4.595e+04 4.595e+01  1  0   0  0   0   1         0
6541.944  6.542  0   0  2 1.418e+03 1.418e+00  2 2.738e+03 2.738e+00  1  0   0  0   0   1         0
6508.611  6.509  0   0  4 3.431e+02 3.431e-01  4 2.454e+03 2.454e+00  1  0   0  0   0   1         0
6520.691  6.521  0   0  4 3.485e+03 3.485e+00  4 8.891e+03 8.891e+00  1  0   0  0   0   1         0
6542.101  6.542  0   0  4 9.403e+03 9.403e+00  4 3.402e+03 3.402e+00  1  0   0  0   0   1         0
6523.053  6.523  0   0  0 7.085e+03 7.085e+00  0 2.210e+03 2.210e+00  1  0   0  0   0   1         0
6546.599  6.547  0   0  3 5.877e+02 5.877e-01  0 2.047e+04 2.047e+01  1  0   0  0   0   1         0
6510.576  6.511  0   0  3 2.440e+03 2.440e+00  0 2.963e+04 2.963e+01  1  0   0  0   0   1         0
6535.895  6.536  0   0  7 1.249e+04 1.249e+01  0 1.125e+03 1.125e+00  1  0   0  0   0   1         0
6548.914  6.549  0   0  2 2.779e+03 2.779e+00  2 9.562e+02 9.562e-01  1  0   0  0   0   1         0
6527.643  6.528  0   0  4 4.869e+03 4.869e+00  4 6.442e+04 6.442e+01  1  0   0  0   0   1         0
6534.749  6.535  0   0  3 1.456e+04 1.456e+01  0 2.971e+03 2.971e+00  1  0   0  0   0   1         0
6519.819  6.520  0   0  4 1.432e+03 1.432e+00  4 7.984e+03 7.984e+00  1  0   0  0   0   1         0
6537.689  6.538  0   0  3 1.092e+04 1.092e+01  0 4.043e+04 4.043e+01  1  0   0  0   0   1         0
6545.497  6.545  0   0  3 3.722e+03 3.722e+00  0 9.342e+00 9.342e-03  1  0   0  0   0   1         0
6535.289  6.535  0   0  1 3.269e+03 3.269e+00  0 2.657e+03 2.657e+00  1  0   0  0   0   1         0
6546.835  6.547  0   0  2 3.923e+03 3.923e+00  2 3.554e+03 3.554e+00  1  0   0  0   0   1         0
6529.591  6.530  0   0  1 3.559e+01 3.559e-02  0 6.508e+03 6.508e+00  1  0   0  0   0   1         0
6529.017  6.529  0   0  4 8.670e+02 8.670e-01  4 2.080e+03 2.080e+00  1  0   0  0   0   1         0
6563.525  6.564  0   0  4 3.613e+02 3.613e-01  4 1.204e+03 1.204e+00  1  0   0  0   0   1         0
6556.954  6.557  0   0  3 1.209e+03 1.209e+00  0 2.061e+04 2.061e+01  1  0   0  0   0   1         0
6585.039  6.585  0   0  3 3.404e+02 3.404e-01  0 2.360e+03 2.360e+00  1  0   0  0   0   1         0
6558.231  6.558  0   0  1 3.572e+04 3.572e+01  0 1.378e+03 1.378e+00  1  0   0  0   0   1         0
6597.499  6.597  0   0  2 6.367e+03 6.367e+00  2 1.999e+03 1.999e+00  1  0   0  0   0   1         0
6582.922  6.583  0   0  3 1.391e+03 1.391e+00  0 2.161e+02 2.161e-01  1  0   0  0   0   1         0
6561.658  6.562  0   0  2 5.608e+02 5.608e-01  2 5.219e+04 5.219e+01  1  0   0  0   0   1         0
6560.548  6.561  0   0  0 4.870e+03 4.870e+00  0 9.842e+03 9.842e+00  1  0   0  0   0   1         0
6596.238  6.596  0   0  0 1.067e+03 1.067e+00  0 2.989e+03 2.989e+00  1  0   0  0   0   1         0
6580.545  6.581  0   0  2 6.514e+03 6.514e+00  2 1.064e+04 1.064e+01  1  0   0  0   0   1         0
6594.747  6.595  0   0  2 3.287e+04 3.287e+01  2 1.839e+03 1.839e+00  1  0   0  0   0   1         0
6555.575  6.556  0   0  3 1.783e+04 1.783e+01  0 1.809e+03 1.809e+00  1  0   0  0   0   1         0
6596.313  6.596  0   0  0 2.156e+04 2.156e+01  0 8.874e+02 8.874e-01  1  0   0  0   0   1         0
6576.162  6.576  0   0  3 8.311e+03 8.311e+00  0 7.113e+02 7.113e-01  1  0   0  0   0   1         0
6583.563  6.584  0   0  0 3.157e+03 3.157e+00  0 1.033e+04 1.033e+01  1  0   0  0   0   1         0
6568.794  6.569  0   0  1 1.440e+03 1.440e+00  0 5.183e+02 5.183e-01  1  0   0  0   0   1         0
6552.993  6.553  0   0  4 1.131e+03 1.131e+00  4 5.046e+03 5.046e+00  1  0   0  0   0   1         0
6597.924  6.598  0   0  1 4.821e+00 4.821e-03  0 3.394e+04 3.394e+01  1  0   0  0   0   1         0
6599.733  6.600  0   0  4 3.581e+02 3.581e-01  4 1.740e+04 1.740e+01  1  0   0  0   0   1         0
6568.376  6.568  0   0  1 2.653e+02 2.653e-01  0 4.543e+03 4.543e+00  1  0   0  0   0   1         0
6597.227  6.597  0   0  3 6.658e+03 6.658e+00  0 2.650e+02 2.650e-01  1  0   0  0   0   1         0
6558.476  6.558  0   0  3 3.813e+02 3.813e-01  0 1.224e+04 1.224e+01  1  0   0  0   0   1         0
6557.819  6.558  0   0  2 1.608e+03 1.608e+00  2 1.891e+03 1.891e+00  1  0   0  0   0   1         0
6553.699  6.554  0   0  2 1.657e+03 1.657e+00  2 9.651e+03 9.651e+00  1  0   0  0   0   1         0
6569.717  6.570  0   0  2 5.161e+03 5.161e+00  2 5.677e+03 5.677e+00  1  0   0  0   0   1         0
6552.647  6.553  0   0  4 4.273e+04 4.273e+01  4 6.896e+03 6.896e+00  1  0   0  0   0   1         0
6569.887  6.570  0   0  6 9.458e+03 9.458e+00  6 1.167e+04 1.167e+01  1  0   0  0   0   1         0
6556.996  6.557  0   0  4 4.819e+03 4.819e+00  4 8.427e+03 8.427e+00  1  0   0  0   0   1         0
6586.652  6.587  0   0  0 9.586e+03 9.586e+00  0 1.692e+02 1.692e-01  1  0   0  0   0   1         0
6591.756  6.592  0   0  5 4.239e+03 4.239e+00  0 2.271e+03 2.271e+00  1  0   0  0   0   1         0
6639.605  6.640  0   0  2 1.531e+03 1.531e+00  2 9.409e+00 9.409e-03  1  0   0  0   0   1         0
6611.812  6.612  0   0  4 1.096e+02 1.096e-01  4 4.525e+02 4.525e-01  1  0   0  0   0   1         0
6648.226  6.648  0   0  1 5.601e+01 5.601e-02  0 3.115e+04 3.115e+01  1  0   0  0   0   1         0
6629.770  6.630  0   0  3 1.791e+04 1.791e+01  0 9.222e+03 9.222e+00  1  0   0  0   0   1         0
6600.400  6.600  0   0  3 2.280e+03 2.280e+00  0 4.897e+03 4.897e+00  1  0   0  0   0   1         0
6601.273  6.601  0   0  2 1.805e+03 1.805e+00  2 1.549e+03 1.549e+00  1  0   0  0   0   1         0
6644.175  6.644  0   0  4 1.814e+03 1.814e+00  4 1.879e+04 1.879e+01  1  0   0  0   0   1         0
6632.406  6.632  0   0  1 9.546e+03 9.546e+00  0 1.554e+04 1.554e+01  1  0   0  0   0   1         0
6638.266  6.638  0   0  6 3.616e+01 3.616e-02  6 1.148e+04 1.148e+01  1  0   0  0   0   1         0
6639.306  6.639  0   0  6 1.469e+03 1.469e+00  6 7.387e+03 7.387e+00  1  0   0  0   0   1         0
6621.176  6.621  0   0  1 1.717e+04 1.717e+01  0 7.179e-01 7.179e-04  1  0   0  0   0   1         0
6640.030  6.640  0   0  4 2.357e+02 2.357e-01  4 1.016e+04 1.016e+01  1  0   0  0   0   1         0
6646.913  6.647  0   0  3 5.189e+02 5.189e-01  0 2.501e+04 2.501e+01  1  0   0  0   0   1         0
6608.698  6.609  0   0  3 2.253e+03 2.253e+00  0 3.003e+03 3.003e+00  1  0   0  0   0   1         0
6638.319  6.638  0   0  6 2.383e+02 2.383e-01  6 2.160e+02 2.160e-01  1  0   0  0   0   1         0
6615.524  6.616  0   0  2 1.667e+02 1.667e-01  2 1.986e+04 1.986e+01  1  0   0  0   0   1         0
6687.554  6.688  0   0  4 6.063e+03 6.063e+00  4 2.746e+04 2.746e+01  1  0   0  0   0   1         0
6663.355  6.663  0   0  1 1.215e+04 1.215e+01  0 3.339e+03 3.339e+00  1  0   0  0   0   1         0
6682.242  6.682  0   0  5 1.863e+03 1.863e+00  0 1.722e+04 1.722e+01  1  0   0  0   0   1         0
6651.923  6.652  0   0  6 8.361e+03 8.361e+00  6 5.327e+04 5.327e+01  1  0   0  0   0   1         0
6659.941  6.660  0   0  0 6.077e+02 6.077e-01  0 4.756e+02 4.756e-01  1  0   0  0   0   1         0
6696.652  6.697  0   0  2 1.081e+04 1.081e+01  2 3.800e+02 3.800e-01  1  0   0  0   0   1         0
6687.079  6.687  0   0  2 3.923e+03 3.923e+00  2 3.664e+01 3.664e-02  1  0   0  0   0   1         0
6661.642  6.662  0   0  2 5.328e+01 5.328e-02  2 9.291e+03 9.291e+00  1  0   0  0   0   1         0
6655.630  6.656  0   0  2 1.515e+03 1.515e+00  2 4.951e+01 4.951e-02  1  0   0  0   0   1         0
6697.475  6.697  0   0  8 4.355e+03 4.355e+00  8 9.564e+02 9.564e-01  1  0   0  0   0   1         0
6655.671  6.656  0   0  1 2.370e+02 2.370e-01  0 1.259e+04 1.259e+01  1  0   0  0   0   1         0
6662.971  6.663  0   0  0 1.190e+02 1.190e-01  0 6.433e+03 6.433e+00  1  0   0  0   0   1         0
6659.223  6.659  0   0  1 5.779e+03 5.779e+00  0 7.266e+03 7.266e+00  1  0   0  0   0   1         0
6650.378  6.650  0   0  4 8.216e+02 8.216e-01  4 3.270e+03 3.270e+00  1  0   0  0   0   1         0
6665.839  6.666  0   0  3 3.918e+03 3.918e+00  0 4.433e+03 4.433e+00  1  0   0  0   0   1         0
6698.724  6.699  0   0  2 7.280e+02 7.280e-01  2 6.373e+01 6.373e-02  1  0   0  0   0   1         0
6667.233  6.667  0   0  2 1.294e+03 1.294e+00  2 1.187e+03 1.187e+00  1  0   0  0   0   1         0
6675.368  6.675  0   0  3 9.338e+02 9.338e-01  0 2.286e+03 2.286e+00  1  0   0  0   0   1         0
6687.412  6.687  0   0  1 2.167e+03 2.167e+00  0 3.504e+03 3.504e+00  1  0   0  0   0   1         0
6677.705  6.678  0   0  1 5.178e+01 5.178e-02  0 4.037e+03 4.037e+00  1  0   0  0   0   1         0
6687.295  6.687  0   0  3 1.413e+04 1.413e+01  0 2.364e+03 2.364e+00  1  0   0  0   0   1         0
6683.218  6.683  0   0  1 5.842e+03 5.842e+00  0 9.784e+03 9.784e+00  1  0   0  0   0   1         0
6680.573  6.681  0   0  4 1.657e+02 1.657e-01  4 1.579e+04 1.579e+01  1  0   0  0   0   1         0
6682.621  6.683  0   0  1 1.460e+02 1.460e-01  0 2.034e+04 2.034e+01  1  0   0  0   0   1         0
6690.055  6.690  0   0  2 1.174e+00 1.174e-03  2 1.709e+04 1.709e+01  1  0   0  0   0   1         0
6685.634  6.686  0   0  1 1.155e+03 1.155e+00  0 2.465e+02 2.465e-01  1  0   0  0   0   1         0
6689.688  6.690  0   0  3 3.964e+02 3.964e-01  0 3.200e+02 3.200e-01  1  0   0  0   0   1         0
6657.356  6.657  0   0  0 1.102e+03 1.102e+00  0 3.332e+02 3.332e-01  1  0   0  0   0   1         0
6735.904  6.736  0   0  4 2.695e+03 2.695e+00  4 3.314e+03 3.314e+00  1  0   0  0   0   1         0
6700.200  6.700  0   0  5 1.694e+02 1.694e-01  0 7.104e+03 7.104e+00  1  0   0  0   0   1         0
6701.353  6.701  0   0  1 4.417e+03 4.417e+00  0 3.436e+03 3.436e+00  1  0   0  0   0   1         0
6709.846  6.710  0   0  7 9.518e+01 9.518e-02  0 1.008e+04 1.008e+01  1  0   0  0   0   1         0
6702.838  6.703  0   0  4 2.900e+02 2.900e-01  4 1.758e+04 1.758e+01  1  0   0  0   0   1         0
6726.715  6.727  0   0  1 5.780e+03 5.780e+00  0 7.727e+03 7.727e+00  1  0   0  0   0   1         0
6702.004  6.702  0   0  2 9.126e+03 9.126e+00  2 2.423e+04 2.423e+01  1  0   0  0   0   1         0
6740.226  6.740  0   0  4 2.852e+03 2.852e+00  4 4.409e+03 4.409e+00  1  0   0  0   0   1         0
6724.797  6.725  0   0  1 1.502e+03 1.502e+00  0 1.518e+03 1.518e+00  1  0   0  0   0   1         0
6736.515  6.737  0   0  1 7.524e+03 7.524e+00  0 1.081e+01 1.081e-02  1  0   0  0   0   1         0
6737.646  6.738  0   0  6 1.328e+04 1.328e+01  6 1.898e+03 1.898e+00  1  0   0  0   0   1         0
6725.487  6.725  0   0  4 7.297e+03 7.297e+00  4 2.855e+03 2.855e+00  1  0   0  0   0   1         0
6746.309  6.746  0   0  3 6.085e+03 6.085e+00  0 2.769e+04 2.769e+01  1  0   0  0   0   1         0
6749.518  6.750  0   0  7 2.868e+02 2.868e-01  0 7.970e+01 7.970e-02  1  0   0  0   0   1         0
6718.098  6.718  0   0  1 2.952e+03 2.952e+00  0 1.288e+02 1.288e-01  1  0   0  0   0   1         0
6706.359  6.706  0   0  4 2.727e+02 2.727e-01  4 6.201e+02 6.201e-01  1  0   0  0   0   1         0
6718.300  6.718  0   0  1 3.349e+03 3.349e+00  0 7.143e+03 7.143e+00  1  0   0  0   0   1         0
6711.272  6.711  0   0  3 8.138e+03 8.138e+00  0 2.956e+03 2.956e+00  1  0   0  0   0   1         0
6726.698  6.727  0   0  1 3.327e+03 3.327e+00  0 6.565e+02 6.565e-01  1  0   0  0   0   1         0
6719.060  6.719  0   0  7 5.763e+02 5.763e-01  0 8.852e+02 8.852e-01  1  0   0  0   0   1         0
6724.171  6.724  0   0  5 2.011e+03 2.011e+00  0 8.839e+03 8.839e+00  1  0   0  0   0   1         0
6738.266  6.738  0   0  5 2.381e+00 2.381e-03  0 9.930e+00 9.930e-03  1  0   0  0   0   1         0
6713.820  6.714  0   0  5 4.918e+03 4.918e+00  0 4.659e+03 4.659e+00  1  0   0  0   0   1         0
6727.021  6.727  0   0  6 2.244e+03 2.244e+00  6 4.416e+01 4.416e-02  1  0   0  0   0   1         0
6716.891  6.717  0   0  4 1.169e+01 1.169e-02  4 1.135e+04 1.135e+01  1  0   0  0   0   1         0
6739.348  6.739  0   0  1 5.130e+02 5.130e-01  0 1.974e+03 1.974e+00  1  0   0  0   0   1         0
6732.114  6.732  0   0  1 1.548e+04 1.548e+01  0 2.295e+03 2.295e+00  1  0   0  0   0   1         0
6700.430  6.700  0   0  1 1.488e+03 1.488e+00  0 3.794e+03 3.794e+00  1  0   0  0   0   1         0
6733.136  6.733  0   0  2 2.254e+03 2.254e+00  2 3.182e+03 3.182e+00  1  0   0  0   0   1         0
6708.593  6.709  0   0  1 2.589e+03 2.589e+00  0 2.621e+04 2.621e+01  1  0   0  0   0   1         0
6736.342  6.736  0   0  2 1.067e+03 1.067e+00  2 4.269e+03 4.269e+00  1  0   0  0   0   1         0
6728.513  6.729  0   0  7 1.298e+03 1.298e+00  0 7.553e+03 7.553e+00  1  0   0  0   0   1         0
6720.218  6.720  0   0  1 2.851e+00 2.851e-03  0 4.407e+04 4.407e+01  1  0   0  0   0   1         0
6734.829  6.735  0   0  1 4.274e+01 4.274e-02  0 1.652e+04 1.652e+01  1  0   0  0   0   1         0
6742.902  6.743  0   0  0 5.693e+03 5.693e+00  0 4.822e+02 4.822e-01  1  0   0  0   0   1         0
6775.203  6.775  0   0  3 3.944e+03 3.944e+00  0 7.143e+03 7.143e+00  1  0   0  0   0   1         0
6766.611  6.767  0   0  1 1.343e+03 1.343e+00  0 6.303e+02 6.303e-01  1  0   0  0   0   1         0
6798.504  6.799  0   0  2 1.648e+03 1.648e+00  2 2.164e+04 2.164e+01  1  0   0  0   0   1         0
6773.882  6.774  0   0  7 4.004e+03 4.004e+00  0 1.171e+03 1.171e+00  1  0   0  0   0   1         0
6768.744  6.769  0   0  0 7.088e-01 7.088e-04  0 2.707e+02 2.707e-01  1  0   0  0   0   1         0
6783.786  6.784  0   0  4 9.340e+00 9.340e-03  4 1.030e+04 1.030e+01  1  0   0  0   0   1         0
6782.659  6.783  0   0  2 3.533e+04 3.533e+01  2 8.924e+03 8.924e+00  1  0   0  0   0   1         0
6750.123  6.750  0   0  4 8.995e+03 8.995e+00  4 4.559e+03 4.559e+00  1  0   0  0   0   1         0
6781.060  6.781  0   0  3 6.787e+03 6.787e+00  0 1.043e+01 1.043e-02  1  0   0  0   0   1         0
6762.296  6.762  0   0  2 1.766e+04 1.766e+01  2 3.002e+04 3.002e+01  1  0   0  0   0   1         0
6768.898  6.769  0   0  2 1.538e+04 1.538e+01  2 2.514e+03 2.514e+00  1  0   0  0   0   1         0
6785.437  6.785  0   0  1 1.744e+02 1.744e-01  0 7.455e+03 7.455e+00  1  0   0  0   0   1         0
6778.013  6.778  0   0  0 6.303e+02 6.303e-01  0 1.539e+02 1.539e-01  1  0   0  0   0   1         0
6768.568  6.769  0   0  6 7.706e+03 7.706e+00  6 4.183e+04 4.183e+01  1  0   0  0   0   1         0
6758.452  6.758  0   0  9 9.956e+00 9.956e-03  0 2.452e+04 2.452e+01  1  0   0  0   0   1         0
6775.419  6.775  0   0  2 7.748e+03 7.748e+00  2 7.328e+03 7.328e+00  1  0   0  0   0   1         0
6766.095  6.766  0   0  3 4.611e+03 4.611e+00  0 9.044e+02 9.044e-01  1  0   0  0   0   1         0
6795.692  6.796  0   0  3 4.637e+03 4.637e+00  0 3.097e+02 3.097e-01  1  0   0  0   0   1         0
6776.862  6.777  0   0  4 8.364e+00 8.364e-03  4 2.667e+02 2.667e-01  1  0   0  0   0   1         0
6793.365  6.793  0   0  0 7.787e+01 7.787e-02  0 1.976e+04 1.976e+01  1  0   0  0   0   1         0
6769.648  6.770  0   0  2 4.354e+03 4.354e+00  2 3.345e+02 3.345e-01  1  0   0  0   0   1         0
6791.454  6.791  0   0  1 3.361e+03 3.361e+00  0 2.906e+03 2.906e+00  1  0   0  0   0   1         0
6752.858  6.753  0   0  7 8.873e+02 8.873e-01  0 4.463e+03 4.463e+00  1  0   0  0   0   1         0
6765.028  6.765  0   0  4 5.845e+03 5.845e+00  4 3.901e+03 3.901e+00  1  0   0  0   0   1         0
6753.951  6.754  0   0  2 2.226e+03 2.226e+00  2 3.638e+03 3.638e+00  1  0   0  0   0   1         0
6751.600  6.752  0   0  1 2.948e+03 2.948e+00  0 2.366e+04 2.366e+01  1  0   0  0   0   1         0
6795.986  6.796  0   0  7 1.256e+04 1.256e+01  0 2.497e+04 2.497e+01  1  0   0  0   0   1         0
6785.961  6.786  0   0  1 3.505e+03 3.505e+00  0 8.884e+03 8.884e+00  1  0   0  0   0   1         0
6781.391  6.781  0   0  4 1.584e+03 1.584e+00  4 1.294e+01 1.294e-02  1  0   0  0   0   1         0
6776.769  6.777  0   0  3 3.730e+03 3.730e+00  0 4.113e+02 4.113e-01  1  0   0  0   0   1         0
6847.229  6.847  0   0  0 2.306e+02 2.306e-01  0 4.746e+03 4.746e+00  1  0   0  0   0   1         0
6811.490  6.811  0   0  0 1.639e+03 1.639e+00  0 3.109e+03 3.109e+00  1  0   0  0   0   1         0
6833.916  6.834  0   0  4 4.570e+04 4.570e+01  4 7.479e+03 7.479e+00  1  0   0  0   0   1         0
6802.519  6.803  0   0  3 1.936e+03 1.936e+00  0 5.242e+03 5.242e+00  1  0   0  0   0   1         0
6836.019  6.836  0   0  2 1.920e+02 1.920e-01  2 1.164e+03 1.164e+00  1  0   0  0   0   1         0
6812.026  6.812  0   0  3 2.374e+02 2.374e-01  0 3.864e+03 3.864e+00  1  0   0  0   0   1         0
6822.717  6.823  0   0  0 1.048e+04 1.048e+01  0 3.354e+03 3.354e+00  1  0   0  0   0   1         0
6818.520  6.819  0   0  4 2.324e+04 2.324e+01  4 3.519e+02 3.519e-01  1  0   0  0   0   1         0
6805.699  6.806  0   0  0 6.261e+03 6.261e+00  0 5.088e+02 5.088e-01  1  0   0  0   0   1         0
6817.408  6.817  0   0  2 1.000e+03 1.000e+00  2 4.653e+01 4.653e-02  1  0   0  0   0   1         0
6817.636  6.818  0   0  9 7.271e+03 7.271e+00  0 1.710e+04 1.710e+01  1  0   0  0   0   1         0
6826.247  6.826  0   0  6 1.209e+02 1.209e-01  6 2.516e+03 2.516e+00  1  0   0  0   0   1         0
6848.633  6.849  0   0  4 2.834e+04 2.834e+01  4 1.238e+03 1.238e+00  1  0   0  0   0   1         0
6823.643  6.824  0   0  3 3.712e+03 3.712e+00  0 1.130e+03 1.130e+00  1  0   0  0   0   1         0
6845.765  6.846  0   0  4 7.375e+03 7.375e+00  4 8.476e+02 8.476e-01  1  0   0  0   0   1         0
6823.219  6.823  0   0  6 1.381e+03 1.381e+00  6 1.131e+04 1.131e+01  1  0   0  0   0   1         0
6805.432  6.805  0   0  1 5.470e+03 5.470e+00  0 2.391e+04 2.391e+01  1  0   0  0   0   1         0
6811.609  6.812  0   0  5 3.726e+01 3.726e-02  0 3.933e+04 3.933e+01  1  0   0  0   0   1         0
6820.513  6.821  0   0  3 1.821e+01 1.821e-02  0 4.165e+01 4.165e-02  1  0   0  0   0   1         0
6816.394  6.816  0   0  6 2.443e+04 2.443e+01  6 4.390e+03 4.390e+00  1  0   0  0   0   1         0
6843.357  6.843  0   0  2 9.409e+01 9.409e-02  2 6.164e+03 6.164e+00  1  0   0  0   0   1         0
6834.056  6.834  0   0  0 1.476e+03 1.476e+00  0 1.121e+04 1.121e+01  1  0   0  0   0   1         0
6829.054  6.829  0   0  1 2.057e+04 2.057e+01  0 1.739e+02 1.739e-01  1  0   0  0   0   1         0
6824.703  6.825  0   0  2 5.390e+02 5.390e-01  2 3.459e+00 3.459e-03  1  0   0  0   0   1         0
6820.000  6.820  0   0  5 1.941e+04 1.941e+01  0 8.622e+03 8.622e+00  1  0   0  0   0   1         0
6830.744  6.831  0   0  3 5.800e+02 5.800e-01  0 5.704e+02 5.704e-01  1  0   0  0   0   1         0
6806.293  6.806  0   0  5 1.020e+03 1.020e+00  0 1.764e+02 1.764e-01  1  0   0  0   0   1         0
6808.204  6.808  0   0  2 1.654e+02 1.654e-01  2 4.269e+03 4.269e+00  1  0   0  0   0   1         0
6815.276  6.815  0   0  3 3.177e+01 3.177e-02  0 7.269e+03 7.269e+00  1  0   0  0   0   1         0
6808.640  6.809  0   0  0 1.287e+03 1.287e+00  0 9.155e+03 9.155e+00  1  0   0  0   0   1         0
6833.979  6.834  0   0  2 2.726e+03 2.726e+00  2 1.883e+03 1.883e+00  1  0   0  0   0   1         0
6850.214  6.850  0   0  4 1.405e+04 1.405e+01  4 1.090e+04 1.090e+01  1  0   0  0   0   1         0
6891.882  6.892  0   0  3 4.245e+02 4.245e-01  0 5.726e+02 5.726e-01  1  0   0  0   0   1         0
6860.101  6.860  0   0  2 2.169e+03 2.169e+00  2 4.425e+03 4.425e+00  1  0   0  0   0   1         0
6881.642  6.882  0   0  5 9.072e+03 9.072e+00  0 3.232e+00 3.232e-03  1  0   0  0   0   1         0
6878.988  6.879  0   0  5 2.777e+03 2.777e+00  0 1.331e+04 1.331e+01  1  0   0  0   0   1         0
6870.115  6.870  0   0  3 1.186e+04 1.186e+01  0 9.604e+03 9.604e+00  1  0   0  0   0   1         0
6891.751  6.892  0   0  4 2.485e+03 2.485e+00  4 1.152e+04 1.152e+01  1  0   0  0   0   1         0
6885.037  6.885  0   0  2 1.442e+02 1.442e-01  2 8.752e+03 8.752e+00  1  0   0  0   0   1         0
6851.150  6.851  0   0  2 5.471e+02 5.471e-01  2 2.501e+04 2.501e+01  1  0   0  0   0   1         0
6888.930  6.889  0   0  2 6.057e+03 6.057e+00  2 2.274e+01 2.274e-02  1  0   0  0   0   1         0
6875.489  6.875  0   0  1 3.422e+03 3.422e+00  0 3.689e+02 3.689e-01  1  0   0  0   0   1         0
6867.477  6.867  0   0  4 9.927e+03 9.927e+00  4 8.220e+02 8.220e-01  1  0   0  0   0   1         0
6886.454  6.886  0   0  2 7.159e+03 7.159e+00  2 1.510e+03 1.510e+00  1  0   0  0   0   1         0
6884.422  6.884  0   0  3 2.833e+02 2.833e-01  0 5.169e+04 5.169e+01  1  0   0  0   0   1         0
6865.649  6.866  0   0  2 5.383e+03 5.383e+00  2 5.737e+03 5.737e+00  1  0   0  0   0   1         0
6899.161  6.899  0   0  1 1.088e+03 1.088e+00  0 1.215e+03 1.215e+00  1  0   0  0   0   1         0
6882.562  6.883  0   0  4 2.561e+03 2.561e+00  4 8.095e+02 8.095e-01  1  0   0  0   0   1         0
6880.421  6.880  0   0  3 3.476e+04 3.476e+01  0 1.233e+01 1.233e-02  1  0   0  0   0   1         0
6853.530  6.854  0   0  1 3.643e+02 3.643e-01  0 6.057e+03 6.057e+00  1  0   0  0   0   1         0
6864.078  6.864  0   0  4 8.458e+01 8.458e-02  4 1.314e+02 1.314e-01  1  0   0  0   0   1         0
6872.486  6.872  0   0  7 2.715e+03 2.715e+00  0 1.999e+03 1.999e+00  1  0   0  0   0   1         0
6881.660  6.882  0   0  7 1.150e+03 1.150e+00  0 1.230e+03 1.230e+00  1  0   0  0   0   1         0
6875.777  6.876  0   0  3 2.659e+04 2.659e+01  0 3.043e+03 3.043e+00  1  0   0  0   0   1         0
6888.251  6.888  0   0  5 3.233e+03 3.233e+00  0 5.001e+02 5.001e-01  1  0   0  0   0   1         0
6863.237  6.863  0   0  1 4.927e+03 4.927e+00  0 8.225e+03 8.225e+00  1  0   0  0   0   1         0
6885.223  6.885  0   0  3 3.734e+03 3.734e+00  0 6.703e+02 6.703e-01  1  0   0  0   0   1         0
6890.912  6.891  0   0  0 3.243e+03 3.243e+00  0 1.212e+03 1.212e+00  1  0   0  0   0   1         0
6888.352  6.888  0   0  1 2.035e+04 2.035e+01  0 2.515e+03 2.515e+00  1  0   0  0   0   1         0
6906.939  6.907  0   0  6 1.190e+02 1.190e-01  6 2.056e+02 2.056e-01  1  0   0  0   0   1         0
6945.858  6.946  0   0  0 1.187e+03 1.187e+00  0 5.271e+03 5.271e+00  1  0   0  0   0   1         0
6931.503  6.932  0   0  4 1.766e+02 1.766e-01  4 8.030e+03 8.030e+00  1  0   0  0   0   1         0
6901.606  6.902  0   0  3 5.429e+02 5.429e-01  0 1.108e+02 1.108e-01  1  0   0  0   0   1         0
6925.686  6.926  0   0  1 4.214e+03 4.214e+00  0 1.022e+04 1.022e+01  1  0   0  0   0   1         0
6904.333  6.904  0   0  0 5.437e+03 5.437e+00  0 9.751e+02 9.751e-01  1  0   0  0   0   1         0
6928.820  6.929  0   0  4 1.119e+04 1.119e+01  4 5.410e+03 5.410e+00  1  0   0  0   0   1         0
6925.584  6.926  0   0  1 5.721e+03 5.721e+00  0 3.661e+04 3.661e+01  1  0   0  0   0   1         0
6904.184  6.904  0   0  2 2.112e+03 2.112e+00  2 2.314e+03 2.314e+00  1  0   0  0   0   1         0
6940.874  6.941  0   0  3 2.527e+03 2.527e+00  0 1.058e+04 1.058e+01  1  0   0  0   0   1         0
6913.221  6.913  0   0  1 2.280e+04 2.280e+01  0 5.410e+03 5.410e+00  1  0   0  0   0   1         0
6927.209  6.927  0   0  6 5.016e+03 5.016e+00  6 1.063e+03 1.063e+00  1  0   0  0   0   1         0
6932.077  6.932  0   0  2 9.298e-01 9.298e-04  2 7.098e+03 7.098e+00  1  0   0  0   0   1         0
6948.135  6.948  0   0  1 5.937e+03 5.937e+00  0 1.342e+04 1.342e+01  1  0   0  0   0   1         0
6924.826  6.925  0   0  4 4.540e+02 4.540e-01  4 1.678e+04 1.678e+01  1  0   0  0   0   1         0
6945.907  6.946  0   0  1 9.301e+02 9.301e-01  0 1.148e+01 1.148e-02  1  0   0  0   0   1         0
6917.868  6.918  0   0  4 5.714e+03 5.714e+00  4 3.165e+04 3.165e+01  1  0   0  0   0   1         0
6942.938  6.943  0   0  5 2.227e+03 2.227e+00  0 4.052e+03 4.052e+00  1  0   0  0   0   1         0
6911.890  6.912  0   0  4 2.390e+02 2.390e-01  4 2.449e+04 2.449e+01  1  0   0  0   0   1         0
6935.486  6.935  0   0  2 2.079e+01 2.079e-02  2 3.031e+03 3.031e+00  1  0   0  0   0   1         0
6904.475  6.904  0   0  4 6.263e+02 6.263e-01  4 1.119e+02 1.119e-01  1  0   0  0   0   1         0
6949.310  6.949  0   0  7 1.244e+04 1.244e+01  0 6.647e+04 6.647e+01  1  0   0  0   0   1         0
6947.720  6.948  0   0  3 1.453e+03 1.453e+00  0 6.963e+03 6.963e+00  1  0   0  0   0   1         0
6922.245  6.922  0   0  2 1.482e+03 1.482e+00  2 1.493e+01 1.493e-02  1  0   0  0   0   1         0
6926.332  6.926  0   0  2 1.139e+04 1.139e+01  2 1.757e+02 1.757e-01  1  0   0  0   0   1         0
6930.019  6.930  0   0  2 3.100e+02 3.100e-01  2 6.516e+01 6.516e-02  1  0   0  0   0   1         0
6913.861  6.914  0   0  2 1.943e+03 1.943e+00  2 4.537e+02 4.537e-01  1  0   0  0   0   1         0
6933.842  6.934  0   0  0 1.195e+02 1.195e-01  0 1.514e+03 1.514e+00  1  0   0  0   0   1         0
6935.042  6.935  0   0  1 6.602e+03 6.602e+00  0 1.684e+04 1.684e+01  1  0   0  0   0   1         0
6926.389  6.926  0   0  5 1.469e+03 1.469e+00  0 1.762e+04 1.762e+01  1  0   0  0   0   1         0
6907.456  6.907  0   0  2 6.294e+02 6.294e-01  2 2.296e+04 2.296e+01  1  0   0  0   0   1         0
6986.612  6.987  0   0  5 3.417e+03 3.417e+00  0 1.383e+04 1.383e+01  1  0   0  0   0   1         0
6999.416  6.999  0   0  1 5.382e+02 5.382e-01  0 2.748e+01 2.748e-02  1  0   0  0   0   1         0
6974.234  6.974  0   0  2 1.842e+03 1.842e+00  2 1.210e+03 1.210e+00  1  0   0  0   0   1         0
6968.686  6.969  0   0  4 6.503e+01 6.503e-02  4 1.350e+04 1.350e+01  1  0   0  0   0   1         0
6980.418  6.980  0   0  3 7.366e+03 7.366e+00  0 2.703e+02 2.703e-01  1  0   0  0   0   1         0
6990.318  6.990  0   0  4 8.914e+03 8.914e+00  4 5.171e+03 5.171e+00  1  0   0  0   0   1         0
6962.110  6.962  0   0  1 2.405e+03 2.405e+00  0 8.895e+02 8.895e-01  1  0   0  0   0   1         0
6962.635  6.963  0   0  1 1.565e+04 1.565e+01  0 2.824e+02 2.824e-01  1  0   0  0   0   1         0
6980.485  6.980  0   0  0 3.299e+02 3.299e-01  0 6.025e+00 6.025e-03  1  0   0  0   0   1         0
6997.024  6.997  0   0  0 3.467e+03 3.467e+00  0 1.271e+04 1.271e+01  1  0   0  0   0   1         0
6965.034  6.965  0   0  5 4.915e+03 4.915e+00  0 3.758e+03 3.758e+00  1  0   0  0   0   1         0
6968.963  6.969  0   0  2 1.309e+03 1.309e+00  2 5.954e+01 5.954e-02  1  0   0  0   0   1         0
6999.670  7.000  0   0  1 6.394e+00 6.394e-03  0 3.088e+03 3.088e+00  1  0   0  0   0   1         0
6958.889  6.959  0   0  5 1.684e+04 1.684e+01  0 3.895e+03 3.895e+00  1  0   0  0   0   1         0
6953.886  6.954  0   0  0 1.650e+04 1.650e+01  0 4.006e+03 4.006e+00  1  0   0  0   0   1         0
6979.616  6.980  0   0  4 4.529e+02 4.529e-01  4 1.158e+04 1.158e+01  1  0   0  0   0   1         0
6951.226  6.951  0   0  0 2.610e+02 2.610e-01  0 2.357e+04 2.357e+01  1  0   0  0   0   1         0
6959.101  6.959  0   0  3 4.045e+02 4.045e-01  0 8.515e+03 8.515e+00  1  0   0  0   0   1         0
6981.235  6.981  0   0  3 9.981e+03 9.981e+00  0 1.249e+03 1.249e+00  1  0   0  0   0   1         0
6983.095  6.983  0   0  2 2.252e+02 2.252e-01  2 1.748e+02 1.748e-01  1  0   0  0   0   1         0
6975.654  6.976  0   0  3 2.420e+03 2.420e+00  0 4.536e+02 4.536e-01  1  0   0  0   0   1         0
6969.313  6.969  0   0  0 7.685e+03 7.685e+00  0 1.985e+04 1.985e+01  1  0   0  0   0   1         0
6978.939  6.979  0   0  1 3.683e+02 3.683e-01  0 2.071e+04 2.071e+01  1  0   0  0   0   1         0
6982.291  6.982  0   0  1 1.123e+03 1.123e+00  0 2.909e+02 2.909e-01  1  0   0  0   0   1         0
6990.257  6.990  0   0  2 4.566e+02 4.566e-01  2 1.375e+04 1.375e+01  1  0   0  0   0   1         0
6989.724  6.990  0   0  0 1.729e+04 1.729e+01  0 3.235e+04 3.235e+01  1  0   0  0   0   1         0
6983.358  6.983  0   0  5 4.233e+03 4.233e+00  0 1.070e+04 1.070e+01  1  0   0  0   0   1         0
6994.761  6.995  0   0  1 3.671e+02 3.671e-01  0 4.863e+03 4.863e+00  1  0   0  0   0   1         0
6991.973  6.992  0   0  4 2.717e+03 2.717e+00  4 1.967e+03 1.967e+00  1  0   0  0   0   1         0
6956.724  6.957  0   0  1 3.868e+03 3.868e+00  0 1.235e+03 1.235e+00  1  0   0  0   0   1         0
6997.856  6.998  0   0  2 1.048e+02 1.048e-01  2 8.103e+02 8.103e-01  1  0   0  0   0   1         0
7029.931  7.030  0   0  1 1.791e+03 1.791e+00  0 4.087e+03 4.087e+00  1  0   0  0   0   1         0
7002.069  7.002  0   0  1 9.120e-01 9.120e-04  0 5.523e+03 5.523e+00  1  0   0  0   0   1         0
7004.855  7.005  0   0  1 4.006e+03 4.006e+00  0 1.151e+04 1.151e+01  1  0   0  0   0   1         0
7048.606  7.049  0   0  1 1.424e+02 1.424e-01  0 2.756e+00 2.756e-03  1  0   0  0   0   1         0
7033.402  7.033  0   0  3 3.468e+03 3.468e+00  0 2.114e+04 2.114e+01  1  0   0  0   0   1         0
7001.704  7.002  0   0  2 1.008e+03 1.008e+00  2 2.325e+03 2.325e+00  1  0   0  0   0   1         0
7039.839  7.040  0   0  1 1.139e+03 1.139e+00  0 1.851e+03 1.851e+00  1  0   0  0   0   1         0
7025.626  7.026  0   0  2 2.079e+03 2.079e+00  2 1.160e+04 1.160e+01  1  0   0  0   0   1         0
7003.816  7.004  0   0  0 8.296e+02 8.296e-01  0 3.030e+03 3.030e+00  1  0   0  0   0   1         0
7034.209  7.034  0   0  1 9.139e+02 9.139e-01  0 5.057e+02 5.057e-01  1  0   0  0   0   1         0
7025.166  7.025  0   0  1 5.739e+03 5.739e+00  0 1.568e+03 1.568e+00  1  0   0  0   0   1         0
7010.377  7.010  0   0  9 4.138e+02 4.138e-01  0 4.085e+04 4.085e+01  1  0   0  0   0   1         0
7043.969  7.044  0   0  5 4.144e+03 4.144e+00  0 1.395e+04 1.395e+01  1  0   0  0   0   1         0
7014.734  7.015  0   0  1 1.491e+04 1.491e+01  0 5.297e+03 5.297e+00  1  0   0  0   0   1         0
7014.391  7.014  0   0  0 2.242e+03 2.242e+00  0 9.234e+03 9.234e+00  1  0   0  0   0   1         0
7013.798  7.014  0   0  2 3.905e+03 3.905e+00  2 6.199e+04 6.199e+01  1  0   0  0   0   1         0
7038.513  7.039  0   0  0 4.871e+00 4.871e-03  0 3.294e+03 3.294e+00  1  0   0  0   0   1         0
7035.470  7.035  0   0  1 1.718e+00 1.718e-03  0 1.299e+04 1.299e+01  1  0   0  0   0   1         0
7045.226  7.045  0   0  5 2.106e+03 2.106e+00  0 9.567e+01 9.567e-02  1  0   0  0   0   1         0
7011.609  7.012  0   0  6 1.412e+03 1.412e+00  6 9.420e+02 9.420e-01  1  0   0  0   0   1         0
7039.451  7.039  0   0  3 1.620e+04 1.620e+01  0 1.777e+04 1.777e+01  1  0   0  0   0   1         0
7028.846  7.029  0   0  4 2.824e+03 2.824e+00  4 1.196e+04 1.196e+01  1  0   0  0   0   1         0
7015.605  7.016  0   0  3 4.569e+02 4.569e-01  0 5.787e+04 5.787e+01  1  0   0  0   0   1         0
7001.800  7.002  0   0  4 5.061e+03 5.061e+00  4 2.068e+02 2.068e-01  1  0   0  0   0   1         0
7041.064  7.041  0   0  3 1.227e+04 1.227e+01  0 2.535e+01 2.535e-02  1  0   0  0   0   1         0
7012.200  7.012  0   0  1 4.861e+02 4.861e-01  0 1.534e+04 1.534e+01  1  0   0  0   0   1         0
7031.771  7.032  0   0  4 4.166e+03 4.166e+00  4 2.067e+03 2.067e+00  1  0   0  0   0   1         0
7027.640  7.028  0   0  5 1.162e+03 1.162e+00  0 1.714e+03 1.714e+00  1  0   0  0   0   1         0
7000.226  7.000  0   0  5 9.923e-01 9.923e-04  0 4.855e+04 4.855e+01  1  0   0  0   0   1         0
7049.722  7.050  0   0  2 8.770e+02 8.770e-01  2 9.747e+02 9.747e-01  1  0   0  0   0   1         0
7040.835  7.041  0   0  1 2.403e+02 2.403e-01  0 2.348e+00 2.348e-03  1  0   0  0   0   1         0
7024.522  7.025  0   0  1 1.320e+03 1.320e+00  0 2.197e+02 2.197e-01  1  0   0  0   0   1         0
7034.189  7.034  0   0  5 2.824e+03 2.824e+00  0 1.296e+04 1.296e+01  1  0   0  0   0   1         0
7024.028  7.024  0   0  2 1.926e+01 1.926e-02  2 2.036e+04 2.036e+01  1  0   0  0   0   1         0
7037.379  7.037  0   0  1 2.420e+03 2.420e+00  0 1.391e+00 1.391e-03  1  0   0  0   0   1         0
7071.040  7.071  0   0  4 1.263e+04 1.263e+01  4 8.749e+02 8.749e-01  1  0   0  0   0   1         0
7083.966  7.084  0   0  0 7.090e+01 7.090e-02  0 2.345e+03 2.345e+00  1  0   0  0   0   1         0
7073.997  7.074  0   0  1 2.410e+04 2.410e+01  0 1.797e+03 1.797e+00  1  0   0  0   0   1         0
7094.947  7.095  0   0  0 4.751e+03 4.751e+00  0 1.863e+04 1.863e+01  1  0   0  0   0   1         0
7052.237  7.052  0   0  4 5.167e+03 5.167e+00  4 5.064e+03 5.064e+00  1  0   0  0   0   1         0
7067.181  7.067  0   0  1 2.917e+03 2.917e+00  0 6.204e+03 6.204e+00  1  0   0  0   0   1         0
7067.744  7.068  0   0  0 3.176e+01 3.176e-02  0 1.803e+04 1.803e+01  1  0   0  0   0   1         0
7067.180  7.067  0   0  4 5.300e+03 5.300e+00  4 1.231e+04 1.231e+01  1  0   0  0   0   1         0
7074.577  7.075  0   0  1 3.598e+01 3.598e-02  0 5.400e+03 5.400e+00  1  0   0  0   0   1         0
7089.655  7.090  0   0  2 6.803e+02 6.803e-01  2 1.985e+04 1.985e+01  1  0   0  0   0   1         0
7066.062  7.066  0   0  2 1.013e-01 1.013e-04  2 2.205e+03 2.205e+00  1  0   0  0   0   1         0
7087.370  7.087  0   0  4 2.017e+01 2.017e-02  4 2.722e+01 2.722e-02  1  0   0  0   0   1         0
7057.421  7.057  0   0  4 4.219e+04 4.219e+01  4 1.929e+03 1.929e+00  1  0   0  0   0   1         0
7078.226  7.078  0   0  2 1.402e+04 1.402e+01  2 2.733e+03 2.733e+00  1  0   0  0   0   1         0
7068.936  7.069  0   0  5 5.322e+02 5.322e-01  0 3.483e+03 3.483e+00  1  0   0  0   0   1         0
7077.152  7.077  0   0  2 7.855e+03 7.855e+00  2 1.087e+04 1.087e+01  1  0   0  0   0   1         0
7055.462  7.055  0   0  3 1.127e+03 1.127e+00  0 3.491e+02 3.491e-01  1  0   0  0   0   1         0
7097.707  7.098  0   0  2 1.928e+01 1.928e-02  2 2.268e+04 2.268e+01  1  0   0  0   0   1         0
7095.375  7.095  0   0  7 3.578e+02 3.578e-01  0 3.064e+04 3.064e+01  1  0   0  0   0   1         0
7091.429  7.091  0   0  3 1.422e+02 1.422e-01  0 1.414e+04 1.414e+01  1  0   0  0   0   1         0
7094.712  7.095  0   0  2 3.370e+01 3.370e-02  2 1.320e+04 1.320e+01  1  0   0  0   0   1         0
7057.432  7.057  0   0  3 4.919e+04 4.919e+01  0 6.482e+03 6.482e+00  1  0   0  0   0   1         0
7075.379  7.075  0   0  3 1.231e+04 1.231e+01  0 4.991e+03 4.991e+00  1  0   0  0   0   1         0
7066.063  7.066  0   0  4 1.569e+02 1.569e-01  4 4.616e+03 4.616e+00  1  0   0  0   0   1         0
7094.445  7.094  0   0 10 5.418e+03 5.418e+00 10 2.321e+03 2.321e+00  1  0   0  0   0   1         0
7059.591  7.060  0   0  7 1.566e+03 1.566e+00  0 5.366e+03 5.366e+00  1  0   0  0   0   1         0
7061.131  7.061  0   0  3 5.002e+02 5.002e-01  0 2.661e+03 2.661e+00  1  0   0  0   0   1         0
7084.500  7.085  0   0  2 1.060e+04 1.060e+01  2 1.122e+00 1.122e-03  1  0   0  0   0   1         0
7054.508  7.055  0   0  6 3.420e+03 3.420e+00  6 1.860e+03 1.860e+00  1  0   0  0   0   1         0
7086.768  7.087  0   0  4 1.017e+04 1.017e+01  4 6.267e+03 6.267e+00  1  0   0  0   0   1         0
7063.559  7.064  0   0  5 6.265e+02 6.265e-01  0 6.155e+03 6.155e+00  1  0   0  0   0   1         0
7123.768  7.124  0   0  1 3.357e+02 3.357e-01  0 4.405e+04 4.405e+01  1  0   0  0   0   1         0
7134.176  7.134  0   0  3 4.079e+03 4.079e+00  0 5.676e+01 5.676e-02  1  0   0  0   0   1         0
7124.452  7.124  0   0  6 8.469e+03 8.469e+00  6 4.518e+02 4.518e-01  1  0   0  0   0   1         0
7133.133  7.133  0   0  3 3.961e+02 3.961e-01  0 1.620e+04 1.620e+01  1  0   0  0   0   1         0
7133.870  7.134  0   0  3 4.784e+00 4.784e-03  0 5.202e+03 5.202e+00  1  0   0  0   0   1         0
7135.625  7.136  0   0  7 2.861e+00 2.861e-03  0 5.689e+02 5.689e-01  1  0   0  0   0   1         0
7141.272  7.141  0   0  2 6.267e+02 6.267e-01  2 4.563e+03 4.563e+00  1  0   0  0   0   1         0
7127.221  7.127  0   0  4 1.630e+03 1.630e+00  4 3.006e-01 3.006e-04  1  0   0  0   0   1         0
7109.781  7.110  0   0  2 1.696e+04 1.696e+01  2 3.428e+03 3.428e+00  1  0   0  0   0   1         0
7134.144  7.134  0   0  2 5.281e+04 5.281e+01  2 2.319e+04 2.319e+01  1  0   0  0   0   1         0
7103.910  7.104  0   0  0 6.790e+02 6.790e-01  0 3.177e+04 3.177e+01  1  0   0  0   0   1         0
7111.077  7.111  0   0  1 1.244e+03 1.244e+00  0 3.034e+03 3.034e+00  1  0   0  0   0   1         0
7139.730  7.140  0   0  7 5.244e+03 5.244e+00  0 2.533e+04 2.533e+01  1  0   0  0   0   1         0
7121.937  7.122  0   0  1 4.999e+02 4.999e-01  0 1.506e+04 1.506e+01  1  0   0  0   0   1         0
7125.089  7.125  0   0  2 4.011e+01 4.011e-02  2 3.640e+03 3.640e+00  1  0   0  0   0   1         0
7149.379  7.149  0   0  5 8.072e+03 8.072e+00  0 1.322e+03 1.322e+00  1  0   0  0   0   1         0
7111.894  7.112  0   0  1 4.330e+01 4.330e-02  0 1.240e+03 1.240e+00  1  0   0  0   0   1         0
7100.992  7.101  0   0  6 1.730e+03 1.730e+00  6 2.643e+04 2.643e+01  1  0   0  0   0   1         0
7105.643  7.106  0   0  4 4.324e+03 4.324e+00  4 2.590e+03 2.590e+00  1  0   0  0   0   1         0
7112.364  7.112  0   0  1 3.598e+03 3.598e+00  0 1.427e+04 1.427e+01  1  0   0  0   0   1         0
7136.444  7.136  0   0  1 2.687e+00 2.687e-03  0 5.893e+03 5.893e+00  1  0   0  0   0   1         0
7138.920  7.139  0   0  1 1.492e+03 1.492e+00  0 5.695e+02 5.695e-01  1  0   0  0   0   1         0
7128.458  7.128  0   0  3 3.288e+03 3.288e+00  0 3.464e+04 3.464e+01  1  0   0  0   0   1         0
7112.895  7.113  0   0  0 2.074e+03 2.074e+00  0 3.637e+03 3.637e+00  1  0   0  0   0   1         0
7126.274  7.126  0   0  3 1.077e+02 1.077e-01  0 1.083e+04 1.083e+01  1  0   0  0   0   1         0
7100.759  7.101  0   0  2 5.535e+03 5.535e+00  2 2.347e+03 2.347e+00  1  0   0  0   0   1         0
7134.251  7.134  0   0  4 2.420e+03 2.420e+00  4 4.071e+04 4.071e+01  1  0   0  0   0   1         0
7130.891  7.131  0   0  1 7.195e+03 7.195e+00  0 2.250e+04 2.250e+01  1  0   0  0   0   1         0
7101.106  7.101  0   0  2 2.817e+03 2.817e+00  2 4.049e+04 4.049e+01  1  0   0  0   0   1         0
7140.961  7.141  0   0  6 8.829e+00 8.829e-03  6 3.868e+04 3.868e+01  1  0   0  0   0   1         0
7138.305  7.138  0   0  1 8.456e+03 8.456e+00  0 8.151e+03 8.151e+00  1  0   0  0   0   1         0
7115.571  7.116  0   0  1 9.790e+03 9.790e+00  0 4.444e+04 4.444e+01  1  0   0  0   0   1         0
7131.941  7.132  0   0  3 1.611e+03 1.611e+00  0 1.954e+04 1.954e+01  1  0   0  0   0   1         0
7130.253  7.130  0   0  4 1.594e+03 1.594e+00  4 1.459e+02 1.459e-01  1  0   0  0   0   1         0
7170.940  7.171  0   0  2 1.746e+03 1.746e+00  2 6.618e+03 6.618e+00  1  0   0  0   0   1         0
7175.643  7.176  0   0  4 1.126e+04 1.126e+01  4 5.258e+02 5.258e-01  1  0   0  0   0   1         0
7173.648  7.174  0   0  8 3.875e+03 3.875e+00  8 1.007e+02 1.007e-01  1  0   0  0   0   1         0
7171.735  7.172  0   0  5 2.721e+03 2.721e+00  0 1.094e+04 1.094e+01  1  0   0  0   0   1         0
7184.351  7.184  0   0  4 9.275e+02 9.275e-01  4 1.937e+04 1.937e+01  1  0   0  0   0   1         0
7180.609  7.181  0   0  1 5.733e+03 5.733e+00  0 1.940e+04 1.940e+01  1  0   0  0   0   1         0
7198.622  7.199  0   0  2 6.461e+02 6.461e-01  2 1.449e+04 1.449e+01  1  0   0  0   0   1         0
7157.033  7.157  0   0  2 1.567e+02 1.567e-01  2 9.628e+02 9.628e-01  1  0   0  0   0   1         0
7178.853  7.179  0   0  2 8.185e+00 8.185e-03  2 2.036e+02 2.036e-01  1  0   0  0   0   1         0
7153.205  7.153  0   0  4 7.708e+02 7.708e-01  4 5.203e+04 5.203e+01  1  0   0  0   0   1         0
7190.507  7.191  0   0  2 6.446e+03 6.446e+00  2 3.547e+03 3.547e+00  1  0   0  0   0   1         0
7180.986  7.181  0   0  5 8.899e+03 8.899e+00  0 1.093e+04 1.093e+01  1  0   0  0   0   1         0
7171.597  7.172  0   0  5 1.265e+04 1.265e+01  0 1.002e+05 1.002e+02  1  0   0  0   0   1         0
7190.226  7.190  0   0  3 4.315e+01 4.315e-02  0 1.575e+04 1.575e+01  1  0   0  0   0   1         0
7172.930  7.173  0   0  2 3.429e+03 3.429e+00  2 2.308e+04 2.308e+01  1  0   0  0   0   1         0
7161.518  7.162  0   0  2 1.819e+02 1.819e-01  2 6.357e+02 6.357e-01  1  0   0  0   0   1         0
7173.806  7.174  0   0  7 2.749e+03 2.749e+00  0 1.001e+04 1.001e+01  1  0   0  0   0   1         0
7153.590  7.154  0   0  2 3.571e+03 3.571e+00  2 4.985e+03 4.985e+00  1  0   0  0   0   1         0
7194.959  7.195  0   0  0 2.581e+02 2.581e-01  0 7.595e+03 7.595e+00  1  0   0  0   0   1         0
7186.690  7.187  0   0  5 5.348e+03 5.348e+00  0 1.288e+03 1.288e+00  1  0   0  0   0   1         0
7188.147  7.188  0   0  2 1.370e+03 1.370e+00  2 2.770e+03 2.770e+00  1  0   0  0   0   1         0
7193.804  7.194  0   0  4 6.870e+00 6.870e-03  4 1.548e+04 1.548e+01  1  0   0  0   0   1         0
7189.697  7.190  0   0  3 1.002e+04 1.002e+01  0 4.918e+02 4.918e-01  1  0   0  0   0   1         0
7171.771  7.172  0   0  1 4.046e+03 4.046e+00  0 2.209e+04 2.209e+01  1  0   0  0   0   1         0
7156.009  7.156  0   0  6 1.536e+04 1.536e+01  6 1.039e+04 1.039e+01  1  0   0  0   0   1         0
7168.839  7.169  0   0  5 3.896e+03 3.896e+00  0 1.200e+03 1.200e+00  1  0   0  0   0   1         0
7196.748  7.197  0   0  4 8.089e+03 8.089e+00  4 1.767e+03 1.767e+00  1  0   0  0   0   1         0
7197.489  7.197  0   0  3 2.010e+02 2.010e-01  0 2.962e+04 2.962e+01  1  0   0  0   0   1         0
7188.522  7.189  0   0  4 2.112e+03 2.112e+00  4 7.917e+03 7.917e+00  1  0   0  0   0   1         0
7160.341  7.160  0   0  1 6.083e+03 6.083e+00  0 1.767e+01 1.767e-02  1  0   0  0   0   1         0
7159.837  7.160  0   0  6 9.000e+03 9.000e+00  6 1.816e+03 1.816e+00  1  0   0  0   0   1         0
7194.064  7.194  0   0  5 9.315e+01 9.315e-02  0 5.910e+03 5.910e+00  1  0   0  0   0   1         0
7157.185  7.157  0   0  2 7.723e+02 7.723e-01  2 4.500e+04 4.500e+01  1  0   0  0   0   1         0
7179.383  7.179  0   0  3 8.175e+02 8.175e-01  0 1.990e+02 1.990e-01  1  0   0  0   0   1         0
7169.084  7.169  0   0  4 5.781e+03 5.781e+00  4 2.438e+03 2.438e+00  1  0   0  0   0   1         0
7165.254  7.165  0   0  1 3.015e+02 3.015e-01  0 1.539e+03 1.539e+00  1  0   0  0   0   1         0
7184.027  7.184  0   0  4 2.497e+03 2.497e+00  4 3.634e+03 3.634e+00  1  0   0  0   0   1         0
7198.006  7.198  0   0  0 8.800e+02 8.800e-01  0 2.102e+03 2.102e+00  1  0   0  0   0   1         0
7189.006  7.189  0   0  2 5.398e+03 5.398e+00  2 1.232e+04 1.232e+01  1  0   0  0   0   1         0
7231.928  7.232  0   0  1 4.864e+02 4.864e-01  0 2.176e+03 2.176e+00  1  0   0  0   0   1         0
7212.343  7.212  0   0  1 1.139e+04 1.139e+01  0 2.520e+04 2.520e+01  1  0   0  0   0   1         0
7240.374  7.240  0   0  1 2.444e+03 2.444e+00  0 1.645e+03 1.645e+00  1  0   0  0   0   1         0
7210.842  7.211  0   0  5 1.934e+03 1.934e+00  0 6.198e+04 6.198e+01  1  0   0  0   0   1         0
7245.351  7.245  0   0  4 4.658e+00 4.658e-03  4 5.068e+02 5.068e-01  1  0   0  0   0   1         0
7235.478  7.235  0   0  2 2.045e+03 2.045e+00  2 8.481e+01 8.481e-02  1  0   0  0   0   1         0
7202.773  7.203  0   0  0 8.675e+03 8.675e+00  0 1.156e+04 1.156e+01  1  0   0  0   0   1         0
7240.076  7.240  0   0  3 4.175e+03 4.175e+00  0 7.760e+03 7.760e+00  1  0   0  0   0   1         0
7225.498  7.225  0   0  0 2.504e+03 2.504e+00  0 1.192e+04 1.192e+01  1  0   0  0   0   1         0
7222.807  7.223  0   0  2 2.982e+02 2.982e-01  2 3.856e+04 3.856e+01  1  0   0  0   0   1         0
7221.198  7.221  0   0  2 5.976e+02 5.976e-01  2 1.234e+04 1.234e+01  1  0   0  0   0   1         0
7230.499  7.230  0   0  2 1.378e+02 1.378e-01  2 7.772e+03 7.772e+00  1  0   0  0   0   1         0
7236.369  7.236  0   0  6 4.309e+03 4.309e+00  6 4.353e+03 4.353e+00  1  0   0  0   0   1         0
7244.864  7.245  0   0  6 2.785e+04 2.785e+01  6 1.964e+04 1.964e+01  1  0   0  0   0   1         0
7213.788  7.214  0   0  1 1.322e+03 1.322e+00  0 2.556e+03 2.556e+00  1  0   0  0   0   1         0
7231.702  7.232  0   0  6 2.802e+03 2.802e+00  6 6.802e+02 6.802e-01  1  0   0  0   0   1         0
7234.468  7.234  0   0  1 2.369e+03 2.369e+00  0 7.320e+03 7.320e+00  1  0   0  0   0   1         0
7233.894  7.234  0   0  3 1.382e+04 1.382e+01  0 3.096e+03 3.096e+00  1  0   0  0   0   1         0
7224.826  7.225  0   0  2 1.829e+03 1.829e+00  2 5.485e+03 5.485e+00  1  0   0  0   0   1         0
7219.720  7.220  0   0  2 6.656e+02 6.656e-01  2 3.766e+02 3.766e-01  1  0   0  0   0   1         0
7238.246  7.238  0   0  1 1.251e+02 1.251e-01  0 7.512e+03 7.512e+00  1  0   0  0   0   1         0
7215.149  7.215  0   0  3 2.939e+02 2.939e-01  0 2.066e+04 2.066e+01  1  0   0  0   0   1         0
7210.520  7.211  0   0  4 2.670e+03 2.670e+00  4 1.802e+04 1.802e+01  1  0   0  0   0   1         0
7227.466  7.227  0   0  5 3.188e+04 3.188e+01  0 2.781e+02 2.781e-01  1  0   0  0   0   1         0
7213.520  7.214  0   0  3 1.032e+03 1.032e+00  0 6.291e+03 6.291e+00  1  0   0  0   0   1         0
7201.685  7.202  0   0  4 7.482e+02 7.482e-01  4 6.430e+03 6.430e+00  1  0   0  0   0   1         0
7202.613  7.203  0   0  2 1.671e+02 1.671e-01  2 3.590e+03 3.590e+00  1  0   0  0   0   1         0
7234.899  7.235  0   0  7 7.011e+03 7.011e+00  0 2.048e+04 2.048e+01  1  0   0  0   0   1         0
7248.675  7.249  0   0  6 1.283e+03 1.283e+00  6 2.549e+04 2.549e+01  1  0   0  0   0   1         0
7222.909  7.223  0   0  3 1.867e+03 1.867e+00  0 2.317e+04 2.317e+01  1  0   0  0   0   1         0
7207.442  7.207  0   0  2 6.108e+03 6.108e+00  2 7.567e+03 7.567e+00  1  0   0  0   0   1         0
7241.008  7.241  0   0  5 1.810e+03 1.810e+00  0 1.243e+03 1.243e+00  1  0   0  0   0   1         0
7268.405  7.268  0   0  1 4.662e+03 4.662e+00  0 3.590e+01 3.590e-02  1  0   0  0   0   1         0
7293.674  7.294  0   0  0 4.547e+03 4.547e+00  0 3.619e+03 3.619e+00  1  0   0  0   0   1         0
7271.108  7.271  0   0  1 4.448e+03 4.448e+00  0 2.621e+04 2.621e+01  1  0   0  0   0   1         0
7266.014  7.266  0   0  4 1.821e+03 1.821e+00  4 2.532e+03 2.532e+00  1  0   0  0   0   1         0
7287.088  7.287  0   0  3 1.025e+02 1.025e-01  0 8.975e+03 8.975e+00  1  0   0  0   0   1         0
7260.896  7.261  0   0  1 4.481e+03 4.481e+00  0 5.917e+03 5.917e+00  1  0   0  0   0   1         0
7262.946  7.263  0   0  1 2.592e+04 2.592e+01  0 2.428e+03 2.428e+00  1  0   0  0   0   1         0
7296.836  7.297  0   0  1 7.839e+03 7.839e+00  0 1.546e+03 1.546e+00  1  0   0  0   0   1         0
7254.131  7.254  0   0  7 7.490e+03 7.490e+00  0 2.526e+04 2.526e+01  1  0   0  0   0   1         0
7270.899  7.271  0   0  2 2.614e+02 2.614e-01  2 1.654e+03 1.654e+00  1  0   0  0   0   1         0
7279.005  7.279  0   0  0 1.814e+02 1.814e-01  0 2.947e+02 2.947e-01  1  0   0  0   0   1         0
7261.635  7.262  0   0  1 4.923e+03 4.923e+00  0 4.140e+02 4.140e-01  1  0   0  0   0   1         0
7264.190  7.264  0   0  4 3.608e+02 3.608e-01  4 3.447e+04 3.447e+01  1  0   0  0   0   1         0
7261.212  7.261  0   0  1 6.328e+02 6.328e-01  0 1.204e+04 1.204e+01  1  0   0  0   0   1         0
7267.415  7.267  0   0  6 9.582e+03 9.582e+00  6 1.545e+00 1.545e-03  1  0   0  0   0   1         0
7294.987  7.295  0   0  4 7.754e+03 7.754e+00  4 1.146e+04 1.146e+01  1  0   0  0   0   1         0
7271.748  7.272  0   0  7 3.105e+03 3.105e+00  0 3.500e+03 3.500e+00  1  0   0  0   0   1         0
7271.059  7.271  0   0  6 3.358e+03 3.358e+00  6 5.974e+00 5.974e-03  1  0   0  0   0   1         0
7269.492  7.269  0   0  5 3.912e+01 3.912e-02  0 4.710e+04 4.710e+01  1  0   0  0   0   1         0
7298.229  7.298  0   0  1 1.124e+03 1.124e+00  0 2.661e+02 2.661e-01  1  0   0  0   0   1         0
7255.937  7.256  0   0  3 4.097e+03 4.097e+00  0 5.376e+00 5.376e-03  1  0   0  0   0   1         0
7293.669  7.294  0   0  1 8.624e+01 8.624e-02  0 2.792e+02 2.792e-01  1  0   0  0   0   1         0
7266.510  7.267  0   0  1 1.258e+02 1.258e-01  0 5.001e+03 5.001e+00  1  0   0  0   0   1         0
7297.854  7.298  0   0  5 1.486e+02 1.486e-01  0 1.555e+04 1.555e+01  1  0   0  0   0   1         0
7265.910  7.266  0   0  1 2.186e+02 2.186e-01  0 2.996e+04 2.996e+01  1  0   0  0   0   1         0
7254.196  7.254  0   0  3 7.047e+03 7.047e+00  0 8.867e+03 8.867e+00  1  0   0  0   0   1         0
7276.173  7.276  0   0  2 8.374e+01 8.374e-02  2 1.664e+03 1.664e+00  1  0   0  0   0   1         0
7261.515  7.262  0   0  4 6.354e+03 6.354e+00  4 2.040e+04 2.040e+01  1  0   0  0   0   1         0
7287.776  7.288  0   0  3 1.731e+03 1.731e+00  0 1.322e+04 1.322e+01  1  0   0  0   0   1         0
7283.019  7.283  0   0  4 5.547e+01 5.547e-02  4 8.718e+03 8.718e+00  1  0   0  0   0   1         0
7284.470  7.284  0   0  2 5.043e+02 5.043e-01  2 1.211e+03 1.211e+00  1  0   0  0   0   1         0
7259.782  7.260  0   0  2 7.470e+03 7.470e+00  2 7.736e+02 7.736e-01  1  0   0  0   0   1         0
7285.572  7.286  0   0  0 4.728e+02 4.728e-01  0 4.599e+03 4.599e+00  1  0   0  0   0   1         0
7265.714  7.266  0   0  3 1.309e+04 1.309e+01  0 1.591e+03 1.591e+00  1  0   0  0   0   1         0
7299.935  7.300  0   0  1 2.872e+03 2.872e+00  0 4.772e+01 4.772e-02  1  0   0  0   0   1         0
7286.722  7.287  0   0  2 9.191e+02 9.191e-01  2 7.560e+01 7.560e-02  1  0   0  0   0   1         0
7279.686  7.280  0   0  1 1.440e+02 1.440e-01  0 7.363e+03 7.363e+00  1  0   0  0   0   1         0
7293.434  7.293  0   0  1 1.181e+04 1.181e+01  0 6.131e+04 6.131e+01  1  0   0  0   0   1         0
7279.631  7.280  0   0  2 4.696e+02 4.696e-01  2 2.525e+03 2.525e+00  1  0   0  0   0   1         0
7277.807  7.278  0   0  3 2.153e+03 2.153e+00  0 1.259e+04 1.259e+01  1  0   0  0   0   1         0
7336.864  7.337  0   0  5 2.868e+04 2.868e+01  0 5.729e+04 5.729e+01  1  0   0  0   0   1         0
7332.262  7.332  0   0  2 1.015e+02 1.015e-01  2 1.156e+03 1.156e+00  1  0   0  0   0   1         0
7325.176  7.325  0   0  3 4.255e+02 4.255e-01  0 6.351e+02 6.351e-01  1  0   0  0   0   1         0
7349.386  7.349  0   0  1 5.054e+03 5.054e+00  0 1.299e+04 1.299e+01  1  0   0  0   0   1         0
7347.984  7.348  0   0  2 1.933e+02 1.933e-01  2 4.799e+02 4.799e-01  1  0   0  0   0   1         0
7342.527  7.343  0   0  6 3.610e+02 3.610e-01  6 2.035e+04 2.035e+01  1  0   0  0   0   1         0
7338.881  7.339  0   0  5 8.423e+02 8.423e-01  0 3.997e+04 3.997e+01  1  0   0  0   0   1         0
7329.040  7.329  0   0  4 3.828e+03 3.828e+00  4 5.636e+02 5.636e-01  1  0   0  0   0   1         0
7313.117  7.313  0   0  1 3.854e+01 3.854e-02  0 1.750e+03 1.750e+00  1  0   0  0   0   1         0
7343.844  7.344  0   0  2 4.114e+03 4.114e+00  2 4.073e+03 4.073e+00  1  0   0  0   0   1         0
7300.548  7.301  0   0  2 5.694e+02 5.694e-01  2 1.134e+04 1.134e+01  1  0   0  0   0   1         0
7311.490  7.311  0   0  2 1.020e+03 1.020e+00  2 1.116e+04 1.116e+01  1  0   0  0   0   1         0
7320.348  7.320  0   0  5 4.696e+03 4.696e+00  0 1.187e+04 1.187e+01  1  0   0  0   0   1         0
7329.469  7.329  0   0  7 7.702e+03 7.702e+00  0 5.281e+02 5.281e-01  1  0   0  0   0   1         0
7328.208  7.328  0   0  3 1.557e+03 1.557e+00  0 2.683e+03 2.683e+00  1  0   0  0   0   1         0
7308.888  7.309  0   0  1 2.165e+02 2.165e-01  0 1.972e+04 1.972e+01  1  0   0  0   0   1         0
7305.303  7.305  0   0  6 6.426e+03 6.426e+00  6 5.014e+03 5.014e+00  1  0   0  0   0   1         0
7311.233  7.311  0   0  6 5.653e+03 5.653e+00  6 1.153e+02 1.153e-01  1  0   0  0   0   1         0
7317.588  7.318  0   0  5 2.268e+02 2.268e-01  0 2.981e+04 2.981e+01  1  0   0  0   0   1         0
7300.712  7.301  0   0  0 5.635e+03 5.635e+00  0 5.124e+03 5.124e+00  1  0   0  0   0   1         0
7334.764  7.335  0   0  2 5.111e+02 5.111e-01  2 2.339e+04 2.339e+01  1  0   0  0   0   1         0
7312.512  7.313  0   0  2 6.446e+02 6.446e-01  2 1.528e+03 1.528e+00  1  0   0  0   0   1         0
7317.723  7.318  0   0  4 5.887e+02 5.887e-01  4 5.749e+03 5.749e+00  1  0   0  0   0   1         0
7316.894  7.317  0   0  7 1.213e+03 1.213e+00  0 1.384e+04 1.384e+01  1  0   0  0   0   1         0
7325.758  7.326  0   0  1 2.549e+01 2.549e-02  0 5.427e-01 5.427e-04  1  0   0  0   0   1         0
7343.070  7.343  0   0  2 4.184e+03 4.184e+00  2 2.730e+04 2.730e+01  1  0   0  0   0   1         0
7307.555  7.308  0   0  2 1.152e+03 1.152e+00  2 1.434e+04 1.434e+01  1  0   0  0   0   1         0
7317.187  7.317  0   0  2 1.359e+01 1.359e-02  2 5.623e+01 5.623e-02  1  0   0  0   0   1         0
7334.743  7.335  0   0  1 1.140e+04 1.140e+01  0 2.287e+04 2.287e+01  1  0   0  0   0   1         0
7302.240  7.302  0   0  3 1.381e+02 1.381e-01  0 1.517e+03 1.517e+00  1  0   0  0   0   1         0
7397.764  7.398  0   0  1 5.701e+03 5.701e+00  0 7.303e+03 7.303e+00  1  0   0  0   0   1         0
7393.603  7.394  0   0  0 3.182e+01 3.182e-02  0 2.155e+02 2.155e-01  1  0   0  0   0   1         0
7361.777  7.362  0   0  3 2.422e+02 2.422e-01  0 1.846e+04 1.846e+01  1  0   0  0   0   1         0
7386.958  7.387  0   0  0 1.646e+03 1.646e+00  0 2.552e+03 2.552e+00  1  0   0  0   0   1         0
7355.266  7.355  0   0  3 1.084e+03 1.084e+00  0 9.004e+03 9.004e+00  1  0   0  0   0   1         0
7351.354  7.351  0   0  5 3.055e+03 3.055e+00  0 1.121e+04 1.121e+01  1  0   0  0   0   1         0
7351.427  7.351  0   0  1 2.836e+04 2.836e+01  0 7.030e+03 7.030e+00  1  0   0  0   0   1         0
7358.605  7.359  0   0  3 2.115e+02 2.115e-01  0 4.021e+03 4.021e+00  1  0   0  0   0   1         0
7384.884  7.385  0   0  2 3.269e+03 3.269e+00  2 3.343e+04 3.343e+01  1  0   0  0   0   1         0
7368.316  7.368  0   0  1 1.004e+03 1.004e+00  0 9.459e+03 9.459e+00  1  0   0  0   0   1         0
7350.807  7.351  0   0  3 6.873e+03 6.873e+00  0 2.834e+03 2.834e+00  1  0   0  0   0   1         0
7399.409  7.399  0   0  7 7.318e+03 7.318e+00  0 2.455e+02 2.455e-01  1  0   0  0   0   1         0
7376.830  7.377  0   0  2 5.036e+02 5.036e-01  2 9.719e+03 9.719e+00  1  0   0  0   0   1         0
7369.850  7.370  0   0  2 1.302e+03 1.302e+00  2 1.174e+04 1.174e+01  1  0   0  0   0   1         0
7376.105  7.376  0   0  5 1.463e+02 1.463e-01  0 1.979e+02 1.979e-01  1  0   0  0   0   1         0
7376.161  7.376  0   0  2 7.581e+01 7.581e-02  2 1.212e+02 1.212e-01  1  0   0  0   0   1         0
7373.674  7.374  0   0  4 1.143e+04 1.143e+01  4 1.590e+03 1.590e+00  1  0   0  0   0   1         0
7380.801  7.381  0   0  4 1.073e+03 1.073e+00  4 9.852e+03 9.852e+00  1  0   0  0   0   1         0
7394.346  7.394  0   0  2 3.935e+02 3.935e-01  2 1.982e+03 1.982e+00  1  0   0  0   0   1         0
7365.223  7.365  0   0  4 2.377e+03 2.377e+00  4 3.870e+02 3.870e-01  1  0   0  0   0   1         0
7374.511  7.375  0   0  3 7.210e+03 7.210e+00  0 3.624e+04 3.624e+01  1  0   0  0   0   1         0
7350.185  7.350  0   0  4 5.262e+01 5.262e-02  4 7.500e+03 7.500e+00  1  0   0  0   0   1         0
7393.068  7.393  0   0  1 3.136e+03 3.136e+00  0 2.222e+03 2.222e+00  1  0   0  0   0   1         0
7365.434  7.365  0   0  2 2.507e+03 2.507e+00  2 6.226e+03 6.226e+00  1  0   0  0   0   1         0
7363.694  7.364  0   0  3 1.006e+03 1.006e+00  0 4.106e+02 4.106e-01  1  0   0  0   0   1         0
7399.878  7.400  0   0  2 1.352e+03 1.352e+00  2 3.034e+04 3.034e+01  1  0   0  0   0   1         0
7379.377  7.379  0   0  4 1.752e+03 1.752e+00  4 4.361e+03 4.361e+00  1  0   0  0   0   1         0
7356.223  7.356  0   0  0 4.182e+02 4.182e-01  0 4.997e+04 4.997e+01  1  0   0  0   0   1         0
7363.404  7.363  0   0  2 1.469e+03 1.469e+00  2 2.626e+04 2.626e+01  1  0   0  0   0   1         0
7367.810  7.368  0   0  5 1.039e+04 1.039e+01  0 1.396e+03 1.396e+00  1  0   0  0   0   1         0
7399.312  7.399  0   0  4 3.693e+02 3.693e-01  4 7.734e+02 7.734e-01  1  0   0  0   0   1         0
7371.691  7.372  0   0  2 1.066e+04 1.066e+01  2 5.467e+03 5.467e+00  1  0   0  0   0   1         0
7361.623  7.362  0   0  5 1.366e+03 1.366e+00  0 8.227e+02 8.227e-01  1  0   0  0   0   1         0
7378.646  7.379  0   0  1 1.637e+03 1.637e+00  0 1.235e+02 1.235e-01  1  0   0  0   0   1         0
7370.395  7.370  0   0  3 8.170e+01 8.170e-02  0 2.248e+04 2.248e+01  1  0   0  0   0   1         0
7352.782  7.353  0   0  2 5.580e+03 5.580e+00  2 5.858e+03 5.858e+00  1  0   0  0   0   1         0
7393.123  7.393  0   0  2 1.982e+01 1.982e-02  2 1.105e+04 1.105e+01  1  0   0  0   0   1         0
7350.794  7.351  0   0  5 1.279e+03 1.279e+00  0 2.701e+02 2.701e-01  1  0   0  0   0   1         0
7394.983  7.395  0   0  6 9.321e+03 9.321e+00  6 2.525e+03 2.525e+00  1  0   0  0   0   1         0
7389.699  7.390  0   0  3 1.620e+03 1.620e+00  0 3.301e+03 3.301e+00  1  0   0  0   0   1         0
7414.581  7.415  0   0  3 4.487e+03 4.487e+00  0 5.366e+02 5.366e-01  1  0   0  0   0   1         0
7407.717  7.408  0   0  4 1.507e+03 1.507e+00  4 1.323e+04 1.323e+01  1  0   0  0   0   1         0
7415.636  7.416  0   0  4 3.514e+03 3.514e+00  4 7.569e+02 7.569e-01  1  0   0  0   0   1         0
7438.081  7.438  0   0  7 1.956e+03 1.956e+00  0 1.231e+04 1.231e+01  1  0   0  0   0   1         0
7443.068  7.443  0   0  1 1.993e+01 1.993e-02  0 1.663e+04 1.663e+01  1  0   0  0   0   1         0
7405.787  7.406  0   0  4 4.221e+03 4.221e+00  4 1.579e+03 1.579e+00  1  0   0  0   0   1         0
7431.234  7.431  0   0  1 1.445e+02 1.445e-01  0 6.675e+03 6.675e+00  1  0   0  0   0   1         0
7428.520  7.429  0   0  1 1.169e+04 1.169e+01  0 3.989e+04 3.989e+01  1  0   0  0   0   1         0
7433.580  7.434  0   0  0 2.583e+03 2.583e+00  0 4.497e+03 4.497e+00  1  0   0  0   0   1         0
7433.692  7.434  0   0  3 2.785e+02 2.785e-01  0 3.080e+02 3.080e-01  1  0   0  0   0   1         0
7447.998  7.448  0   0  2 1.446e+04 1.446e+01  2 1.976e+03 1.976e+00  1  0   0  0   0   1         0
7417.471  7.417  0   0  3 3.606e+03 3.606e+00  0 5.396e+04 5.396e+01  1  0   0  0   0   1         0
7415.122  7.415  0   0  2 7.616e+03 7.616e+00  2 9.081e+02 9.081e-01  1  0   0  0   0   1         0
7429.215  7.429  0   0  3 2.346e+03 2.346e+00  0 1.707e+04 1.707e+01  1  0   0  0   0   1         0
7421.627  7.422  0   0  0 3.653e+03 3.653e+00  0 2.103e+04 2.103e+01  1  0   0  0   0   1         0
7423.846  7.424  0   0  6 8.884e+02 8.884e-01  6 1.738e+04 1.738e+01  1  0   0  0   0   1         0
7403.505  7.404  0   0  2 2.115e+02 2.115e-01  2 1.759e+04 1.759e+01  1  0   0  0   0   1         0
7407.493  7.407  0   0  1 1.320e+03 1.320e+00  0 1.981e+02 1.981e-01  1  0   0  0   0   1         0
7446.806  7.447  0   0  2 7.064e+02 7.064e-01  2 1.179e+04 1.179e+01  1  0   0  0   0   1         0
7403.455  7.403  0   0  5 1.475e+03 1.475e+00  0 3.138e+04 3.138e+01  1  0   0  0   0   1         0
7429.660  7.430  0   0  6 6.503e+02 6.503e-01  6 1.938e+04 1.938e+01  1  0   0  0   0   1         0
7437.845  7.438  0   0  4 4.345e+04 4.345e+01  4 1.332e+04 1.332e+01  1  0   0  0   0   1         0
7400.601  7.401  0   0  4 6.487e+03 6.487e+00  4 2.357e+03 2.357e+00  1  0   0  0   0   1         0
7411.248  7.411  0   0  4 5.514e+03 5.514e+00  4 1.674e+04 1.674e+01  1  0   0  0   0   1         0
7419.003  7.419  0   0  1 3.891e+03 3.891e+00  0 8.649e+03 8.649e+00  1  0   0  0   0   1         0
7425.499  7.425  0   0 10 1.160e+03 1.160e+00 10 5.675e+03 5.675e+00  1  0   0  0   0   1         0
7417.223  7.417  0   0  1 5.436e+02 5.436e-01  0 8.237e+03 8.237e+00  1  0   0  0   0   1         0
7432.594  7.433  0   0  2 2.467e+03 2.467e+00  2 2.421e+04 2.421e+01  1  0   0  0   0   1         0
7411.432  7.411  0   0  1 5.984e+04 5.984e+01  0 9.286e+03 9.286e+00  1  0   0  0   0   1         0
7401.290  7.401  0   0  1 6.952e+03 6.952e+00  0 1.170e+03 1.170e+00  1  0   0  0   0   1         0
7400.080  7.400  0   0  1 5.624e+03 5.624e+00  0 5.202e+03 5.202e+00  1  0   0  0   0   1         0
7417.420  7.417  0   0  4 4.611e+02 4.611e-01  4 2.086e+02 2.086e-01  1  0   0  0   0   1         0
7418.230  7.418  0   0  1 1.975e+03 1.975e+00  0 2.971e+04 2.971e+01  1  0   0  0   0   1         0
7447.461  7.447  0   0  1 1.830e+03 1.830e+00  0 6.179e+02 6.179e-01  1  0   0  0   0   1         0
7402.266  7.402  0   0  1 3.199e+02 3.199e-01  0 9.557e+03 9.557e+00  1  0   0  0   0   1         0
7426.661  7.427  0   0  1 1.139e+04 1.139e+01  0 4.022e+02 4.022e-01  1  0   0  0   0   1         0
7429.045  7.429  0   0  0 1.473e+03 1.473e+00  0 7.763e+03 7.763e+00  1  0   0  0   0   1         0
7435.096  7.435  0   0  2 5.064e+01 5.064e-02  2 1.261e+03 1.261e+00  1  0   0  0   0   1         0
7432.082  7.432  0   0  6 6.878e+03 6.878e+00  6 3.140e+04 3.140e+01  1  0   0  0   0   1         0
7400.412  7.400  0   0  2 2.622e+01 2.622e-02  2 9.179e+02 9.179e-01  1  0   0  0   0   1         0
7431.740  7.432  0   0  2 4.247e+03 4.247e+00  2 3.405e+04 3.405e+01  1  0   0  0   0   1         0
7416.258  7.416  0   0  2 2.353e+03 2.353e+00  2 8.036e+03 8.036e+00  1  0   0  0   0   1         0
7438.754  7.439  0   0  1 9.111e+02 9.111e-01  0 4.944e+03 4.944e+00  1  0   0  0   0   1         0
7409.516  7.410  0   0  4 8.425e+03 8.425e+00  4 5.490e+01 5.490e-02  1  0   0  0   0   1         0
7435.938  7.436  0   0  4 3.424e+03 3.424e+00  4 5.658e+03 5.658e+00  1  0   0  0   0   1         0
7475.378  7.475  0   0  3 2.250e+03 2.250e+00  0 1.658e+03 1.658e+00  1  0   0  0   0   1         0
7457.085  7.457  0   0  3 1.369e+03 1.369e+00  0 2.591e+02 2.591e-01  1  0   0  0   0   1         0
7454.522  7.455  0   0  3 1.919e+02 1.919e-01  0 3.359e+03 3.359e+00  1  0   0  0   0   1         0
7472.095  7.472  0   0  3 4.054e+03 4.054e+00  0 2.066e+02 2.066e-01  1  0   0  0   0   1         0
7496.188  7.496  0   0  0 5.988e+03 5.988e+00  0 8.237e+03 8.237e+00  1  0   0  0   0   1         0
7478.041  7.478  0   0  2 5.590e+03 5.590e+00  2 2.273e+03 2.273e+00  1  0   0  0   0   1         0
7468.053  7.468  0   0  4 3.568e+02 3.568e-01  4 1.737e+03 1.737e+00  1  0   0  0   0   1         0
7495.486  7.495  0   0  1 1.248e+04 1.248e+01  0 6.021e+02 6.021e-01  1  0   0  0   0   1         0
7469.579  7.470  0   0  4 1.240e+04 1.240e+01  4 4.462e+03 4.462e+00  1  0   0  0   0   1         0
7475.612  7.476  0   0  5 6.916e+03 6.916e+00  0 8.603e+03 8.603e+00  1  0   0  0   0   1         0
7455.889  7.456  0   0  1 1.503e+03 1.503e+00  0 7.509e+02 7.509e-01  1  0   0  0   0   1         0
7486.989  7.487  0   0  0 1.503e+04 1.503e+01  0 5.332e+03 5.332e+00  1  0   0  0   0   1         0
7485.144  7.485  0   0  1 1.061e+04 1.061e+01  0 2.784e+02 2.784e-01  1  0   0  0   0   1         0
7489.812  7.490  0   0  0 5.590e+03 5.590e+00  0 1.272e+02 1.272e-01  1  0   0  0   0   1         0
7466.396  7.466  0   0  8 6.873e+02 6.873e-01  8 5.209e+03 5.209e+00  1  0   0  0   0   1         0
7471.955  7.472  0   0  2 2.801e+03 2.801e+00  2 2.140e+03 2.140e+00  1  0   0  0   0   1         0
7458.504  7.459  0   0  5 9.937e+02 9.937e-01  0 1.789e+03 1.789e+00  1  0   0  0   0   1         0
7498.246  7.498  0   0  6 3.821e+03 3.821e+00  6 5.852e+02 5.852e-01  1  0   0  0   0   1         0
7454.353  7.454  0   0  1 4.207e+03 4.207e+00  0 1.418e+02 1.418e-01  1  0   0  0   0   1         0
7482.591  7.483  0   0  1 1.912e+02 1.912e-01  0 1.270e+03 1.270e+00  1  0   0  0   0   1         0
7485.391  7.485  0   0  4 1.110e+04 1.110e+01  4 8.125e+03 8.125e+00  1  0   0  0   0   1         0
7457.969  7.458  0   0  3 3.858e+03 3.858e+00  0 2.073e+03 2.073e+00  1  0   0  0   0   1         0
7468.410  7.468  0   0  1 8.107e+03 8.107e+00  0 9.886e+03 9.886e+00  1  0   0  0   0   1         0
7452.182  7.452  0   0  1 1.650e+03 1.650e+00  0 1.214e+04 1.214e+01  1  0   0  0   0   1         0
7477.983  7.478  0   0  4 2.337e+03 2.337e+00  4 7.523e+03 7.523e+00  1  0   0  0   0   1         0
7499.750  7.500  0   0  6 2.666e+02 2.666e-01  6 3.790e+04 3.790e+01  1  0   0  0   0   1         0
7471.646  7.472  0   0  4 5.439e+02 5.439e-01  4 1.492e+04 1.492e+01  1  0   0  0   0   1         0
7499.506  7.500  0   0  1 2.368e+03 2.368e+00  0 2.502e+04 2.502e+01  1  0   0  0   0   1         0
7456.380  7.456  0   0  3 5.077e+03 5.077e+00  0 3.073e+02 3.073e-01  1  0   0  0   0   1         0
7469.770  7.470  0   0  0 2.459e+01 2.459e-02  0 1.883e+03 1.883e+00  1  0   0  0   0   1         0
7495.152  7.495  0   0  2 1.975e+03 1.975e+00  2 7.903e+02 7.903e-01  1  0   0  0   0   1         0
7493.901  7.494  0   0  1 2.313e+03 2.313e+00  0 4.188e+01 4.188e-02  1  0   0  0   0   1         0
7466.315  7.466  0   0  5 2.789e+02 2.789e-01  0 3.689e+02 3.689e-01  1  0   0  0   0   1         0
7484.065  7.484  0   0  2 2.276e+04 2.276e+01  2 5.483e+03 5.483e+00  1  0   0  0   0   1         0
7494.370  7.494  0   0  0 2.471e+04 2.471e+01  0 1.475e+03 1.475e+00  1  0   0  0   0   1         0
7488.454  7.488  0   0  1 2.718e+03 2.718e+00  0 4.699e+04 4.699e+01  1  0   0  0   0   1         0
7481.568  7.482  0   0  4 5.519e+03 5.519e+00  4 8.153e+03 8.153e+00  1  0   0  0   0   1         0
7457.709  7.458  0   0  4 3.679e+02 3.679e-01  4 4.613e+02 4.613e-01  1  0   0  0   0   1         0
7453.692  7.454  0   0  5 9.185e+02 9.185e-01  0 9.111e+03 9.111e+00  1  0   0  0   0   1         0
7545.755  7.546  0   0  3 4.156e+02 4.156e-01  0 4.633e+04 4.633e+01  1  0   0  0   0   1         0
7525.076  7.525  0   0  6 2.548e+03 2.548e+00  6 7.910e+03 7.910e+00  1  0   0  0   0   1         0
7509.506  7.510  0   0  5 1.883e+04 1.883e+01  0 3.278e+04 3.278e+01  1  0   0  0   0   1         0
7524.312  7.524  0   0  1 1.330e+00 1.330e-03  0 6.965e+02 6.965e-01  1  0   0  0   0   1         0
7533.867  7.534  0   0  5 7.451e+03 7.451e+00  0 1.630e+04 1.630e+01  1  0   0  0   0   1         0
7518.496  7.518  0   0  4 9.378e+02 9.378e-01  4 2.817e+03 2.817e+00  1  0   0  0   0   1         0
7542.268  7.542  0   0  3 6.467e+03 6.467e+00  0 2.455e+03 2.455e+00  1  0   0  0   0   1         0
7526.807  7.527  0   0  4 2.670e+01 2.670e-02  4 2.738e+03 2.738e+00  1  0   0  0   0   1         0
7523.538  7.524  0   0  2 7.901e+01 7.901e-02  2 9.761e+03 9.761e+00  1  0   0  0   0   1         0
7543.008  7.543  0   0  3 1.412e+03 1.412e+00  0 1.242e+04 1.242e+01  1  0   0  0   0   1         0
7523.296  7.523  0   0  1 4.118e+03 4.118e+00  0 1.026e+04 1.026e+01  1  0   0  0   0   1         0
7520.867  7.521  0   0  6 2.423e+04 2.423e+01  6 6.573e+04 6.573e+01  1  0   0  0   0   1         0
7505.242  7.505  0   0  0 3.927e+03 3.927e+00  0 1.685e+03 1.685e+00  1  0   0  0   0   1         0
7518.264  7.518  0   0  2 1.061e+00 1.061e-03  2 1.640e+01 1.640e-02  1  0   0  0   0   1         0
7519.997  7.520  0   0  5 6.083e+02 6.083e-01  0 2.477e+02 2.477e-01  1  0   0  0   0   1         0
7509.121  7.509  0   0  4 2.976e+00 2.976e-03  4 3.313e+03 3.313e+00  1  0   0  0   0   1         0
7529.537  7.530  0   0  3 1.677e+03 1.677e+00  0 9.566e+03 9.566e+00  1  0   0  0   0   1         0
7507.267  7.507  0   0  5 1.816e+03 1.816e+00  0 2.167e+04 2.167e+01  1  0   0  0   0   1         0
7511.290  7.511  0   0  4 2.514e+03 2.514e+00  4 1.004e+03 1.004e+00  1  0   0  0   0   1         0
7528.203  7.528  0   0  4 1.589e+02 1.589e-01  4 2.405e+03 2.405e+00  1  0   0  0   0   1         0
7513.568  7.514  0   0  1 1.047e+04 1.047e+01  0 1.605e+03 1.605e+00  1  0   0  0   0   1         0
7532.122  7.532  0   0  1 4.077e+02 4.077e-01  0 8.988e+02 8.988e-01  1  0   0  0   0   1         0
7534.654  7.535  0   0  0 3.319e+03 3.319e+00  0 9.032e+03 9.032e+00  1  0   0  0   0   1         0
7515.192  7.515  0   0  7 2.009e+03 2.009e+00  0 1.873e+04 1.873e+01  1  0   0  0   0   1         0
7504.418  7.504  0   0  3 2.920e+02 2.920e-01  0 2.860e+04 2.860e+01  1  0   0  0   0   1         0
7524.623  7.525  0   0  0 5.960e+02 5.960e-01  0 1.990e+04 1.990e+01  1  0   0  0   0   1         0
7504.696  7.505  0   0  6 1.865e+03 1.865e+00  6 1.036e+03 1.036e+00  1  0   0  0   0   1         0
7525.912  7.526  0   0  4 5.804e+01 5.804e-02  4 2.968e+04 2.968e+01  1  0   0  0   0   1         0
7536.430  7.536  0   0  0 5.227e+03 5.227e+00  0 2.415e+04 2.415e+01  1  0   0  0   0   1         0
7531.158  7.531  0   0  0 3.805e+02 3.805e-01  0 1.115e+04 1.115e+01  1  0   0  0   0   1         0
7522.563  7.523  0   0  4 2.366e+03 2.366e+00  4 2.078e+02 2.078e-01  1  0   0  0   0   1         0
7547.323  7.547  0   0  2 2.762e+03 2.762e+00  2 1.112e+03 1.112e+00  1  0   0  0   0   1         0
7505.143  7.505  0   0  1 2.923e+02 2.923e-01  0 2.726e+03 2.726e+00  1  0   0  0   0   1         0
7544.063  7.544  0   0  2 2.659e+03 2.659e+00  2 9.451e+03 9.451e+00  1  0   0  0   0   1         0
7540.102  7.540  0   0  3 6.191e+01 6.191e-02  0 3.600e+03 3.600e+00  1  0   0  0   0   1         0
7521.134  7.521  0   0  5 3.582e+02 3.582e-01  0 2.950e+03 2.950e+00  1  0   0  0   0   1         0
7507.722  7.508  0   0  2 3.781e+03 3.781e+00  2 4.544e+04 4.544e+01  1  0   0  0   0   1         0
7507.873  7.508  0   0  1 8.194e+02 8.194e-01  0 1.268e+03 1.268e+00  1  0   0  0   0   1         0
7546.133  7.546  0   0  2 6.326e+03 6.326e+00  2 2.375e+03 2.375e+00  1  0   0  0   0   1         0
7511.794  7.512  0   0  2 1.113e+03 1.113e+00  2 4.162e+03 4.162e+00  1  0   0  0   0   1         0
7543.771  7.544  0   0  6 3.789e+03 3.789e+00  6 7.457e+03 7.457e+00  1  0   0  0   0   1         0
7571.261  7.571  0   0  4 5.191e+03 5.191e+00  4 1.724e+04 1.724e+01  1  0   0  0   0   1         0
7598.978  7.599  0   0  2 6.824e+02 6.824e-01  2 1.517e+04 1.517e+01  1  0   0  0   0   1         0
7564.049  7.564  0   0  6 3.147e+03 3.147e+00  6 1.449e+03 1.449e+00  1  0   0  0   0   1         0
7573.593  7.574  0   0  4 1.007e+03 1.007e+00  4 5.453e+04 5.453e+01  1  0   0  0   0   1         0
7558.073  7.558  0   0  1 7.718e+03 7.718e+00  0 4.639e+03 4.639e+00  1  0   0  0   0   1         0
7559.014  7.559  0   0  3 9.423e+02 9.423e-01  0 3.336e+03 3.336e+00  1  0   0  0   0   1         0
7580.315  7.580  0   0  1 9.480e+02 9.480e-01  0 1.459e+04 1.459e+01  1  0   0  0   0   1         0
7587.660  7.588  0   0  4 6.442e+02 6.442e-01  4 7.736e+02 7.736e-01  1  0   0  0   0   1         0
7581.959  7.582  0   0  6 4.420e+02 4.420e-01  6 2.046e+03 2.046e+00  1  0   0  0   0   1         0
7566.595  7.567  0   0  4 3.569e+02 3.569e-01  4 8.899e+01 8.899e-02  1  0   0  0   0   1         0
7553.014  7.553  0   0  2 1.437e+04 1.437e+01  2 7.444e+03 7.444e+00  1  0   0  0   0   1         0
7573.660  7.574  0   0  1 7.932e+01 7.932e-02  0 1.052e+03 1.052e+00  1  0   0  0   0   1         0
7575.361  7.575  0   0  7 1.833e+02 1.833e-01  0 4.151e+03 4.151e+00  1  0   0  0   0   1         0
7588.636  7.589  0   0  2 1.912e+02 1.912e-01  2 1.755e+03 1.755e+00  1  0   0  0   0   1         0
7582.150  7.582  0   0  6 7.630e+02 7.630e-01  6 1.841e+04 1.841e+01  1  0   0  0   0   1         0
7593.628  7.594  0   0  4 7.182e+03 7.182e+00  4 5.587e+03 5.587e+00  1  0   0  0   0   1         0
7589.248  7.589  0   0  4 4.504e+03 4.504e+00  4 2.073e+04 2.073e+01  1  0   0  0   0   1         0
7568.431  7.568  0   0  1 1.071e+03 1.071e+00  0 9.411e+03 9.411e+00  1  0   0  0   0   1         0
7581.748  7.582  0   0  4 2.369e+03 2.369e+00  4 1.291e+03 1.291e+00  1  0   0  0   0   1         0
7587.475  7.587  0   0  4 7.826e+02 7.826e-01  4 1.223e+01 1.223e-02  1  0   0  0   0   1         0
7597.868  7.598  0   0  1 1.402e+02 1.402e-01  0 9.424e+03 9.424e+00  1  0   0  0   0   1         0
7571.261  7.571  0   0  3 5.339e+02 5.339e-01  0 1.609e+04 1.609e+01  1  0   0  0   0   1         0
7582.548  7.583  0   0  6 1.062e+03 1.062e+00  6 2.903e+04 2.903e+01  1  0   0  0   0   1         0
7569.774  7.570  0   0  1 3.111e+03 3.111e+00  0 1.206e+02 1.206e-01  1  0   0  0   0   1         0
7587.005  7.587  0   0  2 1.483e+03 1.483e+00  2 3.608e+04 3.608e+01  1  0   0  0   0   1         0
7595.646  7.596  0   0  3 1.972e+02 1.972e-01  0 1.757e+04 1.757e+01  1  0   0  0   0   1         0
7596.005  7.596  0   0  2 1.308e+03 1.308e+00  2 1.948e+04 1.948e+01  1  0   0  0   0   1         0
7557.933  7.558  0   0  2 5.594e+03 5.594e+00  2 3.181e+02 3.181e-01  1  0   0  0   0   1         0
7560.301  7.560  0   0  2 5.027e+03 5.027e+00  2 4.256e+03 4.256e+00  1  0   0  0   0   1         0
7587.855  7.588  0   0  1 6.012e+03 6.012e+00  0 4.925e+03 4.925e+00  1  0   0  0   0   1         0
7581.687  7.582  0   0  2 5.370e+03 5.370e+00  2 1.589e+04 1.589e+01  1  0   0  0   0   1         0
7595.305  7.595  0   0  3 1.971e+02 1.971e-01  0 1.337e-01 1.337e-04  1  0   0  0   0   1         0
7565.817  7.566  0   0  3 1.274e+04 1.274e+01  0 6.115e+03 6.115e+00  1  0   0  0   0   1         0
7592.476  7.592  0   0  6 1.936e+02 1.936e-01  6 8.993e+02 8.993e-01  1  0   0  0   0   1         0
7646.076  7.646  0   0  3 2.921e+03 2.921e+00  0 1.124e+03 1.124e+00  1  0   0  0   0   1         0
7647.460  7.647  0   0  3 1.346e+04 1.346e+01  0 5.716e+02 5.716e-01  1  0   0  0   0   1         0
7614.767  7.615  0   0  1 5.327e+00 5.327e-03  0 2.542e+03 2.542e+00  1  0   0  0   0   1         0
7635.964  7.636  0   0  4 2.910e+02 2.910e-01  4 1.045e+04 1.045e+01  1  0   0  0   0   1         0
7633.279  7.633  0   0  5 1.788e+04 1.788e+01  0 3.120e+04 3.120e+01  1  0   0  0   0   1         0
7601.800  7.602  0   0  4 9.557e+03 9.557e+00  4 2.744e+02 2.744e-01  1  0   0  0   0   1         0
7613.391  7.613  0   0  3 6.562e+02 6.562e-01  0 1.690e+04 1.690e+01  1  0   0  0   0   1         0
7610.433  7.610  0   0  1 5.737e+03 5.737e+00  0 3.040e+04 3.040e+01  1  0   0  0   0   1         0
7618.675  7.619  0   0  4 2.316e+03 2.316e+00  4 1.625e+03 1.625e+00  1  0   0  0   0   1         0
7647.678  7.648  0   0  1 2.061e+04 2.061e+01  0 2.191e+04 2.191e+01  1  0   0  0   0   1         0
7642.354  7.642  0   0  3 2.819e+03 2.819e+00  0 6.218e+02 6.218e-01  1  0   0  0   0   1         0
7614.791  7.615  0   0  6 8.626e+01 8.626e-02  6 7.095e+01 7.095e-02  1  0   0  0   0   1         0
7626.645  7.627  0   0  3 2.761e+03 2.761e+00  0 4.339e+03 4.339e+00  1  0   0  0   0   1         0
7609.703  7.610  0   0  8 6.836e+02 6.836e-01  8 2.019e+03 2.019e+00  1  0   0  0   0   1         0
7613.988  7.614  0   0  2 4.635e+03 4.635e+00  2 7.469e+03 7.469e+00  1  0   0  0   0   1         0
7603.285  7.603  0   0  3 2.029e+03 2.029e+00  0 5.153e+03 5.153e+00  1  0   0  0   0   1         0
7632.262  7.632  0   0  5 1.359e+03 1.359e+00  0 1.114e+03 1.114e+00  1  0   0  0   0   1         0
7632.975  7.633  0   0  6 8.120e+02 8.120e-01  6 3.197e+03 3.197e+00  1  0   0  0   0   1         0
7642.002  7.642  0   0  5 2.013e+02 2.013e-01  0 1.703e+04 1.703e+01  1  0   0  0   0   1         0
7643.641  7.644  0   0  2 5.919e+03 5.919e+00  2 7.849e+02 7.849e-01  1  0   0  0   0   1         0
7608.081  7.608  0   0  2 3.448e+01 3.448e-02  2 2.076e+04 2.076e+01  1  0   0  0   0   1         0
7637.261  7.637  0   0  0 4.346e+01 4.346e-02  0 4.836e+03 4.836e+00  1  0   0  0   0   1         0
7606.803  7.607  0   0  5 4.213e+02 4.213e-01  0 1.383e+04 1.383e+01  1  0   0  0   0   1         0
7618.821  7.619  0   0  2 4.968e+03 4.968e+00  2 2.260e+01 2.260e-02  1  0   0  0   0   1         0
7625.920  7.626  0   0  1 2.021e+03 2.021e+00  0 2.942e+03 2.942e+00  1  0   0  0   0   1         0
7602.501  7.603  0   0  4 1.295e+03 1.295e+00  4 2.433e+03 2.433e+00  1  0   0  0   0   1         0
7607.915  7.608  0   0  3 1.337e+03 1.337e+00  0 1.658e+04 1.658e+01  1  0   0  0   0   1         0
7613.670  7.614  0   0  2 3.067e+03 3.067e+00  2 3.502e+03 3.502e+00  1  0   0  0   0   1         0
7606.442  7.606  0   0  2 1.844e+03 1.844e+00  2 1.041e+03 1.041e+00  1  0   0  0   0   1         0
7646.740  7.647  0   0  4 1.813e+03 1.813e+00  4 8.057e+02 8.057e-01  1  0   0  0   0   1         0
7614.534  7.615  0   0  2 3.469e+03 3.469e+00  2 2.255e+02 2.255e-01  1  0   0  0   0   1         0
7625.202  7.625  0   0  2 2.010e+03 2.010e+00  2 2.384e+03 2.384e+00  1  0   0  0   0   1         0
7649.829  7.650  0   0  1 1.825e-01 1.825e-04  0 4.308e+04 4.308e+01  1  0   0  0   0   1         0
7628.473  7.628  0   0  1 5.627e+03 5.627e+00  0 1.593e+04 1.593e+01  1  0   0  0   0   1         0
7620.714  7.621  0   0  3 2.010e+02 2.010e-01  0 4.073e+02 4.073e-01  1  0   0  0   0   1         0
7646.527  7.647  0   0  2 5.327e+02 5.327e-01  2 6.308e+03 6.308e+00  1  0   0  0   0   1         0
7611.225  7.611  0   0  3 8.335e+02 8.335e-01  0 6.983e+03 6.983e+00  1  0   0  0   0   1         0
7609.060  7.609  0   0  2 4.712e-02 4.712e-05  2 2.059e+04 2.059e+01  1  0   0  0   0   1         0
7626.911  7.627  0   0  3 4.333e+03 4.333e+00  0 5.235e+00 5.235e-03  1  0   0  0   0   1         0
7621.506  7.622  0   0  3 7.515e+03 7.515e+00  0 3.536e+03 3.536e+00  1  0   0  0   0   1         0
7639.942  7.640  0   0  3 2.124e+03 2.124e+00  0 2.458e+03 2.458e+00  1  0   0  0   0   1         0
7602.124  7.602  0   0  5 9.604e+03 9.604e+00  0 1.058e+04 1.058e+01  1  0   0  0   0   1         0
7631.022  7.631  0   0  4 1.368e+03 1.368e+00  4 6.466e+01 6.466e-02  1  0   0  0   0   1         0
7635.652  7.636  0   0  4 2.526e+02 2.526e-01  4 1.196e+04 1.196e+01  1  0   0  0   0   1         0
7648.611  7.649  0   0  4 1.147e+04 1.147e+01  4 1.779e+04 1.779e+01  1  0   0  0   0   1         0
7607.360  7.607  0   0  2 8.556e+01 8.556e-02  2 8.054e+01 8.054e-02  1  0   0  0   0   1         0
7612.419  7.612  0   0  5 2.677e+03 2.677e+00  0 8.142e+03 8.142e+00  1  0   0  0   0   1         0
7646.658  7.647  0   0  3 1.334e+03 1.334e+00  0 4.421e+04 4.421e+01  1  0   0  0   0   1         0
7631.665  7.632  0   0  3 3.936e+03 3.936e+00  0 2.990e+02 2.990e-01  1  0   0  0   0   1         0
7601.924  7.602  0   0  4 1.071e+03 1.071e+00  4 2.617e+02 2.617e-01  1  0   0  0   0   1         0
7603.909  7.604  0   0  1 3.903e+02 3.903e-01  0 2.041e+04 2.041e+01  1  0   0  0   0   1         0
7639.368  7.639  0   0  0 3.029e+02 3.029e-01  0 5.042e+03 5.042e+00  1  0   0  0   0   1         0
7686.982  7.687  0   0  2 1.263e+03 1.263e+00  2 2.675e+04 2.675e+01  1  0   0  0   0   1         0
7688.933  7.689  0   0  0 1.505e+03 1.505e+00  0 7.568e-04 7.568e-07  1  0   0  0   0   1         0
7669.996  7.670  0   0  1 1.531e+03 1.531e+00  0 2.968e+03 2.968e+00  1  0   0  0   0   1         0
7683.049  7.683  0   0  3 1.575e+04 1.575e+01  0 2.385e+03 2.385e+00  1  0   0  0   0   1         0
7695.500  7.695  0   0  2 9.633e+03 9.633e+00  2 4.534e+04 4.534e+01  1  0   0  0   0   1         0
7690.825  7.691  0   0  3 2.403e+03 2.403e+00  0 9.593e+03 9.593e+00  1  0   0  0   0   1         0
7670.882  7.671  0   0  1 3.130e+03 3.130e+00  0 8.429e+03 8.429e+00  1  0   0  0   0   1         0
7672.213  7.672  0   0  1 5.999e+03 5.999e+00  0 5.943e+03 5.943e+00  1  0   0  0   0   1         0
7694.400  7.694  0   0  3 6.409e+03 6.409e+00  0 2.357e+02 2.357e-01  1  0   0  0   0   1         0
7651.737  7.652  0   0  1 1.181e+02 1.181e-01  0 1.893e+03 1.893e+00  1  0   0  0   0   1         0
7651.153  7.651  0   0  1 8.011e+02 8.011e-01  0 2.857e+04 2.857e+01  1  0   0  0   0   1         0
7660.382  7.660  0   0  4 1.521e+00 1.521e-03  4 1.183e+03 1.183e+00  1  0   0  0   0   1         0
7691.461  7.691  0   0  0 1.943e+03 1.943e+00  0 4.219e+01 4.219e-02  1  0   0  0   0   1         0
7657.734  7.658  0   0  2 2.455e+02 2.455e-01  2 5.045e+03 5.045e+00  1  0   0  0   0   1         0
7664.379  7.664  0   0  2 1.639e+03 1.639e+00  2 1.753e+03 1.753e+00  1  0   0  0   0   1         0
7681.584  7.682  0   0  5 4.411e+02 4.411e-01  0 6.258e+03 6.258e+00  1  0   0  0   0   1         0
7659.297  7.659  0   0  0 3.458e+04 3.458e+01  0 3.395e+04 3.395e+01  1  0   0  0   0   1         0
7665.275  7.665  0   0  3 2.472e+03 2.472e+00  0 7.300e+02 7.300e-01  1  0   0  0   0   1         0
7673.486  7.673  0   0  1 1.701e+03 1.701e+00  0 5.115e+03 5.115e+00  1  0   0  0   0   1         0
7661.505  7.662  0   0  4 1.460e+04 1.460e+01  4 3.072e+04 3.072e+01  1  0   0  0   0   1         0
7699.625  7.700  0   0  1 2.061e+02 2.061e-01  0 6.498e+03 6.498e+00  1  0   0  0   0   1         0
7658.250  7.658  0   0  0 7.378e+03 7.378e+00  0 1.700e+03 1.700e+00  1  0   0  0   0   1         0
7692.568  7.693  0   0  2 6.768e+03 6.768e+00  2 1.590e+04 1.590e+01  1  0   0  0   0   1         0
7673.645  7.674  0   0  4 3.229e+03 3.229e+00  4 5.032e+03 5.032e+00  1  0   0  0   0   1         0
7656.520  7.657  0   0  2 1.871e+03 1.871e+00  2 4.575e+03 4.575e+00  1  0   0  0   0   1         0
7655.983  7.656  0   0  1 1.212e+04 1.212e+01  0 3.301e+01 3.301e-02  1  0   0  0   0   1         0
7675.155  7.675  0   0  1 3.427e+01 3.427e-02  0 4.774e+02 4.774e-01  1  0   0  0   0   1         0
7667.805  7.668  0   0  5 7.570e+03 7.570e+00  0 1.226e+04 1.226e+01  1  0   0  0   0   1         0
7661.832  7.662  0   0  5 5.933e+03 5.933e+00  0 1.814e+04 1.814e+01  1  0   0  0   0   1         0
7697.969  7.698  0   0  1 6.424e+01 6.424e-02  0 1.626e+02 1.626e-01  1  0   0  0   0   1         0
7673.309  7.673  0   0  0 8.101e+02 8.101e-01  0 2.777e+03 2.777e+00  1  0   0  0   0   1         0
7696.477  7.696  0   0  2 8.162e+02 8.162e-01  2 1.000e+04 1.000e+01  1  0   0  0   0   1         0
7658.278  7.658  0   0  6 3.804e+02 3.804e-01  6 1.713e+04 1.713e+01  1  0   0  0   0   1         0
7659.258  7.659  0   0  1 1.827e+03 1.827e+00  0 1.143e+01 1.143e-02  1  0   0  0   0   1         0
7679.936  7.680  0   0  2 5.533e+02 5.533e-01  2 4.752e+03 4.752e+00  1  0   0  0   0   1         0
7663.605  7.664  0   0  4 1.009e+02 1.009e-01  4 3.718e+04 3.718e+01  1  0   0  0   0   1         0
7659.332  7.659  0   0  2 3.501e+03 3.501e+00  2 9.817e+02 9.817e-01  1  0   0  0   0   1         0
7654.783  7.655  0   0  2 4.631e+03 4.631e+00  2 7.436e+03 7.436e+00  1  0   0  0   0   1         0
7653.853  7.654  0   0  1 8.422e+03 8.422e+00  0 1.305e+04 1.305e+01  1  0   0  0   0   1         0
7687.762  7.688  0   0  1 8.044e+02 8.044e-01  0 3.051e+03 3.051e+00  1  0   0  0   0   1         0
7664.222  7.664  0   0  3 1.337e+03 1.337e+00  0 3.947e+03 3.947e+00  1  0   0  0   0   1         0
7698.933  7.699  0   0  7 3.224e+04 3.224e+01  0 3.672e+03 3.672e+00  1  0   0  0   0   1         0
7659.241  7.659  0   0  4 9.652e+03 9.652e+00  4 2.117e+03 2.117e+00  1  0   0  0   0   1         0
7716.451  7.716  0   0  3 1.851e+03 1.851e+00  0 1.426e+04 1.426e+01  1  0   0  0   0   1         0
7705.959  7.706  0   0  2 2.391e+02 2.391e-01  2 4.246e+02 4.246e-01  1  0   0  0   0   1         0
7739.025  7.739  0   0  5 2.460e+03 2.460e+00  0 6.850e+02 6.850e-01  1  0   0  0   0   1         0
7705.300  7.705  0   0  5 1.448e+03 1.448e+00  0 1.138e+04 1.138e+01  1  0   0  0   0   1         0
7720.048  7.720  0   0  2 2.934e+03 2.934e+00  2 3.142e+02 3.142e-01  1  0   0  0   0   1         0
7741.822  7.742  0   0  1 7.525e+03 7.525e+00  0 1.960e+04 1.960e+01  1  0   0  0   0   1         0
7720.338  7.720  0   0  2 6.459e+03 6.459e+00  2 7.813e+02 7.813e-01  1  0   0  0   0   1         0
7714.853  7.715  0   0  2 9.495e+01 9.495e-02  2 6.508e+03 6.508e+00  1  0   0  0   0   1         0
7747.439  7.747  0   0  5 2.652e+03 2.652e+00  0 1.324e+03 1.324e+00  1  0   0  0   0   1         0
7706.388  7.706  0   0  4 1.009e+02 1.009e-01  4 7.145e+03 7.145e+00  1  0   0  0   0   1         0
7744.298  7.744  0   0  1 3.701e+02 3.701e-01  0 1.371e+04 1.371e+01  1  0   0  0   0   1         0
7703.136  7.703  0   0  1 1.548e+04 1.548e+01  0 1.371e+03 1.371e+00  1  0   0  0   0   1         0
7720.810  7.721  0   0  4 9.530e+02 9.530e-01  4 4.637e+02 4.637e-01  1  0   0  0   0   1         0
7731.714  7.732  0   0  1 3.146e+04 3.146e+01  0 2.713e+02 2.713e-01  1  0   0  0   0   1         0
7718.631  7.719  0   0  8 1.109e+04 1.109e+01  8 9.758e+00 9.758e-03  1  0   0  0   0   1         0
7726.867  7.727  0   0  4 1.274e+03 1.274e+00  4 2.892e+03 2.892e+00  1  0   0  0   0   1         0
7710.290  7.710  0   0  2 3.528e+01 3.528e-02  2 1.014e+04 1.014e+01  1  0   0  0   0   1         0
7728.586  7.729  0   0  5 1.520e+03 1.520e+00  0 1.522e+03 1.522e+00  1  0   0  0   0   1         0
7706.793  7.707  0   0  2 4.303e+03 4.303e+00  2 5.291e+03 5.291e+00  1  0   0  0   0   1         0
7739.893  7.740  0   0  2 7.592e+03 7.592e+00  2 9.186e+03 9.186e+00  1  0   0  0   0   1         0
7729.323  7.729  0   0  1 8.079e+03 8.079e+00  0 2.032e+03 2.032e+00  1  0   0  0   0   1         0
7724.234  7.724  0   0  2 3.678e+03 3.678e+00  2 5.394e+01 5.394e-02  1  0   0  0   0   1         0
7702.762  7.703  0   0  1 3.580e+02 3.580e-01  0 2.518e+00 2.518e-03  1  0   0  0   0   1         0
7725.126  7.725  0   0  2 8.025e+02 8.025e-01  2 4.581e+03 4.581e+00  1  0   0  0   0   1         0
7728.314  7.728  0   0  4 1.249e+04 1.249e+01  4 1.290e+02 1.290e-01  1  0   0  0   0   1         0
7713.391  7.713  0   0  4 3.518e+03 3.518e+00  4 1.651e+04 1.651e+01  1  0   0  0   0   1         0
7733.999  7.734  0   0  3 5.527e+03 5.527e+00  0 3.121e+04 3.121e+01  1  0   0  0   0   1         0
7703.877  7.704  0   0  1 1.121e+04 1.121e+01  0 1.916e+02 1.916e-01  1  0   0  0   0   1         0
7710.526  7.711  0   0  1 4.062e-01 4.062e-04  0 2.420e+04 2.420e+01  1  0   0  0   0   1         0
7736.983  7.737  0   0  1 6.120e+03 6.120e+00  0 4.265e+02 4.265e-01  1  0   0  0   0   1         0
7707.431  7.707  0   0  4 3.699e+03 3.699e+00  4 1.849e+02 1.849e-01  1  0   0  0   0   1         0
7712.380  7.712  0   0  4 6.350e+02 6.350e-01  4 6.654e+02 6.654e-01  1  0   0  0   0   1         0
7732.667  7.733  0   0  2 3.475e+03 3.475e+00  2 7.538e+03 7.538e+00  1  0   0  0   0   1         0
7736.550  7.737  0   0  6 1.528e+03 1.528e+00  6 1.790e+03 1.790e+00  1  0   0  0   0   1         0
7702.602  7.703  0   0  6 3.727e+03 3.727e+00  6 2.772e+04 2.772e+01  1  0   0  0   0   1         0
7706.391  7.706  0   0  1 3.447e+02 3.447e-01  0 2.118e+03 2.118e+00  1  0   0  0   0   1         0
7722.442  7.722  0   0  1 2.823e+02 2.823e-01  0 1.507e+01 1.507e-02  1  0   0  0   0   1         0
7766.392  7.766  0   0  3 2.676e+03 2.676e+00  0 8.181e+03 8.181e+00  1  0   0  0   0   1         0
7758.503  7.759  0   0  3 1.283e+04 1.283e+01  0 3.783e+03 3.783e+00  1  0   0  0   0   1         0
7775.747  7.776  0   0  3 3.661e+03 3.661e+00  0 3.069e+04 3.069e+01  1  0   0  0   0   1         0
7766.290  7.766  0   0  2 1.204e+04 1.204e+01  2 3.417e+03 3.417e+00  1  0   0  0   0   1         0
7769.780  7.770  0   0  3 6.766e+02 6.766e-01  0 9.113e+03 9.113e+00  1  0   0  0   0   1         0
7765.893  7.766  0   0  4 1.279e+03 1.279e+00  4 2.390e+03 2.390e+00  1  0   0  0   0   1         0
7750.201  7.750  0   0  2 3.447e+03 3.447e+00  2 2.776e+04 2.776e+01  1  0   0  0   0   1         0
7784.531  7.785  0   0  2 1.046e+04 1.046e+01  2 7.068e+03 7.068e+00  1  0   0  0   0   1         0
7755.588  7.756  0   0  8 1.025e+04 1.025e+01  8 6.175e+03 6.175e+00  1  0   0  0   0   1         0
7761.050  7.761  0   0  1 3.779e+03 3.779e+00  0 2.524e+04 2.524e+01  1  0   0  0   0   1         0
7759.599  7.760  0   0  3 5.566e+02 5.566e-01  0 4.521e+01 4.521e-02  1  0   0  0   0   1         0
7766.688  7.767  0   0  1 3.445e+03 3.445e+00  0 1.538e+04 1.538e+01  1  0   0  0   0   1         0
7758.083  7.758  0   0  3 1.164e+01 1.164e-02  0 7.508e+03 7.508e+00  1  0   0  0   0   1         0
7767.470  7.767  0   0  1 5.201e+03 5.201e+00  0 9.667e+03 9.667e+00  1  0   0  0   0   1         0
7762.263  7.762  0   0  7 2.263e+03 2.263e+00  0 1.333e+03 1.333e+00  1  0   0  0   0   1         0
7753.092  7.753  0   0  9 1.657e+04 1.657e+01  0 2.295e+04 2.295e+01  1  0   0  0   0   1         0
7793.588  7.794  0   0  4 1.052e+03 1.052e+00  4 1.035e+03 1.035e+00  1  0   0  0   0   1         0
7765.394  7.765  0   0  2 1.029e+04 1.029e+01  2 1.677e+04 1.677e+01  1  0   0  0   0   1         0
7754.811  7.755  0   0  2 2.302e+03 2.302e+00  2 2.479e+02 2.479e-01  1  0   0  0   0   1         0
7776.211  7.776  0   0  4 1.271e+02 1.271e-01  4 8.380e+02 8.380e-01  1  0   0  0   0   1         0
7756.222  7.756  0   0  1 2.176e+03 2.176e+00  0 1.398e+03 1.398e+00  1  0   0  0   0   1         0
7788.748  7.789  0   0  1 2.977e+03 2.977e+00  0 4.994e+03 4.994e+00  1  0   0  0   0   1         0
7753.110  7.753  0   0  2 9.780e+03 9.780e+00  2 3.749e+03 3.749e+00  1  0   0  0   0   1         0
7773.366  7.773  0   0  1 3.524e+03 3.524e+00  0 3.546e+02 3.546e-01  1  0   0  0   0   1         0
7797.219  7.797  0   0  2 1.626e+03 1.626e+00  2 3.201e+04 3.201e+01  1  0   0  0   0   1         0
7758.021  7.758  0   0  2 2.657e+02 2.657e-01  2 1.608e+04 1.608e+01  1  0   0  0   0   1         0
7760.156  7.760  0   0  4 3.425e+02 3.425e-01  4 2.398e+03 2.398e+00  1  0   0  0   0   1         0
7780.152  7.780  0   0  3 5.037e+03 5.037e+00  0 3.847e+04 3.847e+01  1  0   0  0   0   1         0
7799.003  7.799  0   0  5 6.578e+03 6.578e+00  0 2.296e+03 2.296e+00  1  0   0  0   0   1         0
7769.420  7.769  0   0  3 9.998e+02 9.998e-01  0 8.815e+03 8.815e+00  1  0   0  0   0   1         0
7782.554  7.783  0   0  0 2.110e+04 2.110e+01  0 2.577e+03 2.577e+00  1  0   0  0   0   1         0
7757.686  7.758  0   0  0 1.267e+04 1.267e+01  0 8.489e+01 8.489e-02  1  0   0  0   0   1         0
7782.193  7.782  0   0  2 2.545e+04 2.545e+01  2 4.973e+03 4.973e+00  1  0   0  0   0   1         0
7762.735  7.763  0   0  9 4.452e+03 4.452e+00  0 1.131e+04 1.131e+01  1  0   0  0   0   1         0
7780.792  7.781  0   0  5 2.785e+03 2.785e+00  0 4.407e+03 4.407e+00  1  0   0  0   0   1         0
7754.477  7.754  0   0  2 1.104e+04 1.104e+01  2 1.069e+04 1.069e+01  1  0   0  0   0   1         0
7776.383  7.776  0   0  4 1.055e+03 1.055e+00  4 8.287e+02 8.287e-01  1  0   0  0   0   1         0
7761.968  7.762  0   0  4 8.607e+03 8.607e+00  4 5.137e+04 5.137e+01  1  0   0  0   0   1         0
7784.202  7.784  0   0  6 7.764e+03 7.764e+00  6 2.130e+04 2.130e+01  1  0   0  0   0   1         0
7787.484  7.787  0   0  3 4.642e+02 4.642e-01  0 1.399e+04 1.399e+01  1  0   0  0   0   1         0
7792.476  7.792  0   0  6 3.788e+02 3.788e-01  6 4.526e+03 4.526e+00  1  0   0  0   0   1         0
7799.624  7.800  0   0  7 1.602e+03 1.602e+00  0 9.942e+02 9.942e-01  1  0   0  0   0   1         0
7773.101  7.773  0   0  5 7.835e+02 7.835e-01  0 3.596e+03 3.596e+00  1  0   0  0   0   1         0
7783.648  7.784  0   0  5 6.128e+02 6.128e-01  0 7.263e+04 7.263e+01  1  0   0  0   0   1         0
7750.931  7.751  0   0  3 6.428e+02 6.428e-01  0 1.112e+04 1.112e+01  1  0   0  0   0   1         0
7795.300  7.795  0   0  2 3.104e+01 3.104e-02  2 6.097e+03 6.097e+00  1  0   0  0   0   1         0
7780.914  7.781  0   0  2 5.374e+02 5.374e-01  2 3.998e+03 3.998e+00  1  0   0  0   0   1         0
7771.199  7.771  0   0  2 3.066e+03 3.066e+00  2 9.991e+03 9.991e+00  1  0   0  0   0   1         0
7771.848  7.772  0   0  0 9.860e+03 9.860e+00  0 8.388e+04 8.388e+01  1  0   0  0   0   1         0
7787.998  7.788  0   0  3 1.465e+04 1.465e+01  0 1.664e+04 1.664e+01  1  0   0  0   0   1         0
7791.748  7.792  0   0  4 1.554e+03 1.554e+00  4 1.644e+03 1.644e+00  1  0   0  0   0   1         0
7790.478  7.790  0   0  5 5.163e+03 5.163e+00  0 1.162e+04 1.162e+01  1  0   0  0   0   1         0
7775.664  7.776  0   0  3 1.233e+03 1.233e+00  0 1.262e+04 1.262e+01  1  0   0  0   0   1         0
7768.683  7.769  0   0  4 1.374e+03 1.374e+00  4 1.102e+03 1.102e+00  1  0   0  0   0   1         0
7797.304  7.797  0   0  3 4.834e+03 4.834e+00  0 2.283e+04 2.283e+01  1  0   0  0   0   1         0
7827.726  7.828  0   0  6 5.250e+02 5.250e-01  6 1.989e+03 1.989e+00  1  0   0  0   0   1         0
7841.479  7.841  0   0  1 1.329e+03 1.329e+00  0 4.755e+03 4.755e+00  1  0   0  0   0   1         0
7836.262  7.836  0   0  2 3.570e+01 3.570e-02  2 1.053e+01 1.053e-02  1  0   0  0   0   1         0
7843.205  7.843  0   0  2 1.439e+03 1.439e+00  2 8.566e+03 8.566e+00  1  0   0  0   0   1         0
7840.823  7.841  0   0  2 3.161e+03 3.161e+00  2 1.629e+03 1.629e+00  1  0   0  0   0   1         0
7813.923  7.814  0   0  7 1.075e+04 1.075e+01  0 1.218e+04 1.218e+01  1  0   0  0   0   1         0
7849.650  7.850  0   0  3 7.940e+03 7.940e+00  0 6.051e+02 6.051e-01  1  0   0  0   0   1         0
7846.881  7.847  0   0  4 2.961e+03 2.961e+00  4 2.589e+03 2.589e+00  1  0   0  0   0   1         0
7821.638  7.822  0   0  3 8.389e+03 8.389e+00  0 3.850e+03 3.850e+00  1  0   0  0   0   1         0
7802.384  7.802  0   0  0 1.467e+03 1.467e+00  0 1.347e+04 1.347e+01  1  0   0  0   0   1         0
7815.287  7.815  0   0  4 2.368e+04 2.368e+01  4 7.994e+03 7.994e+00  1  0   0  0   0   1         0
7841.879  7.842  0   0  4 9.362e+01 9.362e-02  4 5.970e+03 5.970e+00  1  0   0  0   0   1         0
7847.568  7.848  0   0  3 7.361e+03 7.361e+00  0 1.360e+03 1.360e+00  1  0   0  0   0   1         0
7841.657  7.842  0   0  3 4.645e+02 4.645e-01  0 5.874e+03 5.874e+00  1  0   0  0   0   1         0
7819.963  7.820  0   0  2 5.885e+01 5.885e-02  2 2.187e+04 2.187e+01  1  0   0  0   0   1         0
7802.855  7.803  0   0  2 9.604e+02 9.604e-01  2 1.310e+04 1.310e+01  1  0   0  0   0   1         0
7826.011  7.826  0   0  1 7.919e+03 7.919e+00  0 3.162e+04 3.162e+01  1  0   0  0   0   1         0
7818.943  7.819  0   0  4 3.252e+02 3.252e-01  4 4.530e+04 4.530e+01  1  0   0  0   0   1         0
7806.206  7.806  0   0  3 1.737e+04 1.737e+01  0 2.506e+02 2.506e-01  1  0   0  0   0   1         0
7805.343  7.805  0   0  7 2.156e+01 2.156e-02  0 1.721e+04 1.721e+01  1  0   0  0   0   1         0
7807.721  7.808  0   0  1 6.454e+02 6.454e-01  0 1.994e+03 1.994e+00  1  0   0  0   0   1         0
7810.378  7.810  0   0  4 6.004e+03 6.004e+00  4 3.535e+03 3.535e+00  1  0   0  0   0   1         0
7837.787  7.838  0   0  5 2.572e+04 2.572e+01  0 2.052e+03 2.052e+00  1  0   0  0   0   1         0
7819.210  7.819  0   0  2 1.818e+04 1.818e+01  2 1.736e+04 1.736e+01  1  0   0  0   0   1         0
7821.977  7.822  0   0  1 1.786e+03 1.786e+00  0 6.818e+03 6.818e+00  1  0   0  0   0   1         0
7830.045  7.830  0   0  0 2.881e+01 2.881e-02  0 1.972e+04 1.972e+01  1  0   0  0   0   1         0
7848.026  7.848  0   0  2 3.502e+03 3.502e+00  2 3.910e+03 3.910e+00  1  0   0  0   0   1         0
7837.920  7.838  0   0  1 1.630e+04 1.630e+01  0 1.172e-01 1.172e-04  1  0   0  0   0   1         0
7832.406  7.832  0   0  2 1.040e+04 1.040e+01  2 7.579e+03 7.579e+00  1  0   0  0   0   1         0
7837.292  7.837  0   0  1 4.959e+03 4.959e+00  0 2.117e+04 2.117e+01  1  0   0  0   0   1         0
7836.070  7.836  0   0  3 2.620e+03 2.620e+00  0 1.190e+04 1.190e+01  1  0   0  0   0   1         0
7834.625  7.835  0   0  1 3.909e+03 3.909e+00  0 3.928e+03 3.928e+00  1  0   0  0   0   1         0
7824.952  7.825  0   0  4 5.083e+03 5.083e+00  4 4.751e+02 4.751e-01  1  0   0  0   0   1         0
7828.471  7.828  0   0  1 1.035e+03 1.035e+00  0 2.917e+04 2.917e+01  1  0   0  0   0   1         0
7823.206  7.823  0   0  3 1.278e+04 1.278e+01  0 2.923e+04 2.923e+01  1  0   0  0   0   1         0
7819.874  7.820  0   0  2 8.066e+01 8.066e-02  2 5.789e+04 5.789e+01  1  0   0  0   0   1         0
7813.643  7.814  0   0  3 6.955e+02 6.955e-01  0 6.149e+02 6.149e-01  1  0   0  0   0   1         0
7817.882  7.818  0   0  2 3.589e+03 3.589e+00  2 7.892e+03 7.892e+00  1  0   0  0   0   1         0
7821.556  7.822  0   0  3 4.899e+03 4.899e+00  0 2.188e+03 2.188e+00  1  0   0  0   0   1         0
7829.097  7.829  0   0  3 8.874e+02 8.874e-01  0 1.048e+03 1.048e+00  1  0   0  0   0   1         0
7825.125  7.825  0   0  1 1.042e+01 1.042e-02  0 2.939e+02 2.939e-01  1  0   0  0   0   1         0
7805.449  7.805  0   0  5 1.051e+03 1.051e+00  0 7.242e+03 7.242e+00  1  0   0  0   0   1         0
7817.117  7.817  0   0  2 1.341e+03 1.341e+00  2 2.976e+04 2.976e+01  1  0   0  0   0   1         0
7818.934  7.819  0   0  5 2.964e-01 2.964e-04  0 4.375e+04 4.375e+01  1  0   0  0   0   1         0
7835.455  7.835  0   0  1 2.028e+02 2.028e-01  0 1.575e+04 1.575e+01  1  0   0  0   0   1         0
7816.762  7.817  0   0  6 2.035e+04 2.035e+01  6 8.496e+03 8.496e+00  1  0   0  0   0   1         0
7800.402  7.800  0   0  6 1.349e+02 1.349e-01  6 3.640e+03 3.640e+00  1  0   0  0   0   1         0
7804.258  7.804  0   0  3 1.595e+04 1.595e+01  0 1.141e+04 1.141e+01  1  0   0  0   0   1         0
7824.982  7.825  0   0  0 3.988e+03 3.988e+00  0 3.210e+03 3.210e+00  1  0   0  0   0   1         0
7809.506  7.810  0   0  0 4.712e+03 4.712e+00  0 3.835e+03 3.835e+00  1  0   0  0   0   1         0
7824.863  7.825  0   0  4 4.328e+02 4.328e-01  4 3.383e+02 3.383e-01  1  0   0  0   0   1         0
7828.839  7.829  0   0  4 1.425e+02 1.425e-01  4 3.244e+04 3.244e+01  1  0   0  0   0   1         0
7846.704  7.847  0   0  6 1.341e+04 1.341e+01  6 8.267e+03 8.267e+00  1  0   0  0   0   1         0
7832.897  7.833  0   0  4 7.932e+01 7.932e-02  4 1.365e+02 1.365e-01  1  0   0  0   0   1         0
7801.568  7.802  0   0  5 6.178e+03 6.178e+00  0 8.417e+02 8.417e-01  1  0   0  0   0   1         0
7819.161  7.819  0   0  3 1.477e+03 1.477e+00  0 8.942e+02 8.942e-01  1  0   0  0   0   1         0
7839.759  7.840  0   0  1 1.402e+02 1.402e-01  0 1.102e+04 1.102e+01  1  0   0  0   0   1         0
7813.130  7.813  0   0  4 8.480e+03 8.480e+00  4 3.868e+01 3.868e-02  1  0   0  0   0   1         0
7885.021  7.885  0   0  2 3.989e+03 3.989e+00  2 3.569e+04 3.569e+01  1  0   0  0   0   1         0
7868.704  7.869  0   0  6 2.142e+03 2.142e+00  6 7.898e+03 7.898e+00  1  0   0  0   0   1         0
7885.496  7.885  0   0  4 4.051e+01 4.051e-02  4 4.019e+04 4.019e+01  1  0   0  0   0   1         0
7860.778  7.861  0   0  7 4.064e+03 4.064e+00  0 5.967e+03 5.967e+00  1  0   0  0   0   1         0
7882.367  7.882  0   0  3 1.617e+01 1.617e-02  0 7.835e+03 7.835e+00  1  0   0  0   0   1         0
7856.333  7.856  0   0  2 3.363e+02 3.363e-01  2 6.408e+04 6.408e+01  1  0   0  0   0   1         0
7858.560  7.859  0   0  6 1.360e+04 1.360e+01  6 4.559e+02 4.559e-01  1  0   0  0   0   1         0
7880.845  7.881  0   0  1 3.135e+03 3.135e+00  0 3.651e+04 3.651e+01  1  0   0  0   0   1         0
7866.954  7.867  0   0  2 4.516e+04 4.516e+01  2 1.592e+04 1.592e+01  1  0   0  0   0   1         0
7885.296  7.885  0   0  7 3.368e+03 3.368e+00  0 8.129e+01 8.129e-02  1  0   0  0   0   1         0
7884.369  7.884  0   0  3 1.279e+01 1.279e-02  0 9.225e+00 9.225e-03  1  0   0  0   0   1         0
7881.203  7.881  0   0  0 1.610e+03 1.610e+00  0 7.657e+03 7.657e+00  1  0   0  0   0   1         0
7886.628  7.887  0   0  0 1.026e+04 1.026e+01  0 1.772e+03 1.772e+00  1  0   0  0   0   1         0
7889.781  7.890  0   0  6 5.851e+03 5.851e+00  6 9.510e+03 9.510e+00  1  0   0  0   0   1         0
7895.612  7.896  0   0  2 9.376e+02 9.376e-01  2 1.019e+03 1.019e+00  1  0   0  0   0   1         0
7854.064  7.854  0   0  1 9.662e+01 9.662e-02  0 1.583e+04 1.583e+01  1  0   0  0   0   1         0
7878.704  7.879  0   0  2 4.253e+03 4.253e+00  2 1.824e+03 1.824e+00  1  0   0  0   0   1         0
7887.535  7.888  0   0  2 4.041e+03 4.041e+00  2 4.120e+04 4.120e+01  1  0   0  0   0   1         0
7860.935  7.861  0   0  4 1.733e+04 1.733e+01  4 9.069e+03 9.069e+00  1  0   0  0   0   1         0
7863.282  7.863  0   0  2 2.462e+03 2.462e+00  2 1.215e+04 1.215e+01  1  0   0  0   0   1         0
7863.450  7.863  0   0  3 1.910e+04 1.910e+01  0 2.336e+04 2.336e+01  1  0   0  0   0   1         0
7878.743  7.879  0   0  3 6.041e+03 6.041e+00  0 2.624e+00 2.624e-03  1  0   0  0   0   1         0
7868.429  7.868  0   0  2 7.483e+02 7.483e-01  2 3.929e+01 3.929e-02  1  0   0  0   0   1         0
7883.419  7.883  0   0  4 1.487e+03 1.487e+00  4 7.563e+03 7.563e+00  1  0   0  0   0   1         0
7880.634  7.881  0   0  7 6.397e+03 6.397e+00  0 6.717e+02 6.717e-01  1  0   0  0   0   1         0
7882.972  7.883  0   0  3 5.423e+03 5.423e+00  0 2.191e+04 2.191e+01  1  0   0  0   0   1         0
7862.714  7.863  0   0  1 4.053e+03 4.053e+00  0 6.092e+03 6.092e+00  1  0   0  0   0   1         0
7888.460  7.888  0   0  5 4.007e+03 4.007e+00  0 8.980e+03 8.980e+00  1  0   0  0   0   1         0
7883.316  7.883  0   0  1 1.845e+04 1.845e+01  0 2.169e+04 2.169e+01  1  0   0  0   0   1         0
7856.591  7.857  0   0  3 1.710e+03 1.710e+00  0 1.296e+02 1.296e-01  1  0   0  0   0   1         0
7860.092  7.860  0   0  8 9.921e+02 9.921e-01  8 1.224e+03 1.224e+00  1  0   0  0   0   1         0
7865.157  7.865  0   0  2 7.854e+03 7.854e+00  2 4.597e+00 4.597e-03  1  0   0  0   0   1         0
7896.833  7.897  0   0  0 9.537e+03 9.537e+00  0 9.104e+02 9.104e-01  1  0   0  0   0   1         0
7866.431  7.866  0   0  1 2.629e+03 2.629e+00  0 6.581e+03 6.581e+00  1  0   0  0   0   1         0
7851.004  7.851  0   0  1 3.908e+03 3.908e+00  0 1.666e+04 1.666e+01  1  0   0  0   0   1         0
7857.144  7.857  0   0  4 1.395e+03 1.395e+00  4 9.823e+02 9.823e-01  1  0   0  0   0   1         0
7851.625  7.852  0   0  4 1.257e+04 1.257e+01  4 1.397e+02 1.397e-01  1  0   0  0   0   1         0
7870.266  7.870  0   0  1 7.419e+03 7.419e+00  0 6.361e+02 6.361e-01  1  0   0  0   0   1         0
7889.940  7.890  0   0  2 2.679e+03 2.679e+00  2 5.435e+00 5.435e-03  1  0   0  0   0   1         0
7872.650  7.873  0   0  0 9.986e+02 9.986e-01  0 5.460e+03 5.460e+00  1  0   0  0   0   1         0
7892.019  7.892  0   0  1 3.385e+03 3.385e+00  0 6.620e+02 6.620e-01  1  0   0  0   0   1         0
7852.400  7.852  0   0  0 2.545e+03 2.545e+00  0 2.241e+01 2.241e-02  1  0   0  0   0   1         0
7873.615  7.874  0   0  5 4.570e+02 4.570e-01  0 7.607e+03 7.607e+00  1  0   0  0   0   1         0
7889.440  7.889  0   0  4 2.555e+03 2.555e+00  4 5.234e+04 5.234e+01  1  0   0  0   0   1         0
7883.849  7.884  0   0  4 4.260e+02 4.260e-01  4 1.331e+04 1.331e+01  1  0   0  0   0   1         0
7892.706  7.893  0   0  2 6.330e+03 6.330e+00  2 2.350e+03 2.350e+00  1  0   0  0   0   1         0
7863.795  7.864  0   0  3 2.313e+03 2.313e+00  0 5.787e+03 5.787e+00  1  0   0  0   0   1         0
7875.172  7.875  0   0  5 1.153e+03 1.153e+00  0 1.455e+03 1.455e+00  1  0   0  0   0   1         0
7883.956  7.884  0   0  5 1.929e+04 1.929e+01  0 1.470e+03 1.470e+00  1  0   0  0   0   1         0
7858.497  7.858  0   0  0 2.588e+03 2.588e+00  0 9.827e+02 9.827e-01  1  0   0  0   0   1         0
7890.867  7.891  0   0  4 5.219e+01 5.219e-02  4 1.975e+03 1.975e+00  1  0   0  0   0   1         0
7865.685  7.866  0   0  4 1.869e+03 1.869e+00  4 2.106e+04 2.106e+01  1  0   0  0   0   1         0
7854.709  7.855  0   0  4 5.542e+02 5.542e-01  4 5.977e-01 5.977e-04  1  0   0  0   0   1         0
7888.377  7.888  0   0  3 3.065e+03 3.065e+00  0 2.433e+02 2.433e-01  1  0   0  0   0   1         0
7885.358  7.885  0   0  5 1.407e+04 1.407e+01  0 6.101e+03 6.101e+00  1  0   0  0   0   1         0
7894.236  7.894  0   0  4 1.401e+04 1.401e+01  4 2.691e+02 2.691e-01  1  0   0  0   0   1         0
7894.653  7.895  0   0  3 3.024e+01 3.024e-02  0 1.550e+03 1.550e+00  1  0   0  0   0   1         0
7930.450  7.930  0   0  1 3.329e+03 3.329e+00  0 1.035e+04 1.035e+01  1  0   0  0   0   1         0
7936.709  7.937  0   0  5 3.529e+03 3.529e+00  0 8.763e+02 8.763e-01  1  0   0  0   0   1         0
7925.990  7.926  0   0  2 5.084e+02 5.084e-01  2 1.841e+03 1.841e+00  1  0   0  0   0   1         0
7900.285  7.900  0   0  1 1.455e+02 1.455e-01  0 1.788e-01 1.788e-04  1  0   0  0   0   1         0
7928.967  7.929  0   0  2 2.773e+03 2.773e+00  2 2.647e+04 2.647e+01  1  0   0  0   0   1         0
7900.334  7.900  0   0  2 5.092e+03 5.092e+00  2 4.635e+03 4.635e+00  1  0   0  0   0   1         0
7946.355  7.946  0   0  4 9.870e-01 9.870e-04  4 1.395e+02 1.395e-01  1  0   0  0   0   1         0
7913.465  7.913  0   0  4 4.899e+03 4.899e+00  4 1.983e+04 1.983e+01  1  0   0  0   0   1         0
7943.607  7.944  0   0  2 2.644e+02 2.644e-01  2 3.340e+03 3.340e+00  1  0   0  0   0   1         0
7900.612  7.901  0   0  1 1.109e+02 1.109e-01  0 1.591e+02 1.591e-01  1  0   0  0   0   1         0
7904.906  7.905  0   0  2 4.024e+03 4.024e+00  2 2.053e+02 2.053e-01  1  0   0  0   0   1         0
7922.696  7.923  0   0  3 6.023e+02 6.023e-01  0 7.652e+03 7.652e+00  1  0   0  0   0   1         0
7938.022  7.938  0   0  0 4.454e+02 4.454e-01  0 1.194e+03 1.194e+00  1  0   0  0   0   1         0
7947.155  7.947  0   0  2 2.010e+03 2.010e+00  2 2.134e+02 2.134e-01  1  0   0  0   0   1         0
7926.181  7.926  0   0  2 8.672e+03 8.672e+00  2 7.693e+02 7.693e-01  1  0   0  0   0   1         0
7917.889  7.918  0   0  1 1.555e+04 1.555e+01  0 1.600e+04 1.600e+01  1  0   0  0   0   1         0
7902.249  7.902  0   0  3 1.748e+04 1.748e+01  0 6.150e+02 6.150e-01  1  0   0  0   0   1         0
7929.308  7.929  0   0  2 1.561e+00 1.561e-03  2 1.897e+04 1.897e+01  1  0   0  0   0   1         0
7919.122  7.919  0   0  4 5.256e+03 5.256e+00  4 2.021e+03 2.021e+00  1  0   0  0   0   1         0
7945.498  7.945  0   0  2 2.600e+02 2.600e-01  2 2.788e+04 2.788e+01  1  0   0  0   0   1         0
7924.129  7.924  0   0  1 1.600e+02 1.600e-01  0 7.994e+04 7.994e+01  1  0   0  0   0   1         0
7938.363  7.938  0   0  4 7.196e+03 7.196e+00  4 1.766e+04 1.766e+01  1  0   0  0   0   1         0
7942.475  7.942  0   0  4 1.679e+03 1.679e+00  4 1.527e+02 1.527e-01  1  0   0  0   0   1         0
7904.959  7.905  0   0  2 2.928e+03 2.928e+00  2 1.221e+04 1.221e+01  1  0   0  0   0   1         0
7922.167  7.922  0   0  3 1.171e+04 1.171e+01  0 2.519e+04 2.519e+01  1  0   0  0   0   1         0
7944.733  7.945  0   0  2 1.079e+04 1.079e+01  2 4.171e+02 4.171e-01  1  0   0  0   0   1         0
7921.346  7.921  0   0  2 7.102e+03 7.102e+00  2 6.675e+03 6.675e+00  1  0   0  0   0   1         0
7928.382  7.928  0   0  2 1.140e+04 1.140e+01  2 2.044e+02 2.044e-01  1  0   0  0   0   1         0
7943.711  7.944  0   0  5 2.189e+03 2.189e+00  0 1.890e+03 1.890e+00  1  0   0  0   0   1         0
7911.720  7.912  0   0  2 8.337e+02 8.337e-01  2 1.654e+04 1.654e+01  1  0   0  0   0   1         0
7944.776  7.945  0   0  5 1.300e+03 1.300e+00  0 1.927e+01 1.927e-02  1  0   0  0   0   1         0
7919.973  7.920  0   0  5 1.546e+04 1.546e+01  0 9.683e+03 9.683e+00  1  0   0  0   0   1         0
7929.773  7.930  0   0  4 5.809e+02 5.809e-01  4 9.312e+03 9.312e+00  1  0   0  0   0   1         0
7916.514  7.917  0   0  5 4.139e+02 4.139e-01  0 1.471e+00 1.471e-03  1  0   0  0   0   1         0
7926.482  7.926  0   0  0 1.379e+03 1.379e+00  0 3.214e+03 3.214e+00  1  0   0  0   0   1         0
7902.488  7.902  0   0  1 1.429e+04 1.429e+01  0 2.218e+03 2.218e+00  1  0   0  0   0   1         0
7903.294  7.903  0   0  7 1.080e+04 1.080e+01  0 5.180e+03 5.180e+00  1  0   0  0   0   1         0
7920.859  7.921  0   0  5 1.235e+04 1.235e+01  0 1.961e+04 1.961e+01  1  0   0  0   0   1         0
7916.861  7.917  0   0  1 7.698e+02 7.698e-01  0 4.895e+03 4.895e+00  1  0   0  0   0   1         0
7930.909  7.931  0   0  5 8.802e+03 8.802e+00  0 3.016e+04 3.016e+01  1  0   0  0   0   1         0
7901.914  7.902  0   0  3 2.984e+03 2.984e+00  0 6.236e+03 6.236e+00  1  0   0  0   0   1         0
7908.454  7.908  0   0  3 7.329e+01 7.329e-02  0 1.456e+04 1.456e+01  1  0   0  0   0   1         0
7910.564  7.911  0   0  5 1.935e+02 1.935e-01  0 6.511e+02 6.511e-01  1  0   0  0   0   1         0
7922.149  7.922  0   0  2 8.057e+03 8.057e+00  2 5.788e+04 5.788e+01  1  0   0  0   0   1         0
7912.436  7.912  0   0  3 9.665e+03 9.665e+00  0 8.280e+03 8.280e+00  1  0   0  0   0   1         0
7987.283  7.987  0   0  1 4.144e+03 4.144e+00  0 9.600e+03 9.600e+00  1  0   0  0   0   1         0
7951.235  7.951  0   0  4 1.310e+03 1.310e+00  4 5.970e+01 5.970e-02  1  0   0  0   0   1         0
7971.507  7.972  0   0  2 1.627e+01 1.627e-02  2 9.736e+02 9.736e-01  1  0   0  0   0   1         0
7982.697  7.983  0   0  4 7.899e+03 7.899e+00  4 3.001e+01 3.001e-02  1  0   0  0   0   1         0
7973.155  7.973  0   0  1 2.792e+02 2.792e-01  0 2.080e+03 2.080e+00  1  0   0  0   0   1         0
7961.989  7.962  0   0  2 3.270e+03 3.270e+00  2 4.374e+02 4.374e-01  1  0   0  0   0   1         0
7973.341  7.973  0   0  1 1.236e+03 1.236e+00  0 1.608e+04 1.608e+01  1  0   0  0   0   1         0
7992.550  7.993  0   0  4 4.065e+03 4.065e+00  4 1.904e+03 1.904e+00  1  0   0  0   0   1         0
7960.424  7.960  0   0  4 5.143e+02 5.143e-01  4 9.906e+03 9.906e+00  1  0   0  0   0   1         0
7968.474  7.968  0   0  2 1.707e+03 1.707e+00  2 9.242e-03 9.242e-06  1  0   0  0   0   1         0
7999.521  8.000  0   0  1 4.081e+03 4.081e+00  0 4.857e+03 4.857e+00  1  0   0  0   0   1         0
7995.680  7.996  0   0  2 8.824e+02 8.824e-01  2 3.356e+02 3.356e-01  1  0   0  0   0   1         0
7951.715  7.952  0   0  4 1.366e+04 1.366e+01  4 3.638e+04 3.638e+01  1  0   0  0   0   1         0
7976.640  7.977  0   0  3 5.943e+03 5.943e+00  0 7.350e+03 7.350e+00  1  0   0  0   0   1         0
7953.301  7.953  0   0  1 2.747e+04 2.747e+01  0 6.282e+04 6.282e+01  1  0   0  0   0   1         0
7996.230  7.996  0   0  2 6.570e+03 6.570e+00  2 2.609e+04 2.609e+01  1  0   0  0   0   1         0
7972.200  7.972  0   0  1 4.519e+01 4.519e-02  0 6.706e+02 6.706e-01  1  0   0  0   0   1         0
7971.043  7.971  0   0  1 8.405e+02 8.405e-01  0 5.616e+02 5.616e-01  1  0   0  0   0   1         0
7963.746  7.964  0   0  2 9.532e+01 9.532e-02  2 1.392e+04 1.392e+01  1  0   0  0   0   1         0
7978.562  7.979  0   0  4 3.658e+03 3.658e+00  4 6.548e+02 6.548e-01  1  0   0  0   0   1         0
7957.312  7.957  0   0  5 3.698e+04 3.698e+01  0 2.963e+02 2.963e-01  1  0   0  0   0   1         0
7990.027  7.990  0   0  1 2.453e+02 2.453e-01  0 4.689e+02 4.689e-01  1  0   0  0   0   1         0
7974.684  7.975  0   0  2 5.706e+03 5.706e+00  2 1.235e+04 1.235e+01  1  0   0  0   0   1         0
7978.445  7.978  0   0  5 3.190e+02 3.190e-01  0 7.447e+02 7.447e-01  1  0   0  0   0   1         0
7992.106  7.992  0   0  7 1.357e+02 1.357e-01  0 1.869e+04 1.869e+01  1  0   0  0   0   1         0
7959.333  7.959  0   0  1 4.547e+03 4.547e+00  0 2.156e+04 2.156e+01  1  0   0  0   0   1         0
7958.831  7.959  0   0  2 3.333e+03 3.333e+00  2 2.570e+03 2.570e+00  1  0   0  0   0   1         0
7971.161  7.971  0   0  2 2.670e+03 2.670e+00  2 7.086e+01 7.086e-02  1  0   0  0   0   1         0
7989.389  7.989  0   0  1 5.737e+03 5.737e+00  0 4.089e+04 4.089e+01  1  0   0  0   0   1         0
7952.955  7.953  0   0  2 9.170e+01 9.170e-02  2 1.365e+03 1.365e+00  1  0   0  0   0   1         0
7989.839  7.990  0   0  4 1.378e-01 1.378e-04  4 7.833e+03 7.833e+00  1  0   0  0   0   1         0
7975.162  7.975  0   0  5 3.017e+03 3.017e+00  0 8.433e+04 8.433e+01  1  0   0  0   0   1         0
7978.210  7.978  0   0  1 2.408e+03 2.408e+00  0 3.481e+03 3.481e+00  1  0   0  0   0   1         0
7978.341  7.978  0   0  2 7.052e+02 7.052e-01  2 6.640e+03 6.640e+00  1  0   0  0   0   1         0
7952.835  7.953  0   0  4 8.316e+01 8.316e-02  4 5.425e-01 5.425e-04  1  0   0  0   0   1         0
7962.582  7.963  0   0  4 7.571e+02 7.571e-01  4 4.408e+03 4.408e+00  1  0   0  0   0   1         0
7987.856  7.988  0   0  5 4.758e+03 4.758e+00  0 1.853e+04 1.853e+01  1  0   0  0   0   1         0
7970.734  7.971  0   0  2 7.990e+02 7.990e-01  2 5.616e+01 5.616e-02  1  0   0  0   0   1         0
7978.148  7.978  0   0  2 6.115e+03 6.115e+00  2 2.415e+03 2.415e+00  1  0   0  0   0   1         0
7997.269  7.997  0   0  2 6.828e+02 6.828e-01  2 2.097e+04 2.097e+01  1  0   0  0   0   1         0
7952.336  7.952  0   0  3 4.486e+02 4.486e-01  0 4.269e+03 4.269e+00  1  0   0  0   0   1         0
7972.607  7.973  0   0  5 2.796e+03 2.796e+00  0 4.114e+04 4.114e+01  1  0   0  0   0   1         0
7968.178  7.968  0   0  2 7.698e+02 7.698e-01  2 5.253e+02 5.253e-01  1  0   0  0   0   1         0
7955.370  7.955  0   0  3 1.468e+04 1.468e+01  0 5.605e+02 5.605e-01  1  0   0  0   0   1         0
7997.563  7.998  0   0  1 2.342e+04 2.342e+01  0 1.741e+04 1.741e+01  1  0   0  0   0   1         0
7998.091  7.998  0   0  1 1.778e+02 1.778e-01  0 2.078e+04 2.078e+01  1  0   0  0   0   1         0
7965.681  7.966  0   0  0 4.316e+03 4.316e+00  0 5.010e+03 5.010e+00  1  0   0  0   0   1         0
7997.360  7.997  0   0  5 5.655e+03 5.655e+00  0 1.682e+04 1.682e+01  1  0   0  0   0   1         0
7951.776  7.952  0   0  4 1.964e+04 1.964e+01  4 9.268e+02 9.268e-01  1  0   0  0   0   1         0
7999.054  7.999  0   0  2 2.292e+03 2.292e+00  2 7.713e+03 7.713e+00  1  0   0  0   0   1         0
7991.864  7.992  0   0  6 5.135e+03 5.135e+00  6 3.465e+04 3.465e+01  1  0   0  0   0   1         0
7960.800  7.961  0   0  3 2.064e+03 2.064e+00  0 1.365e+03 1.365e+00  1  0   0  0   0   1         0
7980.096  7.980  0   0  4 1.386e+04 1.386e+01  4 8.520e+02 8.520e-01  1  0   0  0   0   1         0
7989.994  7.990  0   0  4 1.076e+03 1.076e+00  4 4.264e+03 4.264e+00  1  0   0  0   0   1         0
7966.073  7.966  0   0  3 7.309e+03 7.309e+00  0 1.966e+04 1.966e+01  1  0   0  0   0   1         0
7967.801  7.968  0   0  5 1.682e+01 1.682e-02  0 6.280e+02 6.280e-01  1  0   0  0   0   1         0
7981.564  7.982  0   0  2 4.233e+03 4.233e+00  2 5.334e+03 5.334e+00  1  0   0  0   0   1         0
7957.417  7.957  0   0  2 8.281e+03 8.281e+00  2 1.754e+03 1.754e+00  1  0   0  0   0   1         0
7955.963  7.956  0   0  1 3.183e+03 3.183e+00  0 1.958e+02 1.958e-01  1  0   0  0   0   1         0
7962.584  7.963  0   0  1 3.475e+03 3.475e+00  0 3.203e+04 3.203e+01  1  0   0  0   0   1         0
7987.157  7.987  0   0  1 1.479e+04 1.479e+01  0 1.720e+03 1.720e+00  1  0   0  0   0   1         0
7968.445  7.968  0   0  4 8.266e+02 8.266e-01  4 4.727e+02 4.727e-01  1  0   0  0   0   1         0
7975.492  7.975  0   0  7 1.560e+03 1.560e+00  0 1.740e+04 1.740e+01  1  0   0  0   0   1         0
7959.851  7.960  0   0  4 1.074e+02 1.074e-01  4 1.419e+02 1.419e-01  1  0   0  0   0   1         0
8049.908  8.050  0   0  5 5.641e+03 5.641e+00  0 1.218e+03 1.218e+00  1  0   0  0   0   1         0
8018.801  8.019  0   0  2 6.499e+03 6.499e+00  2 1.841e+03 1.841e+00  1  0   0  0   0   1         0
8008.184  8.008  0   0  0 3.125e+03 3.125e+00  0 1.133e+02 1.133e-01  1  0   0  0   0   1         0
8013.485  8.013  0   0  4 1.055e+02 1.055e-01  4 8.020e+03 8.020e+00  1  0   0  0   0   1         0
8028.606  8.029  0   0  2 1.691e+02 1.691e-01  2 5.742e+03 5.742e+00  1  0   0  0   0   1         0
8028.514  8.029  0   0  3 1.091e+01 1.091e-02  0 2.361e+03 2.361e+00  1  0   0  0   0   1         0
8011.539  8.012  0   0  4 6.960e+02 6.960e-01  4 6.072e+03 6.072e+00  1  0   0  0   0   1         0
8037.585  8.038  0   0  1 2.909e+03 2.909e+00  0 3.183e+03 3.183e+00  1  0   0  0   0   1         0
8004.422  8.004  0   0  0 3.513e+03 3.513e+00  0 8.424e+02 8.424e-01  1  0   0  0   0   1         0
8031.215  8.031  0   0  5 1.488e+03 1.488e+00  0 1.330e+04 1.330e+01  1  0   0  0   0   1         0
8021.351  8.021  0   0  3 1.822e+03 1.822e+00  0 1.269e+04 1.269e+01  1  0   0  0   0   1         0
8006.389  8.006  0   0  3 1.340e+04 1.340e+01  0 3.937e+04 3.937e+01  1  0   0  0   0   1         0
8031.781  8.032  0   0  1 1.666e+03 1.666e+00  0 2.482e+01 2.482e-02  1  0   0  0   0   1         0
8033.711  8.034  0   0  2 1.384e-01 1.384e-04  2 4.004e+02 4.004e-01  1  0   0  0   0   1         0
8022.067  8.022  0   0  4 3.424e+03 3.424e+00  4 7.796e+03 7.796e+00  1  0   0  0   0   1         0
8039.943  8.040  0   0  5 9.127e+02 9.127e-01  0 7.474e+03 7.474e+00  1  0   0  0   0   1         0
8025.533  8.026  0   0  4 4.698e+03 4.698e+00  4 6.743e+04 6.743e+01  1  0   0  0   0   1         0
8014.343  8.014  0   0  6 3.998e+03 3.998e+00  6 1.769e+04 1.769e+01  1  0   0  0   0   1         0
8047.692  8.048  0   0  7 5.326e+02 5.326e-01  0 1.993e+04 1.993e+01  1  0   0  0   0   1         0
8047.216  8.047  0   0  3 2.451e+02 2.451e-01  0 4.614e+00 4.614e-03  1  0   0  0   0   1         0
8004.804  8.005  0   0  4 4.130e+03 4.130e+00  4 1.551e+01 1.551e-02  1  0   0  0   0   1         0
8047.318  8.047  0   0  1 7.087e+02 7.087e-01  0 1.762e+03 1.762e+00  1  0   0  0   0   1         0
8038.821  8.039  0   0  7 6.637e+01 6.637e-02  0 3.716e+03 3.716e+00  1  0   0  0   0   1         0
8005.358  8.005  0   0  5 6.617e+03 6.617e+00  0 7.838e+03 7.838e+00  1  0   0  0   0   1         0
8026.033  8.026  0   0  6 2.083e+04 2.083e+01  6 2.063e+04 2.063e+01  1  0   0  0   0   1         0
8001.757  8.002  0   0  1 3.400e+03 3.400e+00  0 2.517e-02 2.517e-05  1  0   0  0   0   1         0
8029.508  8.030  0   0  2 5.425e+03 5.425e+00  2 2.059e+04 2.059e+01  1  0   0  0   0   1         0
8046.676  8.047  0   0  4 1.156e+04 1.156e+01  4 5.079e+04 5.079e+01  1  0   0  0   0   1         0
8018.473  8.018  0   0  2 4.342e+03 4.342e+00  2 5.658e+03 5.658e+00  1  0   0  0   0   1         0
8025.498  8.025  0   0  4 1.013e+04 1.013e+01  4 2.313e+03 2.313e+00  1  0   0  0   0   1         0
8011.425  8.011  0   0  1 2.193e+03 2.193e+00  0 5.597e+03 5.597e+00  1  0   0  0   0   1         0
8027.114  8.027  0   0  3 5.347e+01 5.347e-02  0 5.502e+03 5.502e+00  1  0   0  0   0   1         0
8040.171  8.040  0   0  3 7.675e+03 7.675e+00  0 5.648e+03 5.648e+00  1  0   0  0   0   1         0
8010.808  8.011  0   0  2 5.305e+03 5.305e+00  2 1.724e+03 1.724e+00  1  0   0  0   0   1         0
8027.741  8.028  0   0  3 1.343e+03 1.343e+00  0 6.621e-01 6.621e-04  1  0   0  0   0   1         0
8017.794  8.018  0   0  2 5.606e+03 5.606e+00  2 1.551e-01 1.551e-04  1  0   0  0   0   1         0
8037.444  8.037  0   0  1 1.885e+03 1.885e+00  0 9.887e+01 9.887e-02  1  0   0  0   0   1         0
8035.158  8.035  0   0  3 3.186e+03 3.186e+00  0 8.967e+02 8.967e-01  1  0   0  0   0   1         0
8034.996  8.035  0   0  0 2.073e+03 2.073e+00  0 1.168e+04 1.168e+01  1  0   0  0   0   1         0
8018.953  8.019  0   0  6 3.217e+02 3.217e-01  6 3.687e+04 3.687e+01  1  0   0  0   0   1         0
8030.028  8.030  0   0  3 1.653e+03 1.653e+00  0 1.302e+04 1.302e+01  1  0   0  0   0   1         0
8032.615  8.033  0   0  5 4.301e+00 4.301e-03  0 7.611e+02 7.611e-01  1  0   0  0   0   1         0
8034.099  8.034  0   0  3 9.504e+02 9.504e-01  0 1.677e+02 1.677e-01  1  0   0  0   0   1         0
8028.828  8.029  0   0  2 5.811e+03 5.811e+00  2 1.968e+03 1.968e+00  1  0   0  0   0   1         0
8043.371  8.043  0   0  3 1.215e+03 1.215e+00  0 3.645e+03 3.645e+00  1  0   0  0   0   1         0
8012.490  8.012  0   0  4 1.098e+02 1.098e-01  4 2.203e+03 2.203e+00  1  0   0  0   0   1         0
8002.804  8.003  0   0  3 6.836e+00 6.836e-03  0 3.306e+02 3.306e-01  1  0   0  0   0   1         0
8048.135  8.048  0   0  6 5.023e+03 5.023e+00  6 7.296e+03 7.296e+00  1  0   0  0   0   1         0
8003.052  8.003  0   0  1 1.955e+04 1.955e+01  0 2.362e+03 2.362e+00  1  0   0  0   0   1         0
8045.171  8.045  0   0  5 1.605e+03 1.605e+00  0 3.324e+04 3.324e+01  1  0   0  0   0   1         0
8030.678  8.031  0   0  1 5.178e+03 5.178e+00  0 2.880e+04 2.880e+01  1  0   0  0   0   1         0
8045.957  8.046  0   0  7 4.199e+03 4.199e+00  0 3.019e+03 3.019e+00  1  0   0  0   0   1         0
8028.314  8.028  0   0  1 4.404e+03 4.404e+00  0 9.057e+03 9.057e+00  1  0   0  0   0   1         0
8099.554  8.100  0   0  3 5.661e+02 5.661e-01  0 1.056e+03 1.056e+00  1  0   0  0   0   1         0
8082.153  8.082  0   0  0 7.143e+02 7.143e-01  0 1.485e+04 1.485e+01  1  0   0  0   0   1         0
8089.158  8.089  0   0  1 2.954e+03 2.954e+00  0 3.502e+03 3.502e+00  1  0   0  0   0   1         0
8051.607  8.052  0   0  4 4.155e+03 4.155e+00  4 3.002e+02 3.002e-01  1  0   0  0   0   1         0
8071.431  8.071  0   0  3 3.692e+03 3.692e+00  0 2.347e+03 2.347e+00  1  0   0  0   0   1         0
8064.468  8.064  0   0  3 4.975e+02 4.975e-01  0 7.726e+03 7.726e+00  1  0   0  0   0   1         0
8091.248  8.091  0   0  4 5.146e+03 5.146e+00  4 5.594e+03 5.594e+00  1  0   0  0   0   1         0
8083.937  8.084  0   0  2 1.300e+04 1.300e+01  2 8.376e+02 8.376e-01  1  0   0  0   0   1         0
8080.784  8.081  0   0  1 6.178e+02 6.178e-01  0 1.227e+04 1.227e+01  1  0   0  0   0   1         0
8096.595  8.097  0   0  1 1.903e+03 1.903e+00  0 7.177e+03 7.177e+00  1  0   0  0   0   1         0
8054.465  8.054  0   0  3 6.404e+03 6.404e+00  0 9.315e+03 9.315e+00  1  0   0  0   0   1         0
8097.704  8.098  0   0  1 6.284e+01 6.284e-02  0 5.963e+04 5.963e+01  1  0   0  0   0   1         0
8055.062  8.055  0   0  1 2.525e+03 2.525e+00  0 2.404e+03 2.404e+00  1  0   0  0   0   1         0
8067.411  8.067  0   0  4 4.650e+02 4.650e-01  4 1.058e+04 1.058e+01  1  0   0  0   0   1         0
8081.575  8.082  0   0  9 2.945e+02 2.945e-01  0 5.148e+04 5.148e+01  1  0   0  0   0   1         0
8067.134  8.067  0   0  7 2.221e+03 2.221e+00  0 2.101e+04 2.101e+01  1  0   0  0   0   1         0
8084.184  8.084  0   0  2 6.106e+02 6.106e-01  2 1.052e+03 1.052e+00  1  0   0  0   0   1         0
8088.817  8.089  0   0  3 5.208e+01 5.208e-02  0 1.419e+03 1.419e+00  1  0   0  0   0   1         0
8091.463  8.091  0   0  3 1.940e+03 1.940e+00  0 3.310e+04 3.310e+01  1  0   0  0   0   1         0
8059.006  8.059  0   0  4 1.788e+03 1.788e+00  4 6.058e+04 6.058e+01  1  0   0  0   0   1         0
8059.144  8.059  0   0  4 6.989e+03 6.989e+00  4 7.100e+03 7.100e+00  1  0   0  0   0   1         0
8052.629  8.053  0   0  2 2.400e+04 2.400e+01  2 2.089e+04 2.089e+01  1  0   0  0   0   1         0
8074.609  8.075  0   0  0 1.472e+01 1.472e-02  0 3.995e+03 3.995e+00  1  0   0  0   0   1         0
8056.908  8.057  0   0  4 1.089e+03 1.089e+00  4 7.656e+01 7.656e-02  1  0   0  0   0   1         0
8065.988  8.066  0   0  4 5.040e+03 5.040e+00  4 1.429e+04 1.429e+01  1  0   0  0   0   1         0
8092.057  8.092  0   0  2 3.036e-01 3.036e-04  2 1.623e+03 1.623e+00  1  0   0  0   0   1         0
8097.446  8.097  0   0  7 1.391e+03 1.391e+00  0 3.158e+03 3.158e+00  1  0   0  0   0   1         0
8091.143  8.091  0   0  2 8.498e+02 8.498e-01  2 7.575e+03 7.575e+00  1  0   0  0   0   1         0
8050.033  8.050  0   0  1 5.045e+03 5.045e+00  0 3.332e+04 3.332e+01  1  0   0  0   0   1         0
8078.466  8.078  0   0  3 7.790e+03 7.790e+00  0 1.056e+01 1.056e-02  1  0   0  0   0   1         0
8058.370  8.058  0   0  1 8.347e+03 8.347e+00  0 6.839e+02 6.839e-01  1  0   0  0   0   1         0
8068.850  8.069  0   0  4 1.357e+04 1.357e+01  4 2.954e+03 2.954e+00  1  0   0  0   0   1         0
8071.461  8.071  0   0  0 1.191e+04 1.191e+01  0 7.681e+02 7.681e-01  1  0   0  0   0   1         0
8097.161  8.097  0   0  4 1.245e+04 1.245e+01  4 5.763e+02 5.763e-01  1  0   0  0   0   1         0
8081.748  8.082  0   0  3 1.203e+03 1.203e+00  0 9.183e+02 9.183e-01  1  0   0  0   0   1         0
8063.435  8.063  0   0  1 5.517e+02 5.517e-01  0 1.020e+03 1.020e+00  1  0   0  0   0   1         0
8082.201  8.082  0   0  2 2.125e+03 2.125e+00  2 2.080e+04 2.080e+01  1  0   0  0   0   1         0
8097.605  8.098  0   0  5 1.631e+04 1.631e+01  0 6.336e+02 6.336e-01  1  0   0  0   0   1         0
8052.973  8.053  0   0  3 1.784e+02 1.784e-01  0 1.051e+02 1.051e-01  1  0   0  0   0   1         0
8090.839  8.091  0   0  5 6.024e+02 6.024e-01  0 1.703e+04 1.703e+01  1  0   0  0   0   1         0
8060.890  8.061  0   0  2 4.158e+01 4.158e-02  2 1.340e+04 1.340e+01  1  0   0  0   0   1         0
8057.690  8.058  0   0  4 7.310e+02 7.310e-01  4 3.977e+04 3.977e+01  1  0   0  0   0   1         0
8094.967  8.095  0   0  2 1.995e+01 1.995e-02  2 3.691e+02 3.691e-01  1  0   0  0   0   1         0
8050.093  8.050  0   0  4 2.406e+04 2.406e+01  4 1.124e+05 1.124e+02  1  0   0  0   0   1         0
8087.105  8.087  0   0  2 3.044e+03 3.044e+00  2 1.251e+03 1.251e+00  1  0   0  0   0   1         0
8054.383  8.054  0   0  2 5.491e+02 5.491e-01  2 1.837e+03 1.837e+00  1  0   0  0   0   1         0
8080.962  8.081  0   0  3 2.557e+03 2.557e+00  0 2.011e+03 2.011e+00  1  0   0  0   0   1         0
8081.107  8.081  0   0  0 6.060e+03 6.060e+00  0 1.138e+04 1.138e+01  1  0   0  0   0   1         0
8093.170  8.093  0   0  4 1.720e+03 1.720e+00  4 6.439e+03 6.439e+00  1  0   0  0   0   1         0
8091.169  8.091  0   0  3 2.382e+03 2.382e+00  0 3.635e+03 3.635e+00  1  0   0  0   0   1         0
8084.315  8.084  0   0  8 1.468e+04 1.468e+01  8 3.572e+04 3.572e+01  1  0   0  0   0   1         0
8069.090  8.069  0   0  5 3.021e+02 3.021e-01  0 2.211e+04 2.211e+01  1  0   0  0   0   1         0
8058.357  8.058  0   0  1 1.330e+04 1.330e+01  0 4.143e+00 4.143e-03  1  0   0  0   0   1         0
8081.846  8.082  0   0  2 1.360e+03 1.360e+00  2 5.802e+02 5.802e-01  1  0   0  0   0   1         0
8074.915  8.075  0   0  2 4.494e+01 4.494e-02  2 3.847e+02 3.847e-01  1  0   0  0   0   1         0
8053.916  8.054  0   0  1 9.340e+03 9.340e+00  0 1.240e+02 1.240e-01  1  0   0  0   0   1         0
8097.789  8.098  0   0  7 1.698e+01 1.698e-02  0 1.511e+03 1.511e+00  1  0   0  0   0   1         0
8065.778  8.066  0   0  1 9.057e+03 9.057e+00  0 9.205e+03 9.205e+00  1  0   0  0   0   1         0
8050.108  8.050  0   0  1 1.990e+02 1.990e-01  0 1.028e+04 1.028e+01  1  0   0  0   0   1         0
8095.108  8.095  0   0  8 8.598e+03 8.598e+00  8 4.288e+03 4.288e+00  1  0   0  0   0   1         0
8078.917  8.079  0   0  4 1.928e+03 1.928e+00  4 3.611e+01 3.611e-02  1  0   0  0   0   1         0
8086.705  8.087  0   0  2 7.303e+02 7.303e-01  2 8.861e+03 8.861e+00  1  0   0  0   0   1         0
8057.668  8.058  0   0  2 2.278e+02 2.278e-01  2 9.699e+02 9.699e-01  1  0   0  0   0   1         0
8070.294  8.070  0   0  1 5.201e+03 5.201e+00  0 3.310e+03 3.310e+00  1  0   0  0   0   1         0
8138.022  8.138  0   0  5 5.398e+03 5.398e+00  0 1.468e+04 1.468e+01  1  0   0  0   0   1         0
8126.059  8.126  0   0  3 1.848e+04 1.848e+01  0 1.896e+03 1.896e+00  1  0   0  0   0   1         0
8123.495  8.123  0   0  2 9.083e+02 9.083e-01  2 3.395e+03 3.395e+00  1  0   0  0   0   1         0
8148.005  8.148  0   0  2 6.920e+02 6.920e-01  2 8.622e+03 8.622e+00  1  0   0  0   0   1         0
8147.834  8.148  0   0  4 4.070e+03 4.070e+00  4 5.275e+02 5.275e-01  1  0   0  0   0   1         0
8135.293  8.135  0   0  0 1.099e+03 1.099e+00  0 1.423e+02 1.423e-01  1  0   0  0   0   1         0
8138.055  8.138  0   0  2 3.653e+02 3.653e-01  2 8.948e+03 8.948e+00  1  0   0  0   0   1         0
8144.978  8.145  0   0  5 1.590e+04 1.590e+01  0 1.477e+03 1.477e+00  1  0   0  0   0   1         0
8148.224  8.148  0   0  3 2.701e+03 2.701e+00  0 3.200e+04 3.200e+01  1  0   0  0   0   1         0
8104.134  8.104  0   0  5 2.835e+03 2.835e+00  0 1.734e+03 1.734e+00  1  0   0  0   0   1         0
8149.868  8.150  0   0  2 6.872e+03 6.872e+00  2 4.577e+02 4.577e-01  1  0   0  0   0   1         0
8135.206  8.135  0   0  4 2.429e+04 2.429e+01  4 9.068e+03 9.068e+00  1  0   0  0   0   1         0
8129.701  8.130  0   0  4 1.710e+03 1.710e+00  4 1.035e+05 1.035e+02  1  0   0  0   0   1         0
8120.722  8.121  0   0  3 2.083e+03 2.083e+00  0 3.109e+02 3.109e-01  1  0   0  0   0   1         0
8116.878  8.117  0   0  1 1.428e+02 1.428e-01  0 1.426e+04 1.426e+01  1  0   0  0   0   1         0
8140.252  8.140  0   0  5 1.584e+04 1.584e+01  0 1.148e+04 1.148e+01  1  0   0  0   0   1         0
8132.781  8.133  0   0  6 2.109e+03 2.109e+00  6 1.678e+03 1.678e+00  1  0   0  0   0   1         0
8110.078  8.110  0   0  1 9.586e+03 9.586e+00  0 8.657e+03 8.657e+00  1  0   0  0   0   1         0
8130.558  8.131  0   0  1 1.425e+02 1.425e-01  0 1.501e+04 1.501e+01  1  0   0  0   0   1         0
8107.090  8.107  0   0  1 5.507e+03 5.507e+00  0 3.136e+04 3.136e+01  1  0   0  0   0   1         0
8124.909  8.125  0   0  2 5.823e+02 5.823e-01  2 1.910e+03 1.910e+00  1  0   0  0   0   1         0
8129.237  8.129  0   0  4 6.839e+02 6.839e-01  4 1.622e+04 1.622e+01  1  0   0  0   0   1         0
8131.845  8.132  0   0  6 2.363e+03 2.363e+00  6 2.058e+04 2.058e+01  1  0   0  0   0   1         0
8107.296  8.107  0   0  4 1.195e+03 1.195e+00  4 2.019e+04 2.019e+01  1  0   0  0   0   1         0
8104.803  8.105  0   0  1 3.281e+04 3.281e+01  0 7.848e+03 7.848e+00  1  0   0  0   0   1         0
8112.986  8.113  0   0  3 1.267e+03 1.267e+00  0 4.076e+01 4.076e-02  1  0   0  0   0   1         0
8130.414  8.130  0   0  4 1.078e+02 1.078e-01  4 1.213e+04 1.213e+01  1  0   0  0   0   1         0
8146.601  8.147  0   0  5 2.662e+02 2.662e-01  0 1.258e+04 1.258e+01  1  0   0  0   0   1         0
8139.001  8.139  0   0  4 7.177e+02 7.177e-01  4 5.880e+03 5.880e+00  1  0   0  0   0   1         0
8137.335  8.137  0   0  2 2.484e+02 2.484e-01  2 1.493e+04 1.493e+01  1  0   0  0   0   1         0
8116.570  8.117  0   0  3 3.160e+03 3.160e+00  0 4.536e+03 4.536e+00  1  0   0  0   0   1         0
8105.611  8.106  0   0  5 2.360e+02 2.360e-01  0 7.310e+01 7.310e-02  1  0   0  0   0   1         0
8144.622  8.145  0   0  3 3.509e+02 3.509e-01  0 1.085e+02 1.085e-01  1  0   0  0   0   1         0
8125.108  8.125  0   0  3 2.173e+02 2.173e-01  0 3.266e+04 3.266e+01  1  0   0  0   0   1         0
8105.049  8.105  0   0  1 1.508e+03 1.508e+00  0 3.092e+03 3.092e+00  1  0   0  0   0   1         0
8126.814  8.127  0   0  8 2.244e+03 2.244e+00  8 3.138e+04 3.138e+01  1  0   0  0   0   1         0
8133.828  8.134  0   0  3 8.456e+02 8.456e-01  0 9.301e+02 9.301e-01  1  0   0  0   0   1         0
8116.052  8.116  0   0  1 3.683e+03 3.683e+00  0 6.962e+04 6.962e+01  1  0   0  0   0   1         0
8100.465  8.100  0   0  1 4.022e+02 4.022e-01  0 1.418e+04 1.418e+01  1  0   0  0   0   1         0
8131.142  8.131  0   0  1 2.328e+03 2.328e+00  0 1.005e+04 1.005e+01  1  0   0  0   0   1         0
8102.015  8.102  0   0  3 3.931e+03 3.931e+00  0 1.124e+04 1.124e+01  1  0   0  0   0   1         0
8121.704  8.122  0   0  6 6.225e+01 6.225e-02  6 3.092e+01 3.092e-02  1  0   0  0   0   1         0
8141.277  8.141  0   0  5 1.608e+00 1.608e-03  0 1.234e+04 1.234e+01  1  0   0  0   0   1         0
8149.943  8.150  0   0  5 5.313e+03 5.313e+00  0 9.733e+02 9.733e-01  1  0   0  0   0   1         0
8118.577  8.119  0   0  2 9.757e+02 9.757e-01  2 2.283e+04 2.283e+01  1  0   0  0   0   1         0
8101.012  8.101  0   0  2 5.077e+02 5.077e-01  2 2.449e+02 2.449e-01  1  0   0  0   0   1         0
8124.711  8.125  0   0  1 2.802e+04 2.802e+01  0 1.288e+01 1.288e-02  1  0   0  0   0   1         0
8113.866  8.114  0   0  2 1.057e+03 1.057e+00  2 9.301e+03 9.301e+00  1  0   0  0   0   1         0
8191.187  8.191  0   0  3 2.603e+04 2.603e+01  0 2.426e+02 2.426e-01  1  0   0  0   0   1         0
8181.591  8.182  0   0  3 1.803e+04 1.803e+01  0 2.889e+03 2.889e+00  1  0   0  0   0   1         0
8194.023  8.194  0   0  2 6.611e+02 6.611e-01  2 2.450e+03 2.450e+00  1  0   0  0   0   1         0
8181.189  8.181  0   0  2 8.072e+03 8.072e+00  2 1.413e+03 1.413e+00  1  0   0  0   0   1         0
8189.008  8.189  0   0  4 2.259e+02 2.259e-01  4 2.633e+04 2.633e+01  1  0   0  0   0   1         0
8184.882  8.185  0   0  1 3.432e+02 3.432e-01  0 4.502e+04 4.502e+01  1  0   0  0   0   1         0
8173.194  8.173  0   0  1 9.137e+01 9.137e-02  0 2.659e+03 2.659e+00  1  0   0  0   0   1         0
8184.489  8.184  0   0  2 1.948e+03 1.948e+00  2 5.702e+03 5.702e+00  1  0   0  0   0   1         0
8183.239  8.183  0   0  3 1.101e+02 1.101e-01  0 5.458e+03 5.458e+00  1  0   0  0   0   1         0
8150.337  8.150  0   0  3 4.249e+03 4.249e+00  0 4.805e+02 4.805e-01  1  0   0  0   0   1         0
8184.987  8.185  0   0  2 1.728e+04 1.728e+01  2 2.779e+04 2.779e+01  1  0   0  0   0   1         0
8163.158  8.163  0   0  1 2.551e+03 2.551e+00  0 4.910e+04 4.910e+01  1  0   0  0   0   1         0
8177.156  8.177  0   0  7 1.067e+04 1.067e+01  0 1.238e+04 1.238e+01  1  0   0  0   0   1         0
8155.592  8.156  0   0  5 2.430e+04 2.430e+01  0 5.150e+03 5.150e+00  1  0   0  0   0   1         0
8151.157  8.151  0   0  4 3.423e+03 3.423e+00  4 1.236e+03 1.236e+00  1  0   0  0   0   1         0
8150.760  8.151  0   0  2 1.100e+04 1.100e+01  2 1.449e+04 1.449e+01  1  0   0  0   0   1         0
8157.944  8.158  0   0  0 1.892e+04 1.892e+01  0 1.036e+04 1.036e+01  1  0   0  0   0   1         0
8151.000  8.151  0   0  1 2.175e+03 2.175e+00  0 9.906e+03 9.906e+00  1  0   0  0   0   1         0
8156.650  8.157  0   0  3 1.339e+01 1.339e-02  0 2.494e+04 2.494e+01  1  0   0  0   0   1         0
8178.023  8.178  0   0  1 2.415e+03 2.415e+00  0 1.345e+04 1.345e+01  1  0   0  0   0   1         0
8170.076  8.170  0   0  3 3.231e+03 3.231e+00  0 6.463e+03 6.463e+00  1  0   0  0   0   1         0
8199.042  8.199  0   0  2 1.662e+03 1.662e+00  2 3.953e+03 3.953e+00  1  0   0  0   0   1         0
8190.475  8.190  0   0  1 5.733e+03 5.733e+00  0 3.527e+04 3.527e+01  1  0   0  0   0   1         0
8157.371  8.157  0   0  0 4.296e+03 4.296e+00  0 4.245e+04 4.245e+01  1  0   0  0   0   1         0
8170.903  8.171  0   0  5 2.950e+03 2.950e+00  0 8.893e+03 8.893e+00  1  0   0  0   0   1         0
8171.612  8.172  0   0  1 1.581e+04 1.581e+01  0 1.779e+03 1.779e+00  1  0   0  0   0   1         0
8168.166  8.168  0   0  0 2.772e+03 2.772e+00  0 3.650e+00 3.650e-03  1  0   0  0   0   1         0
8174.844  8.175  0   0  4 6.786e+02 6.786e-01  4 3.314e+02 3.314e-01  1  0   0  0   0   1         0
8183.551  8.184  0   0  5 2.118e+03 2.118e+00  0 3.127e+03 3.127e+00  1  0   0  0   0   1         0
8182.104  8.182  0   0  5 8.355e+02 8.355e-01  0 1.740e+03 1.740e+00  1  0   0  0   0   1         0
8167.915  8.168  0   0  5 2.427e+02 2.427e-01  0 2.096e+02 2.096e-01  1  0   0  0   0   1         0
8185.306  8.185  0   0  2 7.300e+03 7.300e+00  2 5.490e+01 5.490e-02  1  0   0  0   0   1         0
8164.528  8.165  0   0  4 1.392e+03 1.392e+00  4 1.482e+04 1.482e+01  1  0   0  0   0   1         0
8191.809  8.192  0   0  5 8.438e+03 8.438e+00  0 1.549e+02 1.549e-01  1  0   0  0   0   1         0
8198.227  8.198  0   0  5 2.030e+03 2.030e+00  0 8.668e+03 8.668e+00  1  0   0  0   0   1         0
8164.791  8.165  0   0  4 1.940e+03 1.940e+00  4 1.050e+04 1.050e+01  1  0   0  0   0   1         0
8189.278  8.189  0   0  4 3.203e+01 3.203e-02  4 2.821e+01 2.821e-02  1  0   0  0   0   1         0
8190.711  8.191  0   0  2 2.564e+03 2.564e+00  2 1.040e+04 1.040e+01  1  0   0  0   0   1         0
8174.603  8.175  0   0  1 7.692e+03 7.692e+00  0 2.099e+03 2.099e+00  1  0   0  0   0   1         0
8154.408  8.154  0   0  1 5.088e+01 5.088e-02  0 1.718e+04 1.718e+01  1  0   0  0   0   1         0
8189.353  8.189  0   0  1 1.029e+00 1.029e-03  0 2.507e+04 2.507e+01  1  0   0  0   0   1         0
8170.437  8.170  0   0  1 1.732e+03 1.732e+00  0 3.946e+03 3.946e+00  1  0   0  0   0   1         0
8160.447  8.160  0   0  2 1.250e+03 1.250e+00  2 1.514e+04 1.514e+01  1  0   0  0   0   1         0
8181.393  8.181  0   0  2 1.686e-02 1.686e-05  2 5.244e+02 5.244e-01  1  0   0  0   0   1         0
8171.911  8.172  0   0  5 6.060e+03 6.060e+00  0 1.398e+03 1.398e+00  1  0   0  0   0   1         0
8154.399  8.154  0   0  1 1.480e+04 1.480e+01  0 2.238e+03 2.238e+00  1  0   0  0   0   1         0
8199.188  8.199  0   0  3 3.304e+03 3.304e+00  0 6.448e+03 6.448e+00  1  0   0  0   0   1         0
8162.281  8.162  0   0  1 1.153e+04 1.153e+01  0 9.613e+02 9.613e-01  1  0   0  0   0   1         0
8175.613  8.176  0   0  6 1.064e+04 1.064e+01  6 2.825e+03 2.825e+00  1  0   0  0   0   1         0
8183.422  8.183  0   0  1 1.269e+04 1.269e+01  0 8.804e+04 8.804e+01  1  0   0  0   0   1         0
8155.781  8.156  0   0  3 1.820e+02 1.820e-01  0 4.340e+03 4.340e+00  1  0   0  0   0   1         0
8187.020  8.187  0   0  1 1.734e+04 1.734e+01  0 1.887e+03 1.887e+00  1  0   0  0   0   1         0
8182.474  8.182  0   0  3 5.955e+03 5.955e+00  0 5.628e+03 5.628e+00  1  0   0  0   0   1         0
8174.753  8.175  0   0  7 1.444e+04 1.444e+01  0 3.270e+01 3.270e-02  1  0   0  0   0   1         0
8245.316  8.245  0   0  5 2.869e+03 2.869e+00  0 2.371e+03 2.371e+00  1  0   0  0   0   1         0
8247.501  8.248  0   0  7 1.947e+02 1.947e-01  0 1.291e+04 1.291e+01  1  0   0  0   0   1         0
8241.286  8.241  0   0  5 1.789e+02 1.789e-01  0 1.094e+04 1.094e+01  1  0   0  0   0   1         0
8210.287  8.210  0   0  5 2.339e+03 2.339e+00  0 1.072e+04 1.072e+01  1  0   0  0   0   1         0
8207.734  8.208  0   0  3 3.616e+02 3.616e-01  0 3.897e+03 3.897e+00  1  0   0  0   0   1         0
8202.963  8.203  0   0  5 2.944e+03 2.944e+00  0 1.654e+03 1.654e+00  1  0   0  0   0   1         0
8229.161  8.229  0   0  2 2.486e+00 2.486e-03  2 7.673e+00 7.673e-03  1  0   0  0   0   1         0
8224.425  8.224  0   0  2 7.854e+03 7.854e+00  2 8.789e+02 8.789e-01  1  0   0  0   0   1         0
8205.489  8.205  0   0  2 1.609e+03 1.609e+00  2 3.099e+04 3.099e+01  1  0   0  0   0   1         0
8223.305  8.223  0   0  3 7.379e+02 7.379e-01  0 1.020e+04 1.020e+01  1  0   0  0   0   1         0
8228.429  8.228  0   0  6 1.230e+04 1.230e+01  6 1.896e+03 1.896e+00  1  0   0  0   0   1         0
8236.199  8.236  0   0  5 4.146e+03 4.146e+00  0 4.906e+03 4.906e+00  1  0   0  0   0   1         0
8220.772  8.221  0   0  0 1.718e+03 1.718e+00  0 5.376e+03 5.376e+00  1  0   0  0   0   1         0
8215.974  8.216  0   0  1 7.657e+03 7.657e+00  0 2.023e+04 2.023e+01  1  0   0  0   0   1         0
8233.341  8.233  0   0  0 2.959e+04 2.959e+01  0 2.340e+03 2.340e+00  1  0   0  0   0   1         0
8234.267  8.234  0   0  3 5.223e+03 5.223e+00  0 1.399e+02 1.399e-01  1  0   0  0   0   1         0
8213.572  8.214  0   0  1 6.405e+02 6.405e-01  0 9.227e+03 9.227e+00  1  0   0  0   0   1         0
8200.996  8.201  0   0  3 2.925e+02 2.925e-01  0 4.802e+01 4.802e-02  1  0   0  0   0   1         0
8247.298  8.247  0   0  1 5.018e+03 5.018e+00  0 2.102e+04 2.102e+01  1  0   0  0   0   1         0
8237.812  8.238  0   0  1 1.317e+02 1.317e-01  0 1.272e+02 1.272e-01  1  0   0  0   0   1         0
8210.097  8.210  0   0  2 2.732e+03 2.732e+00  2 6.988e+04 6.988e+01  1  0   0  0   0   1         0
8228.346  8.228  0   0  5 3.880e+03 3.880e+00  0 6.354e+01 6.354e-02  1  0   0  0   0   1         0
8229.809  8.230  0   0  4 1.224e+02 1.224e-01  4 1.275e+04 1.275e+01  1  0   0  0   0   1         0
8206.328  8.206  0   0  4 5.557e+03 5.557e+00  4 1.289e+03 1.289e+00  1  0   0  0   0   1         0
8209.623  8.210  0   0  2 3.460e+03 3.460e+00  2 2.526e+04 2.526e+01  1  0   0  0   0   1         0
8247.846  8.248  0   0  4 8.873e+02 8.873e-01  4 1.109e+02 1.109e-01  1  0   0  0   0   1         0
8225.465  8.225  0   0  3 9.583e+02 9.583e-01  0 2.211e+02 2.211e-01  1  0   0  0   0   1         0
8209.612  8.210  0   0  3 2.379e+03 2.379e+00  0 1.791e+03 1.791e+00  1  0   0  0   0   1         0
8239.920  8.240  0   0  5 2.970e+03 2.970e+00  0 2.994e+03 2.994e+00  1  0   0  0   0   1         0
8223.593  8.224  0   0  5 4.293e+01 4.293e-02  0 4.526e+02 4.526e-01  1  0   0  0   0   1         0
8231.980  8.232  0   0  5 1.270e+04 1.270e+01  0 1.570e+04 1.570e+01  1  0   0  0   0   1         0
8214.929  8.215  0   0  3 2.292e+03 2.292e+00  0 2.003e+04 2.003e+01  1  0   0  0   0   1         0
8202.909  8.203  0   0  2 7.214e+03 7.214e+00  2 1.119e+03 1.119e+00  1  0   0  0   0   1         0
8208.283  8.208  0   0  4 7.392e+02 7.392e-01  4 5.806e+03 5.806e+00  1  0   0  0   0   1         0
8248.658  8.249  0   0  4 3.086e+02 3.086e-01  4 2.276e+04 2.276e+01  1  0   0  0   0   1         0
8231.240  8.231  0   0  3 4.381e+01 4.381e-02  0 5.204e+03 5.204e+00  1  0   0  0   0   1         0
8241.590  8.242  0   0  0 4.798e+02 4.798e-01  0 2.440e+02 2.440e-01  1  0   0  0   0   1         0
8201.081  8.201  0   0  5 9.100e+02 9.100e-01  0 3.775e+02 3.775e-01  1  0   0  0   0   1         0
8238.319  8.238  0   0  5 3.872e+03 3.872e+00  0 1.079e+04 1.079e+01  1  0   0  0   0   1         0
8224.312  8.224  0   0  3 9.528e+02 9.528e-01  0 9.954e+03 9.954e+00  1  0   0  0   0   1         0
8233.323  8.233  0   0  2 1.264e+02 1.264e-01  2 1.319e+04 1.319e+01  1  0   0  0   0   1         0
8217.970  8.218  0   0  0 7.164e+02 7.164e-01  0 1.339e+04 1.339e+01  1  0   0  0   0   1         0
8231.104  8.231  0   0  2 1.719e+03 1.719e+00  2 3.021e+02 3.021e-01  1  0   0  0   0   1         0
8201.790  8.202  0   0  6 1.242e+03 1.242e+00  6 1.546e+01 1.546e-02  1  0   0  0   0   1         0
8202.291  8.202  0   0  6 1.538e+04 1.538e+01  6 6.185e+03 6.185e+00  1  0   0  0   0   1         0
8239.983  8.240  0   0  2 2.524e+03 2.524e+00  2 7.274e+02 7.274e-01  1  0   0  0   0   1         0
8206.251  8.206  0   0  0 1.428e+03 1.428e+00  0 1.291e+01 1.291e-02  1  0   0  0   0   1         0
8200.703  8.201  0   0  2 1.315e+04 1.315e+01  2 1.946e+03 1.946e+00  1  0   0  0   0   1         0
8245.643  8.246  0   0  5 1.933e+04 1.933e+01  0 7.604e+02 7.604e-01  1  0   0  0   0   1         0
8213.327  8.213  0   0  6 2.311e+03 2.311e+00  6 1.210e+04 1.210e+01  1  0   0  0   0   1         0
8229.182  8.229  0   0  2 5.473e+03 5.473e+00  2 2.098e+02 2.098e-01  1  0   0  0   0   1         0
8277.414  8.277  0   0  3 1.533e+04 1.533e+01  0 4.266e+04 4.266e+01  1  0   0  0   0   1         0
8292.222  8.292  0   0  1 1.985e+01 1.985e-02  0 1.037e+04 1.037e+01  1  0   0  0   0   1         0
8275.389  8.275  0   0  7 2.695e+03 2.695e+00  0 6.649e+03 6.649e+00  1  0   0  0   0   1         0
8252.994  8.253  0   0  0 1.061e+04 1.061e+01  0 2.178e+02 2.178e-01  1  0   0  0   0   1         0
8256.388  8.256  0   0  4 2.167e+03 2.167e+00  4 1.605e+03 1.605e+00  1  0   0  0   0   1         0
8268.857  8.269  0   0  1 9.515e+02 9.515e-01  0 1.259e+04 1.259e+01  1  0   0  0   0   1         0
8266.183  8.266  0   0  7 3.017e-01 3.017e-04  0 9.205e+03 9.205e+00  1  0   0  0   0   1         0
8261.028  8.261  0   0  1 7.497e+03 7.497e+00  0 5.764e+03 5.764e+00  1  0   0  0   0   1         0
8292.040  8.292  0   0  3 1.410e+04 1.410e+01  0 6.441e+02 6.441e-01  1  0   0  0   0   1         0
8251.351  8.251  0   0  1 9.838e+02 9.838e-01  0 2.168e+04 2.168e+01  1  0   0  0   0   1         0
8291.503  8.292  0   0  2 1.912e+02 1.912e-01  2 5.813e+01 5.813e-02  1  0   0  0   0   1         0
8296.102  8.296  0   0  3 5.182e+03 5.182e+00  0 3.256e+03 3.256e+00  1  0   0  0   0   1         0
8281.565  8.282  0   0  2 2.953e+03 2.953e+00  2 1.419e+03 1.419e+00  1  0   0  0   0   1         0
8281.327  8.281  0   0  4 3.076e+03 3.076e+00  4 1.822e+02 1.822e-01  1  0   0  0   0   1         0
8257.483  8.257  0   0  7 4.812e+02 4.812e-01  0 2.548e+03 2.548e+00  1  0   0  0   0   1         0
8278.478  8.278  0   0  1 2.912e+04 2.912e+01  0 8.075e+03 8.075e+00  1  0   0  0   0   1         0
8268.819  8.269  0   0  2 4.231e+03 4.231e+00  2 7.822e+03 7.822e+00  1  0   0  0   0   1         0
8261.498  8.261  0   0  3 2.292e+02 2.292e-01  0 5.768e+03 5.768e+00  1  0   0  0   0   1         0
8279.228  8.279  0   0  3 6.431e+03 6.431e+00  0 1.234e+04 1.234e+01  1  0   0  0   0   1         0
8250.060  8.250  0   0  1 2.335e+03 2.335e+00  0 3.924e+04 3.924e+01  1  0   0  0   0   1         0
8263.872  8.264  0   0  1 5.318e+02 5.318e-01  0 6.352e+03 6.352e+00  1  0   0  0   0   1         0
8282.860  8.283  0   0  4 4.113e+03 4.113e+00  4 1.651e+04 1.651e+01  1  0   0  0   0   1         0
8272.815  8.273  0   0  5 4.039e+02 4.039e-01  0 2.333e+03 2.333e+00  1  0   0  0   0   1         0
8257.314  8.257  0   0  2 1.260e+03 1.260e+00  2 4.146e+03 4.146e+00  1  0   0  0   0   1         0
8250.066  8.250  0   0  3 1.695e+03 1.695e+00  0 3.146e+03 3.146e+00  1  0   0  0   0   1         0
8263.572  8.264  0   0  5 4.632e+03 4.632e+00  0 6.682e+02 6.682e-01  1  0   0  0   0   1         0
8277.516  8.278  0   0  1 6.779e+03 6.779e+00  0 6.913e+02 6.913e-01  1  0   0  0   0   1         0
8276.791  8.277  0   0  4 8.325e+02 8.325e-01  4 8.017e+03 8.017e+00  1  0   0  0   0   1         0
8256.583  8.257  0   0  1 7.468e+03 7.468e+00  0 4.976e+02 4.976e-01  1  0   0  0   0   1         0
8280.745  8.281  0   0  1 1.182e+03 1.182e+00  0 2.431e+02 2.431e-01  1  0   0  0   0   1         0
8299.946  8.300  0   0  5 3.986e+03 3.986e+00  0 1.873e+04 1.873e+01  1  0   0  0   0   1         0
8279.305  8.279  0   0  3 3.548e+03 3.548e+00  0 1.204e+03 1.204e+00  1  0   0  0   0   1         0
8276.445  8.276  0   0  1 4.546e+03 4.546e+00  0 6.101e+02 6.101e-01  1  0   0  0   0   1         0
8281.191  8.281  0   0  5 3.212e+03 3.212e+00  0 2.317e+04 2.317e+01  1  0   0  0   0   1         0
8294.010  8.294  0   0  3 1.509e+03 1.509e+00  0 2.174e+03 2.174e+00  1  0   0  0   0   1         0
8297.313  8.297  0   0  9 1.133e+04 1.133e+01  0 6.295e+03 6.295e+00  1  0   0  0   0   1         0
8252.062  8.252  0   0  4 2.106e+03 2.106e+00  4 6.078e+03 6.078e+00  1  0   0  0   0   1         0
8260.291  8.260  0   0  2 2.320e+01 2.320e-02  2 3.889e+02 3.889e-01  1  0   0  0   0   1         0
8255.814  8.256  0   0  3 5.052e+02 5.052e-01  0 2.476e+02 2.476e-01  1  0   0  0   0   1         0
8288.662  8.289  0   0  3 1.041e+04 1.041e+01  0 1.107e+04 1.107e+01  1  0   0  0   0   1         0
8252.289  8.252  0   0  0 4.435e+03 4.435e+00  0 9.667e+01 9.667e-02  1  0   0  0   0   1         0
8295.154  8.295  0   0  5 4.651e+03 4.651e+00  0 1.153e+04 1.153e+01  1  0   0  0   0   1         0
8251.033  8.251  0   0  5 2.721e+04 2.721e+01  0 6.068e+03 6.068e+00  1  0   0  0   0   1         0
8280.188  8.280  0   0  1 1.875e+02 1.875e-01  0 2.688e+04 2.688e+01  1  0   0  0   0   1         0
8263.830  8.264  0   0  6 2.278e+03 2.278e+00  6 5.128e+02 5.128e-01  1  0   0  0   0   1         0
8273.592  8.274  0   0  3 9.938e+02 9.938e-01  0 1.759e+04 1.759e+01  1  0   0  0   0   1         0
8272.157  8.272  0   0  4 6.997e+01 6.997e-02  4 7.885e+02 7.885e-01  1  0   0  0   0   1         0
8287.492  8.287  0   0  3 1.337e+03 1.337e+00  0 6.386e+01 6.386e-02  1  0   0  0   0   1         0
8274.896  8.275  0   0  1 1.660e+02 1.660e-01  0 8.735e+02 8.735e-01  1  0   0  0   0   1         0
8271.123  8.271  0   0  2 1.924e+03 1.924e+00  2 9.466e+03 9.466e+00  1  0   0  0   0   1         0
8286.564  8.287  0   0  3 1.395e+03 1.395e+00  0 1.154e+04 1.154e+01  1  0   0  0   0   1         0
8296.308  8.296  0   0  5 3.178e+03 3.178e+00  0 5.009e+03 5.009e+00  1  0   0  0   0   1         0
8289.738  8.290  0   0  2 1.639e+03 1.639e+00  2 7.381e+03 7.381e+00  1  0   0  0   0   1         0
8286.885  8.287  0   0  2 5.397e+02 5.397e-01  2 7.325e+00 7.325e-03  1  0   0  0   0   1         0
8328.054  8.328  0   0  3 2.323e+03 2.323e+00  0 3.556e+02 3.556e-01  1  0   0  0   0   1         0
8324.514  8.325  0   0  2 3.139e+03 3.139e+00  2 5.916e+03 5.916e+00  1  0   0  0   0   1         0
8345.913  8.346  0   0  2 4.163e+03 4.163e+00  2 1.788e+04 1.788e+01  1  0   0  0   0   1         0
8317.642  8.318  0   0  3 9.185e+02 9.185e-01  0 3.117e+04 3.117e+01  1  0   0  0   0   1         0
8339.791  8.340  0   0  7 1.377e+03 1.377e+00  0 2.134e+04 2.134e+01  1  0   0  0   0   1         0
8336.141  8.336  0   0  5 1.895e+01 1.895e-02  0 3.785e+02 3.785e-01  1  0   0  0   0   1         0
8323.918  8.324  0   0  3 1.493e+01 1.493e-02  0 6.655e+03 6.655e+00  1  0   0  0   0   1         0
8338.776  8.339  0   0  2 6.095e+03 6.095e+00  2 2.087e+04 2.087e+01  1  0   0  0   0   1         0
8348.297  8.348  0   0  4 1.170e+04 1.170e+01  4 2.135e+04 2.135e+01  1  0   0  0   0   1         0
8310.071  8.310  0   0  3 5.009e+02 5.009e-01  0 2.640e+03 2.640e+00  1  0   0  0   0   1         0
8300.880  8.301  0   0  1 1.480e+03 1.480e+00  0 5.824e+03 5.824e+00  1  0   0  0   0   1         0
8341.110  8.341  0   0  1 1.739e+03 1.739e+00  0 3.104e+03 3.104e+00  1  0   0  0   0   1         0
8320.240  8.320  0   0  1 3.791e+03 3.791e+00  0 7.735e+00 7.735e-03  1  0   0  0   0   1         0
8327.283  8.327  0   0  3 5.615e+03 5.615e+00  0 3.189e+03 3.189e+00  1  0   0  0   0   1         0
8311.167  8.311  0   0  3 6.437e+03 6.437e+00  0 1.608e+02 1.608e-01  1  0   0  0   0   1         0
8342.123  8.342  0   0  2 3.941e+03 3.941e+00  2 9.882e+02 9.882e-01  1  0   0  0   0   1         0
8336.111  8.336  0   0  2 5.797e+03 5.797e+00  2 1.343e+02 1.343e-01  1  0   0  0   0   1         0
8347.679  8.348  0   0  5 9.017e+03 9.017e+00  0 5.669e+03 5.669e+00  1  0   0  0   0   1         0
8323.825  8.324  0   0  3 7.576e+02 7.576e-01  0 1.033e+04 1.033e+01  1  0   0  0   0   1         0
8348.834  8.349  0   0  6 1.600e+04 1.600e+01  6 7.350e+03 7.350e+00  1  0   0  0   0   1         0
8325.606  8.326  0   0  1 4.591e+01 4.591e-02  0 4.494e+02 4.494e-01  1  0   0  0   0   1         0
8331.130  8.331  0   0  2 9.481e+02 9.481e-01  2 1.507e-01 1.507e-04  1  0   0  0   0   1         0
8333.762  8.334  0   0  3 8.396e+03 8.396e+00  0 2.345e+04 2.345e+01  1  0   0  0   0   1         0
8324.552  8.325  0   0  1 1.446e+03 1.446e+00  0 8.885e+02 8.885e-01  1  0   0  0   0   1         0
8328.201  8.328  0   0  6 2.449e+04 2.449e+01  6 1.522e+04 1.522e+01  1  0   0  0   0   1         0
8311.209  8.311  0   0  3 2.235e+03 2.235e+00  0 6.596e+02 6.596e-01  1  0   0  0   0   1         0
8318.177  8.318  0   0  0 3.782e+03 3.782e+00  0 1.411e+04 1.411e+01  1  0   0  0   0   1         0
8335.152  8.335  0   0  4 5.928e+03 5.928e+00  4 3.371e+03 3.371e+00  1  0   0  0   0   1         0
8301.959  8.302  0   0  2 3.276e+03 3.276e+00  2 1.114e+03 1.114e+00  1  0   0  0   0   1         0
8335.073  8.335  0   0  6 2.213e+03 2.213e+00  6 3.343e+03 3.343e+00  1  0   0  0   0   1         0
8315.242  8.315  0   0  6 3.850e+03 3.850e+00  6 3.295e+03 3.295e+00  1  0   0  0   0   1         0
8313.642  8.314  0   0  1 4.083e+03 4.083e+00  0 1.509e+04 1.509e+01  1  0   0  0   0   1         0
8334.728  8.335  0   0  1 1.037e+00 1.037e-03  0 1.231e+04 1.231e+01  1  0   0  0   0   1         0
8310.790  8.311  0   0  2 1.328e+04 1.328e+01  2 1.406e+04 1.406e+01  1  0   0  0   0   1         0
8348.093  8.348  0   0  2 4.512e+03 4.512e+00  2 1.550e+04 1.550e+01  1  0   0  0   0   1         0
8349.536  8.350  0   0  3 1.955e+04 1.955e+01  0 3.325e+04 3.325e+01  1  0   0  0   0   1         0
8322.968  8.323  0   0  4 1.737e+04 1.737e+01  4 1.865e+04 1.865e+01  1  0   0  0   0   1         0
8320.132  8.320  0   0  2 1.301e+04 1.301e+01  2 2.995e+04 2.995e+01  1  0   0  0   0   1         0
8303.970  8.304  0   0  7 1.278e+04 1.278e+01  0 3.881e+04 3.881e+01  1  0   0  0   0   1         0
8338.954  8.339  0   0  4 6.884e+02 6.884e-01  4 8.366e+02 8.366e-01  1  0   0  0   0   1         0
8308.171  8.308  0   0  2 1.805e+02 1.805e-01  2 8.459e+03 8.459e+00  1  0   0  0   0   1         0
8346.668  8.347  0   0  5 8.216e+03 8.216e+00  0 2.585e+04 2.585e+01  1  0   0  0   0   1         0
8349.532  8.350  0   0  6 1.259e+02 1.259e-01  6 2.551e+04 2.551e+01  1  0   0  0   0   1         0
8306.148  8.306  0   0  0 4.000e+01 4.000e-02  0 3.833e+04 3.833e+01  1  0   0  0   0   1         0
8334.205  8.334  0   0  4 2.659e+03 2.659e+00  4 2.118e+04 2.118e+01  1  0   0  0   0   1         0
8323.362  8.323  0   0  4 1.075e+04 1.075e+01  4 6.943e+03 6.943e+00  1  0   0  0   0   1         0
8327.120  8.327  0   0  3 4.423e+03 4.423e+00  0 3.604e+04 3.604e+01  1  0   0  0   0   1         0
8309.016  8.309  0   0  0 2.673e+03 2.673e+00  0 2.653e+04 2.653e+01  1  0   0  0   0   1         0
8336.226  8.336  0   0  1 1.918e+04 1.918e+01  0 1.426e+03 1.426e+00  1  0   0  0   0   1         0
8308.366  8.308  0   0  1 8.542e+01 8.542e-02  0 8.014e+03 8.014e+00  1  0   0  0   0   1         0
8344.291  8.344  0   0  6 6.209e+02 6.209e-01  6 2.718e+02 2.718e-01  1  0   0  0   0   1         0
8322.761  8.323  0   0  1 1.726e+03 1.726e+00  0 1.985e+04 1.985e+01  1  0   0  0   0   1         0
8331.802  8.332  0   0  0 1.204e+04 1.204e+01  0 1.273e+04 1.273e+01  1  0   0  0   0   1         0
8346.108  8.346  0   0  1 2.390e+03 2.390e+00  0 1.338e+03 1.338e+00  1  0   0  0   0   1         0
8336.946  8.337  0   0  7 1.169e+03 1.169e+00  0 3.962e+03 3.962e+00  1  0   0  0   0   1         0
8327.105  8.327  0   0  2 2.125e+03 2.125e+00  2 7.242e+03 7.242e+00  1  0   0  0   0   1         0
8320.195  8.320  0   0  4 4.569e+02 4.569e-01  4 3.410e+03 3.410e+00  1  0   0  0   0   1         0
8323.169  8.323  0   0  4 3.809e+03 3.809e+00  4 3.062e+03 3.062e+00  1  0   0  0   0   1         0
8317.140  8.317  0   0  1 4.736e+02 4.736e-01  0 1.618e+04 1.618e+01  1  0   0  0   0   1         0
8347.322  8.347  0   0  2 4.145e+03 4.145e+00  2 2.804e+03 2.804e+00  1  0   0  0   0   1         0
8312.691  8.313  0   0  4 1.135e+02 1.135e-01  4 7.122e+03 7.122e+00  1  0   0  0   0   1         0
8320.528  8.321  0   0  4 2.257e+04 2.257e+01  4 6.193e+01 6.193e-02  1  0   0  0   0   1         0
8338.955  8.339  0   0  1 1.225e+03 1.225e+00  0 1.066e+04 1.066e+01  1  0   0  0   0   1         0
8318.276  8.318  0   0  3 4.224e+02 4.224e-01  0 5.035e+03 5.035e+00  1  0   0  0   0   1         0
8344.356  8.344  0   0  2 2.972e+02 2.972e-01  2 1.779e+03 1.779e+00  1  0   0  0   0   1         0
8312.200  8.312  0   0  3 9.113e+02 9.113e-01  0 4.764e+03 4.764e+00  1  0   0  0   0   1         0
8301.575  8.302  0   0  2 8.546e+03 8.546e+00  2 2.338e+04 2.338e+01  1  0   0  0   0   1         0
8385.957  8.386  0   0  0 3.917e+01 3.917e-02  0 2.035e+02 2.035e-01  1  0   0  0   0   1         0
8357.151  8.357  0   0  2 8.595e+02 8.595e-01  2 3.403e+00 3.403e-03  1  0   0  0   0   1         0
8352.607  8.353  0   0  5 8.587e+00 8.587e-03  0 1.499e+04 1.499e+01  1  0   0  0   0   1         0
8367.094  8.367  0   0  1 1.410e+04 1.410e+01  0 9.701e+03 9.701e+00  1  0   0  0   0   1         0
8374.816  8.375  0   0  2 5.014e+02 5.014e-01  2 1.603e+04 1.603e+01  1  0   0  0   0   1         0
8365.184  8.365  0   0  5 1.925e+03 1.925e+00  0 5.157e+01 5.157e-02  1  0   0  0   0   1         0
8387.158  8.387  0   0  0 5.570e+03 5.570e+00  0 2.213e+03 2.213e+00  1  0   0  0   0   1         0
8386.172  8.386  0   0  4 3.971e+03 3.971e+00  4 8.946e+03 8.946e+00  1  0   0  0   0   1         0
8398.603  8.399  0   0  2 7.131e+00 7.131e-03  2 3.997e+01 3.997e-02  1  0   0  0   0   1         0
8370.089  8.370  0   0  2 2.871e+02 2.871e-01  2 1.125e+04 1.125e+01  1  0   0  0   0   1         0
8389.328  8.389  0   0  6 7.413e+02 7.413e-01  6 6.508e+02 6.508e-01  1  0   0  0   0   1         0
8387.108  8.387  0   0  1 1.229e+04 1.229e+01  0 4.662e+03 4.662e+00  1  0   0  0   0   1         0
8399.440  8.399  0   0  2 6.102e+03 6.102e+00  2 1.460e+04 1.460e+01  1  0   0  0   0   1         0
8388.724  8.389  0   0  2 1.811e+03 1.811e+00  2 2.750e+03 2.750e+00  1  0   0  0   0   1         0
8364.230  8.364  0   0  1 4.693e+03 4.693e+00  0 1.634e+03 1.634e+00  1  0   0  0   0   1         0
8350.767  8.351  0   0  4 2.808e+02 2.808e-01  4 1.981e+02 1.981e-01  1  0   0  0   0   1         0
8398.416  8.398  0   0  6 1.299e+03 1.299e+00  6 4.123e+03 4.123e+00  1  0   0  0   0   1         0
8385.854  8.386  0   0  5 6.465e+00 6.465e-03  0 4.554e+03 4.554e+00  1  0   0  0   0   1         0
8390.668  8.391  0   0  6 1.038e+03 1.038e+00  6 2.244e+03 2.244e+00  1  0   0  0   0   1         0
8389.703  8.390  0   0  1 5.922e+03 5.922e+00  0 8.177e+02 8.177e-01  1  0   0  0   0   1         0
8386.836  8.387  0   0  4 6.131e+03 6.131e+00  4 1.432e+03 1.432e+00  1  0   0  0   0   1         0
8387.620  8.388  0   0  1 6.898e+02 6.898e-01  0 7.200e+03 7.200e+00  1  0   0  0   0   1         0
8396.489  8.396  0   0  0 3.893e-01 3.893e-04  0 7.229e+03 7.229e+00  1  0   0  0   0   1         0
8395.725  8.396  0   0  2 1.128e+03 1.128e+00  2 3.188e+03 3.188e+00  1  0   0  0   0   1         0
8369.020  8.369  0   0  2 9.946e+02 9.946e-01  2 1.614e+04 1.614e+01  1  0   0  0   0   1         0
8351.556  8.352  0   0  7 6.065e+02 6.065e-01  0 1.806e+03 1.806e+00  1  0   0  0   0   1         0
8351.943  8.352  0   0  5 2.132e+03 2.132e+00  0 1.352e+04 1.352e+01  1  0   0  0   0   1         0
8372.394  8.372  0   0  3 5.968e+03 5.968e+00  0 9.117e+03 9.117e+00  1  0   0  0   0   1         0
8391.783  8.392  0   0  1 9.430e+02 9.430e-01  0 1.572e+04 1.572e+01  1  0   0  0   0   1         0
8392.413  8.392  0   0  2 3.675e+00 3.675e-03  2 2.634e+02 2.634e-01  1  0   0  0   0   1         0
8370.280  8.370  0   0  3 3.438e+03 3.438e+00  0 7.057e+03 7.057e+00  1  0   0  0   0   1         0
8365.133  8.365  0   0  2 1.051e+01 1.051e-02  2 8.601e+00 8.601e-03  1  0   0  0   0   1         0
8375.392  8.375  0   0  4 1.869e+03 1.869e+00  4 3.342e+04 3.342e+01  1  0   0  0   0   1         0
8391.662  8.392  0   0  1 8.767e+02 8.767e-01  0 7.282e+03 7.282e+00  1  0   0  0   0   1         0
8381.883  8.382  0   0  6 8.490e+02 8.490e-01  6 2.113e+04 2.113e+01  1  0   0  0   0   1         0
8357.020  8.357  0   0  1 4.162e+02 4.162e-01  0 2.384e+03 2.384e+00  1  0   0  0   0   1         0
8368.170  8.368  0   0  3 1.879e+03 1.879e+00  0 3.760e+03 3.760e+00  1  0   0  0   0   1         0
8377.833  8.378  0   0  2 9.328e+01 9.328e-02  2 8.388e+02 8.388e-01  1  0   0  0   0   1         0
8376.975  8.377  0   0  2 3.696e+03 3.696e+00  2 8.007e+03 8.007e+00  1  0   0  0   0   1         0
8391.567  8.392  0   0  0 4.835e+03 4.835e+00  0 2.030e+02 2.030e-01  1  0   0  0   0   1         0
8396.624  8.397  0   0  0 4.875e+03 4.875e+00  0 4.566e+04 4.566e+01  1  0   0  0   0   1         0
8355.046  8.355  0   0  3 2.335e+03 2.335e+00  0 6.671e+03 6.671e+00  1  0   0  0   0   1         0
8361.264  8.361  0   0  3 1.151e+04 1.151e+01  0 7.418e+02 7.418e-01  1  0   0  0   0   1         0
8369.667  8.370  0   0  1 2.452e+02 2.452e-01  0 1.938e+02 1.938e-01  1  0   0  0   0   1         0
8364.872  8.365  0   0  5 3.317e+01 3.317e-02  0 9.076e+01 9.076e-02  1  0   0  0   0   1         0
8370.475  8.370  0   0  2 1.690e+02 1.690e-01  2 3.449e+04 3.449e+01  1  0   0  0   0   1         0
8437.452  8.437  0   0  2 1.864e+04 1.864e+01  2 5.807e+03 5.807e+00  1  0   0  0   0   1         0
8415.400  8.415  0   0  1 7.716e+02 7.716e-01  0 1.889e+01 1.889e-02  1  0   0  0   0   1         0
8441.482  8.441  0   0  5 9.704e+02 9.704e-01  0 1.812e+03 1.812e+00  1  0   0  0   0   1         0
8426.071  8.426  0   0  4 5.115e+02 5.115e-01  4 1.143e+04 1.143e+01  1  0   0  0   0   1         0
8413.632  8.414  0   0  3 9.131e+03 9.131e+00  0 3.042e+02 3.042e-01  1  0   0  0   0   1         0
8419.347  8.419  0   0  2 5.245e+03 5.245e+00  2 1.080e+04 1.080e+01  1  0   0  0   0   1         0
8415.113  8.415  0   0  5 3.749e+03 3.749e+00  0 1.934e+03 1.934e+00  1  0   0  0   0   1         0
8423.372  8.423  0   0  2 5.937e+03 5.937e+00  2 7.721e-01 7.721e-04  1  0   0  0   0   1         0
8439.109  8.439  0   0  3 3.766e+03 3.766e+00  0 1.883e+04 1.883e+01  1  0   0  0   0   1         0
8424.305  8.424  0   0  4 3.518e+03 3.518e+00  4 1.010e+04 1.010e+01  1  0   0  0   0   1         0
8413.442  8.413  0   0  3 4.111e+03 4.111e+00  0 9.765e+02 9.765e-01  1  0   0  0   0   1         0
8404.390  8.404  0   0  1 1.571e+01 1.571e-02  0 4.899e-01 4.899e-04  1  0   0  0   0   1         0
8442.818  8.443  0   0  2 1.663e+03 1.663e+00  2 7.614e+01 7.614e-02  1  0   0  0   0   1         0
8420.929  8.421  0   0  1 9.009e+02 9.009e-01  0 2.579e+03 2.579e+00  1  0   0  0   0   1         0
8422.157  8.422  0   0  2 2.549e+02 2.549e-01  2 4.661e+03 4.661e+00  1  0   0  0   0   1         0
8438.231  8.438  0   0  4 5.492e+03 5.492e+00  4 4.624e+04 4.624e+01  1  0   0  0   0   1         0
8442.518  8.443  0   0  4 1.507e+03 1.507e+00  4 5.975e+03 5.975e+00  1  0   0  0   0   1         0
8425.619  8.426  0   0  0 3.181e+03 3.181e+00  0 1.891e+04 1.891e+01  1  0   0  0   0   1         0
8431.676  8.432  0   0  5 2.100e+00 2.100e-03  0 3.046e+03 3.046e+00  1  0   0  0   0   1         0
8412.003  8.412  0   0  2 4.494e+02 4.494e-01  2 1.824e+04 1.824e+01  1  0   0  0   0   1         0
8446.768  8.447  0   0  4 5.395e+03 5.395e+00  4 2.870e+04 2.870e+01  1  0   0  0   0   1         0
8428.457  8.428  0   0  5 8.662e+03 8.662e+00  0 1.012e+02 1.012e-01  1  0   0  0   0   1         0
8436.030  8.436  0   0  2 3.477e+03 3.477e+00  2 2.152e+03 2.152e+00  1  0   0  0   0   1         0
8405.736  8.406  0   0  1 3.210e+02 3.210e-01  0 1.624e+04 1.624e+01  1  0   0  0   0   1         0
8431.903  8.432  0   0  1 1.343e+04 1.343e+01  0 2.012e+04 2.012e+01  1  0   0  0   0   1         0
8418.505  8.419  0   0  2 2.482e+03 2.482e+00  2 1.898e+02 1.898e-01  1  0   0  0   0   1         0
8422.564  8.423  0   0  4 1.175e+03 1.175e+00  4 1.656e+03 1.656e+00  1  0   0  0   0   1         0
8434.162  8.434  0   0  3 2.760e+03 2.760e+00  0 9.481e+03 9.481e+00  1  0   0  0   0   1         0
8439.856  8.440  0   0  4 3.751e+03 3.751e+00  4 1.938e+04 1.938e+01  1  0   0  0   0   1         0
8417.525  8.418  0   0  6 2.342e+03 2.342e+00  6 1.044e+03 1.044e+00  1  0   0  0   0   1         0
8443.689  8.444  0   0  4 7.043e+02 7.043e-01  4 9.601e+03 9.601e+00  1  0   0  0   0   1         0
8410.992  8.411  0   0  3 8.543e+03 8.543e+00  0 9.796e+03 9.796e+00  1  0   0  0   0   1         0
8428.206  8.428  0   0  2 2.812e+03 2.812e+00  2 4.985e+04 4.985e+01  1  0   0  0   0   1         0
8407.595  8.408  0   0  1 1.653e+03 1.653e+00  0 1.006e+03 1.006e+00  1  0   0  0   0   1         0
8414.513  8.415  0   0  5 2.191e+03 2.191e+00  0 3.211e+01 3.211e-02  1  0   0  0   0   1         0
8444.794  8.445  0   0  3 1.437e+04 1.437e+01  0 4.791e+02 4.791e-01  1  0   0  0   0   1         0
8400.581  8.401  0   0  1 2.154e+04 2.154e+01  0 2.029e+04 2.029e+01  1  0   0  0   0   1         0
8445.800  8.446  0   0  1 2.164e+03 2.164e+00  0 3.227e+04 3.227e+01  1  0   0  0   0   1         0
8416.475  8.416  0   0  5 1.842e+04 1.842e+01  0 4.521e-01 4.521e-04  1  0   0  0   0   1         0
8434.842  8.435  0   0  4 9.305e+02 9.305e-01  4 3.848e+03 3.848e+00  1  0   0  0   0   1         0
8404.607  8.405  0   0  2 1.682e+04 1.682e+01  2 2.325e+03 2.325e+00  1  0   0  0   0   1         0
8432.120  8.432  0   0  2 1.021e+03 1.021e+00  2 1.867e+02 1.867e-01  1  0   0  0   0   1         0
8445.493  8.445  0   0  3 7.922e+02 7.922e-01  0 9.764e+02 9.764e-01  1  0   0  0   0   1         0
8427.821  8.428  0   0  0 6.115e+03 6.115e+00  0 3.524e+03 3.524e+00  1  0   0  0   0   1         0
8418.163  8.418  0   0  1 1.358e+04 1.358e+01  0 2.669e+04 2.669e+01  1  0   0  0   0   1         0
8439.719  8.440  0   0  2 5.055e+02 5.055e-01  2 7.035e+03 7.035e+00  1  0   0  0   0   1         0
8435.687  8.436  0   0  1 9.155e+02 9.155e-01  0 5.669e+04 5.669e+01  1  0   0  0   0   1         0
8405.910  8.406  0   0  0 7.892e+02 7.892e-01  0 4.657e+03 4.657e+00  1  0   0  0   0   1         0
8433.340  8.433  0   0  3 1.123e+03 1.123e+00  0 2.656e+03 2.656e+00  1  0   0  0   0   1         0
8433.288  8.433  0   0  0 1.994e+02 1.994e-01  0 3.432e+03 3.432e+00  1  0   0  0   0   1         0
8437.642  8.438  0   0  5 1.618e+00 1.618e-03  0 6.595e+03 6.595e+00  1  0   0  0   0   1         0
8415.869  8.416  0   0  4 1.569e+04 1.569e+01  4 6.444e+03 6.444e+00  1  0   0  0   0   1         0
8420.123  8.420  0   0  4 8.385e+01 8.385e-02  4 1.775e+04 1.775e+01  1  0   0  0   0   1         0
8448.011  8.448  0   0  3 1.031e+04 1.031e+01  0 7.294e+02 7.294e-01  1  0   0  0   0   1         0
8428.733  8.429  0   0  3 1.459e+03 1.459e+00  0 3.632e+03 3.632e+00  1  0   0  0   0   1         0
8425.487  8.425  0   0  5 8.461e+03 8.461e+00  0 7.457e+02 7.457e-01  1  0   0  0   0   1         0
8449.346  8.449  0   0  1 2.411e+03 2.411e+00  0 3.399e+03 3.399e+00  1  0   0  0   0   1         0
8411.522  8.412  0   0  1 8.190e+02 8.190e-01  0 2.555e+04 2.555e+01  1  0   0  0   0   1         0
8419.956  8.420  0   0  7 9.036e+01 9.036e-02  0 4.145e+03 4.145e+00  1  0   0  0   0   1         0
8438.039  8.438  0   0  4 7.680e+03 7.680e+00  4 6.067e+03 6.067e+00  1  0   0  0   0   1         0
8435.706  8.436  0   0  1 8.416e+03 8.416e+00  0 3.796e+02 3.796e-01  1  0   0  0   0   1         0
8448.343  8.448  0   0  5 7.433e+03 7.433e+00  0 3.773e+02 3.773e-01  1  0   0  0   0   1         0
8432.771  8.433  0   0  1 1.154e+02 1.154e-01  0 5.594e-01 5.594e-04  1  0   0  0   0   1         0
8477.071  8.477  0   0  2 1.265e+04 1.265e+01  2 7.230e+03 7.230e+00  1  0   0  0   0   1         0
8453.926  8.454  0   0  4 4.738e+03 4.738e+00  4 2.608e+04 2.608e+01  1  0   0  0   0   1         0
8477.240  8.477  0   0  9 3.019e+03 3.019e+00  0 2.074e+04 2.074e+01  1  0   0  0   0   1         0
8452.717  8.453  0   0  1 2.625e+03 2.625e+00  0 3.084e+04 3.084e+01  1  0   0  0   0   1         0
8453.551  8.454  0   0  6 1.163e+01 1.163e-02  6 1.619e+04 1.619e+01  1  0   0  0   0   1         0
8474.334  8.474  0   0  0 4.846e+03 4.846e+00  0 4.458e+02 4.458e-01  1  0   0  0   0   1         0
8475.052  8.475  0   0  4 3.156e+02 3.156e-01  4 7.080e+04 7.080e+01  1  0   0  0   0   1         0
8467.005  8.467  0   0  3 2.516e+03 2.516e+00  0 3.855e+03 3.855e+00  1  0   0  0   0   1         0
8481.146  8.481  0   0  1 1.071e+02 1.071e-01  0 7.246e+02 7.246e-01  1  0   0  0   0   1         0
8469.426  8.469  0   0  5 1.338e+02 1.338e-01  0 3.363e+03 3.363e+00  1  0   0  0   0   1         0
8479.407  8.479  0   0  0 3.327e-06 3.327e-09  0 2.282e+03 2.282e+00  1  0   0  0   0   1         0
8467.545  8.468  0   0  1 2.705e+03 2.705e+00  0 7.319e+03 7.319e+00  1  0   0  0   0   1         0
8485.798  8.486  0   0  2 1.406e+04 1.406e+01  2 4.042e+03 4.042e+00  1  0   0  0   0   1         0
8479.024  8.479  0   0  3 1.175e+00 1.175e-03  0 4.848e+04 4.848e+01  1  0   0  0   0   1         0
8458.035  8.458  0   0  3 7.109e+03 7.109e+00  0 1.014e+04 1.014e+01  1  0   0  0   0   1         0
8484.366  8.484  0   0  4 3.194e+03 3.194e+00  4 6.928e+02 6.928e-01  1  0   0  0   0   1         0
8489.238  8.489  0   0  3 8.105e+02 8.105e-01  0 9.591e+02 9.591e-01  1  0   0  0   0   1         0
8453.309  8.453  0   0  2 4.334e+03 4.334e+00  2 2.139e+04 2.139e+01  1  0   0  0   0   1         0
8480.556  8.481  0   0  1 9.795e+03 9.795e+00  0 1.448e+04 1.448e+01  1  0   0  0   0   1         0
8489.562  8.490  0   0  5 5.720e+02 5.720e-01  0 6.938e+03 6.938e+00  1  0   0  0   0   1         0
8455.758  8.456  0   0  3 8.282e+02 8.282e-01  0 3.882e+03 3.882e+00  1  0   0  0   0   1         0
8495.104  8.495  0   0  5 3.056e+03 3.056e+00  0 2.089e+03 2.089e+00  1  0   0  0   0   1         0
8470.799  8.471  0   0  2 2.316e+02 2.316e-01  2 5.605e+03 5.605e+00  1  0   0  0   0   1         0
8486.939  8.487  0   0  2 1.031e+03 1.031e+00  2 3.836e+03 3.836e+00  1  0   0  0   0   1         0
8494.975  8.495  0   0  3 5.113e+03 5.113e+00  0 1.470e+04 1.470e+01  1  0   0  0   0   1         0
8499.484  8.499  0   0  3 2.198e+03 2.198e+00  0 4.410e+04 4.410e+01  1  0   0  0   0   1         0
8479.256  8.479  0   0  0 1.719e+03 1.719e+00  0 1.027e+02 1.027e-01  1  0   0  0   0   1         0
8485.265  8.485  0   0  3 4.061e+02 4.061e-01  0 1.019e+03 1.019e+00  1  0   0  0   0   1         0
8462.631  8.463  0   0  2 3.343e+03 3.343e+00  2 1.700e+03 1.700e+00  1  0   0  0   0   1         0
8464.553  8.465  0   0  5 2.727e+03 2.727e+00  0 1.170e+04 1.170e+01  1  0   0  0   0   1         0
8492.569  8.493  0   0  3 1.973e+03 1.973e+00  0 1.860e+01 1.860e-02  1  0   0  0   0   1         0
8469.971  8.470  0   0  0 1.548e+03 1.548e+00  0 9.054e+03 9.054e+00  1  0   0  0   0   1         0
8491.157  8.491  0   0  1 4.342e+03 4.342e+00  0 2.131e+04 2.131e+01  1  0   0  0   0   1         0
8452.542  8.453  0   0  1 1.178e+03 1.178e+00  0 4.568e+03 4.568e+00  1  0   0  0   0   1         0
8460.955  8.461  0   0  1 4.654e+03 4.654e+00  0 9.667e+03 9.667e+00  1  0   0  0   0   1         0
8458.539  8.459  0   0  2 3.957e+02 3.957e-01  2 4.995e+00 4.995e-03  1  0   0  0   0   1         0
8476.414  8.476  0   0  5 1.716e+02 1.716e-01  0 1.336e+03 1.336e+00  1  0   0  0   0   1         0
8454.045  8.454  0   0  5 6.364e+03 6.364e+00  0 1.200e+03 1.200e+00  1  0   0  0   0   1         0
8467.249  8.467  0   0  5 5.219e+03 5.219e+00  0 1.343e+03 1.343e+00  1  0   0  0   0   1         0
8499.316  8.499  0   0  4 1.312e+04 1.312e+01  4 2.384e+04 2.384e+01  1  0   0  0   0   1         0
8489.751  8.490  0   0  1 1.187e+03 1.187e+00  0 3.352e+02 3.352e-01  1  0   0  0   0   1         0
8488.074  8.488  0   0  8 1.474e+04 1.474e+01  8 1.709e+04 1.709e+01  1  0   0  0   0   1         0
8456.784  8.457  0   0  3 2.553e+03 2.553e+00  0 1.545e+03 1.545e+00  1  0   0  0   0   1         0
8468.285  8.468  0   0  4 2.181e+03 2.181e+00  4 4.484e+03 4.484e+00  1  0   0  0   0   1         0
8484.082  8.484  0   0  3 7.553e+03 7.553e+00  0 1.369e+03 1.369e+00  1  0   0  0   0   1         0
8451.086  8.451  0   0  6 4.797e+02 4.797e-01  6 4.073e+02 4.073e-01  1  0   0  0   0   1         0
8471.759  8.472  0   0  1 3.281e+03 3.281e+00  0 8.011e+02 8.011e-01  1  0   0  0   0   1         0
8496.446  8.496  0   0  5 4.711e+03 4.711e+00  0 6.231e+03 6.231e+00  1  0   0  0   0   1         0
8454.135  8.454  0   0  3 1.457e+03 1.457e+00  0 4.720e+04 4.720e+01  1  0   0  0   0   1         0
8495.334  8.495  0   0  1 3.479e+03 3.479e+00  0 2.700e+03 2.700e+00  1  0   0  0   0   1         0
8459.765  8.460  0   0  3 8.163e+02 8.163e-01  0 2.926e+03 2.926e+00  1  0   0  0   0   1         0
8459.493  8.459  0   0  0 9.093e+03 9.093e+00  0 1.124e+03 1.124e+00  1  0   0  0   0   1         0
8459.810  8.460  0   0  3 2.463e+03 2.463e+00  0 3.826e+04 3.826e+01  1  0   0  0   0   1         0
8496.578  8.497  0   0  7 9.722e+02 9.722e-01  0 1.656e+01 1.656e-02  1  0   0  0   0   1         0
8480.246  8.480  0   0  3 8.382e+02 8.382e-01  0 4.528e+01 4.528e-02  1  0   0  0   0   1         0
8487.585  8.488  0   0  4 9.783e+01 9.783e-02  4 1.477e+04 1.477e+01  1  0   0  0   0   1         0
8544.329  8.544  0   0  2 1.344e+04 1.344e+01  2 3.585e+04 3.585e+01  1  0   0  0   0   1         0
8547.739  8.548  0   0  6 3.952e+02 3.952e-01  6 8.121e+03 8.121e+00  1  0   0  0   0   1         0
8501.742  8.502  0   0  1 9.238e+03 9.238e+00  0 8.134e+03 8.134e+00  1  0   0  0   0   1         0
8534.007  8.534  0   0  1 3.431e+03 3.431e+00  0 1.183e+03 1.183e+00  1  0   0  0   0   1         0
8511.903  8.512  0   0  3 1.214e+03 1.214e+00  0 6.728e-01 6.728e-04  1  0   0  0   0   1         0
8520.468  8.520  0   0  0 4.221e+02 4.221e-01  0 1.241e+04 1.241e+01  1  0   0  0   0   1         0
8531.215  8.531  0   0  4 2.156e+02 2.156e-01  4 4.684e+04 4.684e+01  1  0   0  0   0   1         0
8535.663  8.536  0   0  4 4.160e+03 4.160e+00  4 3.021e+03 3.021e+00  1  0   0  0   0   1         0
8542.042  8.542  0   0  4 1.700e+03 1.700e+00  4 5.662e+01 5.662e-02  1  0   0  0   0   1         0
8535.320  8.535  0   0  5 4.694e+02 4.694e-01  0 1.021e+03 1.021e+00  1  0   0  0   0   1         0
8538.912  8.539  0   0  4 3.083e+03 3.083e+00  4 6.244e+04 6.244e+01  1  0   0  0   0   1         0
8530.012  8.530  0   0  1 7.716e+01 7.716e-02  0 1.162e+03 1.162e+00  1  0   0  0   0   1         0
8505.878  8.506  0   0  5 3.770e+03 3.770e+00  0 5.328e+04 5.328e+01  1  0   0  0   0   1         0
8501.077  8.501  0   0  4 1.707e+03 1.707e+00  4 2.926e+03 2.926e+00  1  0   0  0   0   1         0
8526.550  8.527  0   0  0 1.108e+04 1.108e+01  0 1.305e+04 1.305e+01  1  0   0  0   0   1         0
8535.826  8.536  0   0  5 4.312e+03 4.312e+00  0 1.782e+03 1.782e+00  1  0   0  0   0   1         0
8505.467  8.505  0   0  2 1.543e+02 1.543e-01  2 3.978e+03 3.978e+00  1  0   0  0   0   1         0
8521.524  8.522  0   0  4 1.584e+03 1.584e+00  4 2.378e+04 2.378e+01  1  0   0  0   0   1         0
8512.855  8.513  0   0  4 1.975e+04 1.975e+01  4 5.648e+03 5.648e+00  1  0   0  0   0   1         0
8528.414  8.528  0   0  5 9.370e+03 9.370e+00  0 8.068e+03 8.068e+00  1  0   0  0   0   1         0
8519.583  8.520  0   0  5 1.398e+02 1.398e-01  0 1.009e+04 1.009e+01  1  0   0  0   0   1         0
8510.112  8.510  0   0  2 1.020e+03 1.020e+00  2 2.599e+04 2.599e+01  1  0   0  0   0   1         0
8500.221  8.500  0   0  6 2.522e+04 2.522e+01  6 1.809e+02 1.809e-01  1  0   0  0   0   1         0
8516.129  8.516  0   0  3 1.301e+03 1.301e+00  0 2.219e+03 2.219e+00  1  0   0  0   0   1         0
8525.869  8.526  0   0  3 1.207e+01 1.207e-02  0 1.469e+04 1.469e+01  1  0   0  0   0   1         0
8546.476  8.546  0   0  3 4.304e+02 4.304e-01  0 1.646e+01 1.646e-02  1  0   0  0   0   1         0
8511.416  8.511  0   0  2 2.831e+03 2.831e+00  2 1.248e+03 1.248e+00  1  0   0  0   0   1         0
8525.673  8.526  0   0  8 8.767e+03 8.767e+00  8 1.255e+04 1.255e+01  1  0   0  0   0   1         0
8528.384  8.528  0   0  3 1.459e+04 1.459e+01  0 4.207e+04 4.207e+01  1  0   0  0   0   1         0
8532.517  8.533  0   0  2 8.098e+01 8.098e-02  2 2.057e+02 2.057e-01  1  0   0  0   0   1         0
8516.482  8.516  0   0  1 8.116e+02 8.116e-01  0 1.580e+04 1.580e+01  1  0   0  0   0   1         0
8504.996  8.505  0   0  1 4.747e+02 4.747e-01  0 1.085e+04 1.085e+01  1  0   0  0   0   1         0
8546.085  8.546  0   0  1 2.025e+03 2.025e+00  0 1.286e+02 1.286e-01  1  0   0  0   0   1         0
8547.649  8.548  0   0  5 4.735e+03 4.735e+00  0 3.775e+02 3.775e-01  1  0   0  0   0   1         0
8521.971  8.522  0   0  2 8.392e+03 8.392e+00  2 1.835e+03 1.835e+00  1  0   0  0   0   1         0
8529.088  8.529  0   0  3 3.224e+01 3.224e-02  0 9.987e+02 9.987e-01  1  0   0  0   0   1         0
8501.458  8.501  0   0  6 4.759e+01 4.759e-02  6 8.933e+04 8.933e+01  1  0   0  0   0   1         0
8502.372  8.502  0   0  3 4.710e+03 4.710e+00  0 7.991e+02 7.991e-01  1  0   0  0   0   1         0
8503.851  8.504  0   0  2 1.027e+03 1.027e+00  2 2.380e+04 2.380e+01  1  0   0  0   0   1         0
8536.984  8.537  0   0  1 4.842e-01 4.842e-04  0 8.348e+04 8.348e+01  1  0   0  0   0   1         0
8511.404  8.511  0   0  1 2.107e+03 2.107e+00  0 1.547e+04 1.547e+01  1  0   0  0   0   1         0
8509.259  8.509  0   0  4 3.684e+03 3.684e+00  4 1.370e+03 1.370e+00  1  0   0  0   0   1         0
8500.419  8.500  0   0  3 5.739e+03 5.739e+00  0 2.429e+04 2.429e+01  1  0   0  0   0   1         0
8501.150  8.501  0   0  2 2.629e+01 2.629e-02  2 2.304e+01 2.304e-02  1  0   0  0   0   1         0
8520.328  8.520  0   0  4 1.286e+04 1.286e+01  4 5.132e+03 5.132e+00  1  0   0  0   0   1         0
8527.144  8.527  0   0  1 6.159e+03 6.159e+00  0 6.625e+03 6.625e+00  1  0   0  0   0   1         0
8529.012  8.529  0   0  1 1.439e+04 1.439e+01  0 1.893e+01 1.893e-02  1  0   0  0   0   1         0
8522.956  8.523  0   0  4 4.160e-01 4.160e-04  4 2.227e+02 2.227e-01  1  0   0  0   0   1         0
8523.038  8.523  0   0  9 2.660e+02 2.660e-01  0 2.587e+04 2.587e+01  1  0   0  0   0   1         0
8537.702  8.538  0   0  3 1.216e+04 1.216e+01  0 1.333e+04 1.333e+01  1  0   0  0   0   1         0
8514.529  8.515  0   0  0 7.642e+02 7.642e-01  0 3.175e+03 3.175e+00  1  0   0  0   0   1         0
8511.930  8.512  0   0  2 7.877e+02 7.877e-01  2 3.519e+02 3.519e-01  1  0   0  0   0   1         0
8542.746  8.543  0   0  2 7.421e+02 7.421e-01  2 2.407e+04 2.407e+01  1  0   0  0   0   1         0
8534.515  8.535  0   0  1 2.927e+03 2.927e+00  0 3.462e+03 3.462e+00  1  0   0  0   0   1         0
8523.904  8.524  0   0  9 2.939e+03 2.939e+00  0 4.085e+04 4.085e+01  1  0   0  0   0   1         0
8513.819  8.514  0   0  1 2.084e+02 2.084e-01  0 2.901e+04 2.901e+01  1  0   0  0   0   1         0
8506.858  8.507  0   0  1 5.372e+03 5.372e+00  0 1.182e+04 1.182e+01  1  0   0  0   0   1         0
8501.880  8.502  0   0  1 3.555e-02 3.555e-05  0 1.137e+04 1.137e+01  1  0   0  0   0   1         0
8542.649  8.543  0   0  4 2.479e+02 2.479e-01  4 1.964e+04 1.964e+01  1  0   0  0   0   1         0
8529.728  8.530  0   0  5 1.238e+03 1.238e+00  0 1.347e+03 1.347e+00  1  0   0  0   0   1         0
8502.302  8.502  0   0  1 2.146e+02 2.146e-01  0 9.748e+03 9.748e+00  1  0   0  0   0   1         0
8507.962  8.508  0   0  2 1.532e+03 1.532e+00  2 6.514e+03 6.514e+00  1  0   0  0   0   1         0
8514.027  8.514  0   0  3 4.611e+03 4.611e+00  0 4.494e+02 4.494e-01  1  0   0  0   0   1         0
8555.681  8.556  0   0  7 8.243e+02 8.243e-01  0 1.799e+04 1.799e+01  1  0   0  0   0   1         0
8572.097  8.572  0   0  2 5.060e+02 5.060e-01  2 9.256e+03 9.256e+00  1  0   0  0   0   1         0
8594.388  8.594  0   0  0 6.031e+03 6.031e+00  0 5.776e+04 5.776e+01  1  0   0  0   0   1         0
8574.107  8.574  0   0  3 3.961e+03 3.961e+00  0 2.234e+03 2.234e+00  1  0   0  0   0   1         0
8572.867  8.573  0   0  2 8.293e+03 8.293e+00  2 8.274e+02 8.274e-01  1  0   0  0   0   1         0
8560.506  8.561  0   0  4 3.992e+03 3.992e+00  4 1.475e+03 1.475e+00  1  0   0  0   0   1         0
8565.562  8.566  0   0  0 6.111e+03 6.111e+00  0 3.364e+04 3.364e+01  1  0   0  0   0   1         0
8596.844  8.597  0   0  4 1.315e+02 1.315e-01  4 1.107e+04 1.107e+01  1  0   0  0   0   1         0
8565.201  8.565  0   0  4 2.898e+03 2.898e+00  4 2.471e+04 2.471e+01  1  0   0  0   0   1         0
8586.616  8.587  0   0  5 1.245e+03 1.245e+00  0 1.599e+04 1.599e+01  1  0   0  0   0   1         0
8552.117  8.552  0   0  1 4.629e+01 4.629e-02  0 5.043e+02 5.043e-01  1  0   0  0   0   1         0
8556.443  8.556  0   0  2 8.480e+01 8.480e-02  2 2.308e+04 2.308e+01  1  0   0  0   0   1         0
8565.625  8.566  0   0  2 6.236e+02 6.236e-01  2 2.355e+03 2.355e+00  1  0   0  0   0   1         0
8595.092  8.595  0   0  6 6.237e+03 6.237e+00  6 3.518e+02 3.518e-01  1  0   0  0   0   1         0
8561.006  8.561  0   0  6 5.475e+01 5.475e-02  6 6.275e+02 6.275e-01  1  0   0  0   0   1         0
8586.385  8.586  0   0  1 3.362e+03 3.362e+00  0 5.714e+03 5.714e+00  1  0   0  0   0   1         0
8558.410  8.558  0   0  3 4.758e+03 4.758e+00  0 1.120e+04 1.120e+01  1  0   0  0   0   1         0
8580.699  8.581  0   0  4 1.383e+02 1.383e-01  4 2.893e+03 2.893e+00  1  0   0  0   0   1         0
8579.400  8.579  0   0  1 5.149e+03 5.149e+00  0 1.584e+03 1.584e+00  1  0   0  0   0   1         0
8581.154  8.581  0   0  4 2.288e+04 2.288e+01  4 5.635e+02 5.635e-01  1  0   0  0   0   1         0
8564.363  8.564  0   0  5 7.467e+02 7.467e-01  0 2.718e+03 2.718e+00  1  0   0  0   0   1         0
8558.138  8.558  0   0  4 8.283e+02 8.283e-01  4 1.449e+04 1.449e+01  1  0   0  0   0   1         0
8594.348  8.594  0   0  3 2.273e+03 2.273e+00  0 1.397e+03 1.397e+00  1  0   0  0   0   1         0
8578.531  8.579  0   0  7 1.140e+03 1.140e+00  0 8.353e+03 8.353e+00  1  0   0  0   0   1         0
8560.642  8.561  0   0  4 3.897e+03 3.897e+00  4 2.972e+03 2.972e+00  1  0   0  0   0   1         0
8570.725  8.571  0   0  1 3.594e+02 3.594e-01  0 1.387e+04 1.387e+01  1  0   0  0   0   1         0
8553.370  8.553  0   0  2 2.826e+01 2.826e-02  2 2.760e+04 2.760e+01  1  0   0  0   0   1         0
8573.829  8.574  0   0  5 2.158e+03 2.158e+00  0 8.856e+02 8.856e-01  1  0   0  0   0   1         0
8571.253  8.571  0   0  3 1.363e+03 1.363e+00  0 1.636e+04 1.636e+01  1  0   0  0   0   1         0
8556.664  8.557  0   0  1 5.954e+03 5.954e+00  0 1.782e+03 1.782e+00  1  0   0  0   0   1         0
8572.278  8.572  0   0  3 9.282e+02 9.282e-01  0 1.847e+03 1.847e+00  1  0   0  0   0   1         0
8582.032  8.582  0   0  2 1.840e+02 1.840e-01  2 1.408e+04 1.408e+01  1  0   0  0   0   1         0
8596.440  8.596  0   0  3 5.388e+03 5.388e+00  0 9.810e+03 9.810e+00  1  0   0  0   0   1         0
8585.209  8.585  0   0  0 7.561e+02 7.561e-01  0 3.018e+03 3.018e+00  1  0   0  0   0   1         0
8575.182  8.575  0   0  1 2.654e+03 2.654e+00  0 4.432e+01 4.432e-02  1  0   0  0   0   1         0
8588.545  8.589  0   0  1 9.127e+03 9.127e+00  0 1.975e+04 1.975e+01  1  0   0  0   0   1         0
8564.045  8.564  0   0  6 1.600e+01 1.600e-02  6 1.050e+02 1.050e-01  1  0   0  0   0   1         0
8583.492  8.583  0   0  5 3.667e+03 3.667e+00  0 6.082e+03 6.082e+00  1  0   0  0   0   1         0
8550.254  8.550  0   0  7 7.575e+01 7.575e-02  0 1.209e+04 1.209e+01  1  0   0  0   0   1         0
8553.644  8.554  0   0  2 1.332e+03 1.332e+00  2 9.016e+03 9.016e+00  1  0   0  0   0   1         0
8581.270  8.581  0   0  0 1.012e+03 1.012e+00  0 2.053e+04 2.053e+01  1  0   0  0   0   1         0
8559.665  8.560  0   0  3 6.188e+04 6.188e+01  0 2.628e+04 2.628e+01  1  0   0  0   0   1         0
8584.488  8.584  0   0  1 3.531e+04 3.531e+01  0 9.757e+02 9.757e-01  1  0   0  0   0   1         0
8581.893  8.582  0   0  4 1.450e-01 1.450e-04  4 9.476e+02 9.476e-01  1  0   0  0   0   1         0
8553.198  8.553  0   0  5 1.595e+04 1.595e+01  0 5.260e+02 5.260e-01  1  0   0  0   0   1         0
8569.682  8.570  0   0  4 9.396e+02 9.396e-01  4 2.186e+03 2.186e+00  1  0   0  0   0   1         0
8580.707  8.581  0   0  3 4.829e+03 4.829e+00  0 8.601e+03 8.601e+00  1  0   0  0   0   1         0
8585.723  8.586  0   0  4 4.135e+03 4.135e+00  4 3.666e+03 3.666e+00  1  0   0  0   0   1         0
8590.840  8.591  0   0  0 1.162e+04 1.162e+01  0 5.408e+03 5.408e+00  1  0   0  0   0   1         0
8566.575  8.567  0   0  4 1.794e+02 1.794e-01  4 1.160e+03 1.160e+00  1  0   0  0   0   1         0
8591.869  8.592  0   0  2 3.926e+03 3.926e+00  2 1.669e+04 1.669e+01  1  0   0  0   0   1         0
8567.768  8.568  0   0  2 1.161e+04 1.161e+01  2 9.720e+02 9.720e-01  1  0   0  0   0   1         0
8550.351  8.550  0   0  2 5.475e+03 5.475e+00  2 2.854e+04 2.854e+01  1  0   0  0   0   1         0
8580.557  8.581  0   0  1 2.797e+00 2.797e-03  0 2.095e+03 2.095e+00  1  0   0  0   0   1         0
8562.128  8.562  0   0  1 4.974e+03 4.974e+00  0 6.042e+02 6.042e-01  1  0   0  0   0   1         0
8556.245  8.556  0   0  4 6.533e+02 6.533e-01  4 4.128e+03 4.128e+00  1  0   0  0   0   1         0
8562.964  8.563  0   0  2 1.905e+02 1.905e-01  2 2.834e+04 2.834e+01  1  0   0  0   0   1         0
8591.430  8.591  0   0  7 1.039e+02 1.039e-01  0 7.424e+03 7.424e+00  1  0   0  0   0   1         0
8595.719  8.596  0   0  1 1.790e+02 1.790e-01  0 1.658e+03 1.658e+00  1  0   0  0   0   1         0
8641.064  8.641  0   0  2 1.486e+03 1.486e+00  2 2.735e+03 2.735e+00  1  0   0  0   0   1         0
8603.860  8.604  0   0  0 1.560e+03 1.560e+00  0 2.431e+04 2.431e+01  1  0   0  0   0   1         0
8642.256  8.642  0   0  7 4.793e+03 4.793e+00  0 1.964e+02 1.964e-01  1  0   0  0   0   1         0
8601.888  8.602  0   0  4 9.805e+03 9.805e+00  4 1.380e+04 1.380e+01  1  0   0  0   0   1         0
8644.963  8.645  0   0  0 2.661e+01 2.661e-02  0 4.781e+03 4.781e+00  1  0   0  0   0   1         0
8648.786  8.649  0   0  0 2.952e+03 2.952e+00  0 9.088e+01 9.088e-02  1  0   0  0   0   1         0
8633.426  8.633  0   0  4 1.862e+04 1.862e+01  4 3.089e+03 3.089e+00  1  0   0  0   0   1         0
8649.216  8.649  0   0  5 5.796e+03 5.796e+00  0 2.990e+02 2.990e-01  1  0   0  0   0   1         0
8641.134  8.641  0   0  2 1.218e+04 1.218e+01  2 5.704e+01 5.704e-02  1  0   0  0   0   1         0
8602.228  8.602  0   0  4 2.256e+03 2.256e+00  4 2.407e+01 2.407e-02  1  0   0  0   0   1         0
8600.191  8.600  0   0  3 1.334e+03 1.334e+00  0 6.238e+04 6.238e+01  1  0   0  0   0   1         0
8601.045  8.601  0   0  2 2.663e+03 2.663e+00  2 9.814e+03 9.814e+00  1  0   0  0   0   1         0
8622.654  8.623  0   0  2 6.272e+03 6.272e+00  2 1.385e+04 1.385e+01  1  0   0  0   0   1         0
8631.225  8.631  0   0  6 1.222e+02 1.222e-01  6 2.338e+02 2.338e-01  1  0   0  0   0   1         0
8624.133  8.624  0   0  4 2.108e+03 2.108e+00  4 1.028e+04 1.028e+01  1  0   0  0   0   1         0
8633.908  8.634  0   0  3 2.518e+03 2.518e+00  0 5.618e+03 5.618e+00  1  0   0  0   0   1         0
8622.539  8.623  0   0  2 1.781e+02 1.781e-01  2 2.558e+04 2.558e+01  1  0   0  0   0   1         0
8602.138  8.602  0   0  5 3.201e+04 3.201e+01  0 1.153e+03 1.153e+00  1  0   0  0   0   1         0
8611.350  8.611  0   0  6 4.912e+03 4.912e+00  6 3.784e+04 3.784e+01  1  0   0  0   0   1         0
8649.633  8.650  0   0  2 4.939e+04 4.939e+01  2 2.037e+04 2.037e+01  1  0   0  0   0   1         0
8617.347  8.617  0   0  0 7.248e+03 7.248e+00  0 2.648e+04 2.648e+01  1  0   0  0   0   1         0
8616.291  8.616  0   0  5 7.422e+03 7.422e+00  0 1.701e+03 1.701e+00  1  0   0  0   0   1         0
8607.671  8.608  0   0  1 9.743e+03 9.743e+00  0 7.622e+03 7.622e+00  1  0   0  0   0   1         0
8649.360  8.649  0   0  3 1.857e+03 1.857e+00  0 1.857e+04 1.857e+01  1  0   0  0   0   1         0
8611.565  8.612  0   0  1 3.814e+03 3.814e+00  0 5.445e+01 5.445e-02  1  0   0  0   0   1         0
8632.396  8.632  0   0  3 3.547e+01 3.547e-02  0 4.495e+03 4.495e+00  1  0   0  0   0   1         0
8602.112  8.602  0   0  2 1.329e+02 1.329e-01  2 3.829e+03 3.829e+00  1  0   0  0   0   1         0
8603.338  8.603  0   0  6 7.739e+03 7.739e+00  6 1.399e+03 1.399e+00  1  0   0  0   0   1         0
8635.886  8.636  0   0  4 7.283e+03 7.283e+00  4 2.192e+03 2.192e+00  1  0   0  0   0   1         0
8631.813  8.632  0   0  4 4.031e-02 4.031e-05  4 1.592e+04 1.592e+01  1  0   0  0   0   1         0
8634.060  8.634  0   0  2 3.039e+02 3.039e-01  2 2.170e+04 2.170e+01  1  0   0  0   0   1         0
8611.591  8.612  0   0  3 3.859e+03 3.859e+00  0 2.132e+04 2.132e+01  1  0   0  0   0   1         0
8649.248  8.649  0   0  5 1.429e+03 1.429e+00  0 8.185e+03 8.185e+00  1  0   0  0   0   1         0
8627.977  8.628  0   0  1 4.013e+01 4.013e-02  0 1.736e+03 1.736e+00  1  0   0  0   0   1         0
8648.484  8.648  0   0 10 1.855e+02 1.855e-01 10 1.136e+04 1.136e+01  1  0   0  0   0   1         0
8608.241  8.608  0   0  7 5.451e+03 5.451e+00  0 8.492e+02 8.492e-01  1  0   0  0   0   1         0
8620.312  8.620  0   0  6 6.371e+02 6.371e-01  6 2.822e+03 2.822e+00  1  0   0  0   0   1         0
8616.837  8.617  0   0  2 1.411e+04 1.411e+01  2 1.421e+03 1.421e+00  1  0   0  0   0   1         0
8637.798  8.638  0   0  4 1.799e+03 1.799e+00  4 1.967e+04 1.967e+01  1  0   0  0   0   1         0
8637.423  8.637  0   0  3 8.202e+03 8.202e+00  0 1.614e+02 1.614e-01  1  0   0  0   0   1         0
8624.387  8.624  0   0  2 5.691e+02 5.691e-01  2 8.145e+03 8.145e+00  1  0   0  0   0   1         0
8600.811  8.601  0   0  1 1.319e+03 1.319e+00  0 3.058e+04 3.058e+01  1  0   0  0   0   1         0
8608.795  8.609  0   0  5 1.439e+04 1.439e+01  0 9.202e+01 9.202e-02  1  0   0  0   0   1         0
8602.525  8.603  0   0  3 3.754e+01 3.754e-02  0 6.523e+02 6.523e-01  1  0   0  0   0   1         0
8642.381  8.642  0   0  2 9.037e+03 9.037e+00  2 2.003e+03 2.003e+00  1  0   0  0   0   1         0
8614.538  8.615  0   0  1 7.251e+02 7.251e-01  0 2.850e+02 2.850e-01  1  0   0  0   0   1         0
8605.921  8.606  0   0  7 1.473e+03 1.473e+00  0 3.125e+02 3.125e-01  1  0   0  0   0   1         0
8617.763  8.618  0   0  2 4.603e+03 4.603e+00  2 2.942e+04 2.942e+01  1  0   0  0   0   1         0
8603.882  8.604  0   0  3 1.895e+03 1.895e+00  0 1.273e+04 1.273e+01  1  0   0  0   0   1         0
8648.948  8.649  0   0  5 2.153e+03 2.153e+00  0 2.859e+03 2.859e+00  1  0   0  0   0   1         0
8615.802  8.616  0   0  3 9.306e+03 9.306e+00  0 7.935e+03 7.935e+00  1  0   0  0   0   1         0
8646.668  8.647  0   0  9 9.143e-01 9.143e-04  0 1.174e+03 1.174e+00  1  0   0  0   0   1         0
8634.188  8.634  0   0  0 5.106e+02 5.106e-01  0 3.735e+04 3.735e+01  1  0   0  0   0   1         0
8628.364  8.628  0   0  4 4.620e+03 4.620e+00  4 3.802e+00 3.802e-03  1  0   0  0   0   1         0
8623.834  8.624  0   0  2 2.218e+04 2.218e+01  2 1.096e+04 1.096e+01  1  0   0  0   0   1         0
8634.420  8.634  0   0  6 7.742e+02 7.742e-01  6 7.475e+03 7.475e+00  1  0   0  0   0   1         0
8634.365  8.634  0   0  4 5.122e+02 5.122e-01  4 8.899e+03 8.899e+00  1  0   0  0   0   1         0
8600.528  8.601  0   0  5 7.969e+02 7.969e-01  0 8.083e+03 8.083e+00  1  0   0  0   0   1         0
8645.409  8.645  0   0  2 2.290e+03 2.290e+00  2 1.468e+04 1.468e+01  1  0   0  0   0   1         0
8618.454  8.618  0   0  0 1.327e+04 1.327e+01  0 3.902e+03 3.902e+00  1  0   0  0   0   1         0
8660.254  8.660  0   0  1 1.232e+02 1.232e-01  0 1.579e+04 1.579e+01  1  0   0  0   0   1         0
8670.662  8.671  0   0  1 2.149e+03 2.149e+00  0 2.317e+00 2.317e-03  1  0   0  0   0   1         0
8658.192  8.658  0   0  2 1.188e+04 1.188e+01  2 4.444e+02 4.444e-01  1  0   0  0   0   1         0
8660.568  8.661  0   0  7 4.804e+03 4.804e+00  0 5.066e+02 5.066e-01  1  0   0  0   0   1         0
8692.349  8.692  0   0  1 2.060e+03 2.060e+00  0 2.934e+03 2.934e+00  1  0   0  0   0   1         0
8668.178  8.668  0   0  2 1.360e+03 1.360e+00  2 3.875e+03 3.875e+00  1  0   0  0   0   1         0
8690.772  8.691  0   0  3 1.939e+03 1.939e+00  0 1.515e+01 1.515e-02  1  0   0  0   0   1         0
8673.754  8.674  0   0  2 1.370e+04 1.370e+01  2 2.347e+02 2.347e-01  1  0   0  0   0   1         0
8653.554  8.654  0   0  3 2.081e+03 2.081e+00  0 1.330e+04 1.330e+01  1  0   0  0   0   1         0
8668.131  8.668  0   0  2 2.633e+03 2.633e+00  2 2.091e+04 2.091e+01  1  0   0  0   0   1         0
8657.945  8.658  0   0  3 3.110e+03 3.110e+00  0 4.746e+04 4.746e+01  1  0   0  0   0   1         0
8684.729  8.685  0   0  1 2.065e+03 2.065e+00  0 1.779e+03 1.779e+00  1  0   0  0   0   1         0
8695.589  8.696  0   0  1 1.271e+03 1.271e+00  0 2.300e+02 2.300e-01  1  0   0  0   0   1         0
8688.196  8.688  0   0  1 2.154e+02 2.154e-01  0 3.676e+01 3.676e-02  1  0   0  0   0   1         0
8688.962  8.689  0   0  2 1.198e+03 1.198e+00  2 6.563e+03 6.563e+00  1  0   0  0   0   1         0
8693.121  8.693  0   0  3 7.493e+03 7.493e+00  0 8.435e+03 8.435e+00  1  0   0  0   0   1         0
8688.874  8.689  0   0  6 2.226e+03 2.226e+00  6 3.918e+03 3.918e+00  1  0   0  0   0   1         0
8678.486  8.678  0   0  0 2.315e+04 2.315e+01  0 2.726e+04 2.726e+01  1  0   0  0   0   1         0
8685.762  8.686  0   0  2 1.013e+03 1.013e+00  2 4.796e+03 4.796e+00  1  0   0  0   0   1         0
8670.855  8.671  0   0  5 2.203e+03 2.203e+00  0 7.589e+03 7.589e+00  1  0   0  0   0   1         0
8653.555  8.654  0   0  4 5.198e+01 5.198e-02  4 5.562e+03 5.562e+00  1  0   0  0   0   1         0
8685.328  8.685  0   0  6 7.442e+02 7.442e-01  6 5.927e+02 5.927e-01  1  0   0  0   0   1         0
8686.130  8.686  0   0  1 2.528e+03 2.528e+00  0 5.532e+03 5.532e+00  1  0   0  0   0   1         0
8661.227  8.661  0   0  0 8.671e+03 8.671e+00  0 7.908e+02 7.908e-01  1  0   0  0   0   1         0
8697.707  8.698  0   0  6 3.941e+03 3.941e+00  6 4.614e+03 4.614e+00  1  0   0  0   0   1         0
8652.637  8.653  0   0  2 8.031e+01 8.031e-02  2 2.094e+03 2.094e+00  1  0   0  0   0   1         0
8686.844  8.687  0   0  2 5.296e+02 5.296e-01  2 2.306e+04 2.306e+01  1  0   0  0   0   1         0
8698.431  8.698  0   0  7 8.888e+02 8.888e-01  0 5.485e+03 5.485e+00  1  0   0  0   0   1         0
8665.508  8.666  0   0  6 4.035e+03 4.035e+00  6 1.745e+03 1.745e+00  1  0   0  0   0   1         0
8695.642  8.696  0   0  4 2.392e+03 2.392e+00  4 9.373e+01 9.373e-02  1  0   0  0   0   1         0
8691.355  8.691  0   0  7 9.403e+02 9.403e-01  0 5.236e+03 5.236e+00  1  0   0  0   0   1         0
8687.250  8.687  0   0  1 8.057e+02 8.057e-01  0 9.533e+03 9.533e+00  1  0   0  0   0   1         0
8697.700  8.698  0   0  2 1.521e+03 1.521e+00  2 9.734e+03 9.734e+00  1  0   0  0   0   1         0
8682.756  8.683  0   0  7 2.713e+03 2.713e+00  0 9.143e+03 9.143e+00  1  0   0  0   0   1         0
8674.803  8.675  0   0  4 1.181e+02 1.181e-01  4 9.321e+03 9.321e+00  1  0   0  0   0   1         0
8683.836  8.684  0   0  2 2.026e+03 2.026e+00  2 1.575e+04 1.575e+01  1  0   0  0   0   1         0
8670.648  8.671  0   0  2 7.087e+03 7.087e+00  2 1.356e+03 1.356e+00  1  0   0  0   0   1         0
8666.296  8.666  0   0  1 6.515e+00 6.515e-03  0 8.878e+03 8.878e+00  1  0   0  0   0   1         0
8654.130  8.654  0   0  2 4.648e+04 4.648e+01  2 1.758e+04 1.758e+01  1  0   0  0   0   1         0
8668.956  8.669  0   0  5 9.374e+03 9.374e+00  0 9.123e+03 9.123e+00  1  0   0  0   0   1         0
8690.197  8.690  0   0  2 7.225e+03 7.225e+00  2 4.536e+03 4.536e+00  1  0   0  0   0   1         0
8697.284  8.697  0   0  1 1.818e+02 1.818e-01  0 7.000e+02 7.000e-01  1  0   0  0   0   1         0
8698.763  8.699  0   0  4 2.504e+03 2.504e+00  4 2.928e+01 2.928e-02  1  0   0  0   0   1         0
8660.365  8.660  0   0  3 9.276e+02 9.276e-01  0 5.977e+03 5.977e+00  1  0   0  0   0   1         0
8678.629  8.679  0   0  1 1.031e+02 1.031e-01  0 1.212e+03 1.212e+00  1  0   0  0   0   1         0
8678.845  8.679  0   0  1 1.214e+02 1.214e-01  0 1.808e+04 1.808e+01  1  0   0  0   0   1         0
8658.837  8.659  0   0  2 8.306e+03 8.306e+00  2 1.509e+04 1.509e+01  1  0   0  0   0   1         0
8679.139  8.679  0   0  3 7.437e+03 7.437e+00  0 1.646e+04 1.646e+01  1  0   0  0   0   1         0
8668.193  8.668  0   0  3 3.638e+03 3.638e+00  0 1.313e+03 1.313e+00  1  0   0  0   0   1         0
8697.133  8.697  0   0  7 1.382e+03 1.382e+00  0 6.330e+03 6.330e+00  1  0   0  0   0   1         0
8662.805  8.663  0   0  4 5.847e+01 5.847e-02  4 1.164e+04 1.164e+01  1  0   0  0   0   1         0
8691.780  8.692  0   0  3 6.367e+03 6.367e+00  0 5.820e+02 5.820e-01  1  0   0  0   0   1         0
8694.865  8.695  0   0  6 2.777e+02 2.777e-01  6 6.894e+03 6.894e+00  1  0   0  0   0   1         0
8686.839  8.687  0   0  4 1.300e+04 1.300e+01  4 2.982e+02 2.982e-01  1  0   0  0   0   1         0
8660.774  8.661  0   0  3 2.117e+03 2.117e+00  0 1.638e+04 1.638e+01  1  0   0  0   0   1         0
8663.064  8.663  0   0  2 1.935e+04 1.935e+01  2 2.238e+02 2.238e-01  1  0   0  0   0   1         0
8698.562  8.699  0   0  3 5.733e+01 5.733e-02  0 1.731e+04 1.731e+01  1  0   0  0   0   1         0
8744.690  8.745  0   0  1 1.712e+01 1.712e-02  0 4.688e+03 4.688e+00  1  0   0  0   0   1         0
8747.724  8.748  0   0  3 3.634e+03 3.634e+00  0 4.376e+00 4.376e-03  1  0   0  0   0   1         0
8722.437  8.722  0   0  3 8.252e+01 8.252e-02  0 1.805e+04 1.805e+01  1  0   0  0   0   1         0
8704.475  8.704  0   0  1 5.638e+03 5.638e+00  0 1.708e+04 1.708e+01  1  0   0  0   0   1         0
8711.605  8.712  0   0  2 1.033e+04 1.033e+01  2 6.776e+02 6.776e-01  1  0   0  0   0   1         0
8732.933  8.733  0   0  3 2.349e-01 2.349e-04  0 2.771e+03 2.771e+00  1  0   0  0   0   1         0
8720.346  8.720  0   0  6 1.747e+03 1.747e+00  6 1.714e+04 1.714e+01  1  0   0  0   0   1         0
8734.301  8.734  0   0  5 4.177e+03 4.177e+00  0 1.324e+03 1.324e+00  1  0   0  0   0   1         0
8733.389  8.733  0   0  3 2.441e+04 2.441e+01  0 2.796e+04 2.796e+01  1  0   0  0   0   1         0
8730.324  8.730  0   0  3 6.670e+03 6.670e+00  0 5.647e+01 5.647e-02  1  0   0  0   0   1         0
8707.923  8.708  0   0  6 6.519e+02 6.519e-01  6 1.549e+02 1.549e-01  1  0   0  0   0   1         0
8714.344  8.714  0   0  2 1.322e+04 1.322e+01  2 1.631e+03 1.631e+00  1  0   0  0   0   1         0
8718.948  8.719  0   0  1 5.902e+03 5.902e+00  0 7.255e+03 7.255e+00  1  0   0  0   0   1         0
8741.255  8.741  0   0  2 3.842e+01 3.842e-02  2 3.356e+03 3.356e+00  1  0   0  0   0   1         0
8734.162  8.734  0   0  2 8.242e+01 8.242e-02  2 4.543e+03 4.543e+00  1  0   0  0   0   1         0
8732.300  8.732  0   0  9 6.272e+03 6.272e+00  0 8.652e+03 8.652e+00  1  0   0  0   0   1         0
8733.658  8.734  0   0  1 2.278e+03 2.278e+00  0 9.054e+02 9.054e-01  1  0   0  0   0   1         0
8725.218  8.725  0   0  1 8.763e+03 8.763e+00  0 9.425e+03 9.425e+00  1  0   0  0   0   1         0
8701.990  8.702  0   0  4 9.492e+03 9.492e+00  4 2.530e+03 2.530e+00  1  0   0  0   0   1         0
8710.094  8.710  0   0  4 7.839e+03 7.839e+00  4 1.038e+03 1.038e+00  1  0   0  0   0   1         0
8707.043  8.707  0   0  6 2.789e+03 2.789e+00  6 7.211e+03 7.211e+00  1  0   0  0   0   1         0
8703.214  8.703  0   0  5 6.141e+02 6.141e-01  0 1.741e+03 1.741e+00  1  0   0  0   0   1         0
8716.025  8.716  0   0  5 9.437e+02 9.437e-01  0 9.633e+03 9.633e+00  1  0   0  0   0   1         0
8739.425  8.739  0   0  3 1.516e+03 1.516e+00  0 6.024e+03 6.024e+00  1  0   0  0   0   1         0
8705.780  8.706  0   0  4 4.011e+01 4.011e-02  4 7.399e+03 7.399e+00  1  0   0  0   0   1         0
8705.594  8.706  0   0  1 1.700e+03 1.700e+00  0 3.302e+03 3.302e+00  1  0   0  0   0   1         0
8706.239  8.706  0   0  1 7.146e+03 7.146e+00  0 4.561e+02 4.561e-01  1  0   0  0   0   1         0
8713.537  8.714  0   0  3 4.537e+02 4.537e-01  0 2.477e+03 2.477e+00  1  0   0  0   0   1         0
8710.148  8.710  0   0  2 5.601e+03 5.601e+00  2 4.276e+04 4.276e+01  1  0   0  0   0   1         0
8700.701  8.701  0   0  3 2.974e+03 2.974e+00  0 5.089e+02 5.089e-01  1  0   0  0   0   1         0
8713.872  8.714  0   0  4 1.108e+04 1.108e+01  4 1.136e+02 1.136e-01  1  0   0  0   0   1         0
8749.816  8.750  0   0  2 1.182e+02 1.182e-01  2 1.234e+04 1.234e+01  1  0   0  0   0   1         0
8716.877  8.717  0   0  5 4.206e+03 4.206e+00  0 5.673e+03 5.673e+00  1  0   0  0   0   1         0
8710.602  8.711  0   0  8 1.706e+03 1.706e+00  8 1.263e+04 1.263e+01  1  0   0  0   0   1         0
8724.844  8.725  0   0  1 1.463e+04 1.463e+01  0 2.140e+02 2.140e-01  1  0   0  0   0   1         0
8711.510  8.712  0   0  1 2.593e+02 2.593e-01  0 1.743e+01 1.743e-02  1  0   0  0   0   1         0
8728.040  8.728  0   0  2 2.156e+03 2.156e+00  2 1.418e+02 1.418e-01  1  0   0  0   0   1         0
8720.089  8.720  0   0  2 3.712e+03 3.712e+00  2 9.101e+02 9.101e-01  1  0   0  0   0   1         0
8744.864  8.745  0   0  2 5.165e+02 5.165e-01  2 2.742e+00 2.742e-03  1  0   0  0   0   1         0
8746.412  8.746  0   0  3 2.038e+03 2.038e+00  0 2.261e+04 2.261e+01  1  0   0  0   0   1         0
8735.701  8.736  0   0  3 9.269e+03 9.269e+00  0 1.993e+03 1.993e+00  1  0   0  0   0   1         0
8710.824  8.711  0   0  4 2.464e+03 2.464e+00  4 3.937e+04 3.937e+01  1  0   0  0   0   1         0
8723.753  8.724  0   0  7 1.760e+03 1.760e+00  0 3.705e+04 3.705e+01  1  0   0  0   0   1         0
8715.321  8.715  0   0  5 7.244e+01 7.244e-02  0 2.451e+03 2.451e+00  1  0   0  0   0   1         0
8739.951  8.740  0   0  0 2.388e+03 2.388e+00  0 2.474e+04 2.474e+01  1  0   0  0   0   1         0
8701.465  8.701  0   0  3 2.641e+02 2.641e-01  0 3.985e+04 3.985e+01  1  0   0  0   0   1         0
8733.177  8.733  0   0  1 1.324e+03 1.324e+00  0 1.541e+02 1.541e-01  1  0   0  0   0   1         0
8716.212  8.716  0   0  2 4.982e+02 4.982e-01  2 3.620e+03 3.620e+00  1  0   0  0   0   1         0
8724.108  8.724  0   0  1 1.859e+04 1.859e+01  0 1.893e+04 1.893e+01  1  0   0  0   0   1         0
8716.201  8.716  0   0  5 7.240e+03 7.240e+00  0 5.673e+03 5.673e+00  1  0   0  0   0   1         0
8718.294  8.718  0   0  4 1.113e+04 1.113e+01  4 1.440e+04 1.440e+01  1  0   0  0   0   1         0
8733.769  8.734  0   0  4 9.319e+02 9.319e-01  4 1.023e+03 1.023e+00  1  0   0  0   0   1         0
8729.831  8.730  0   0  1 8.573e+03 8.573e+00  0 4.125e-02 4.125e-05  1  0   0  0   0   1         0
8777.173  8.777  0   0  5 8.738e+02 8.738e-01  0 1.547e+03 1.547e+00  1  0   0  0   0   1         0
8796.592  8.797  0   0  6 1.031e+04 1.031e+01  6 3.022e+03 3.022e+00  1  0   0  0   0   1         0
8776.919  8.777  0   0  1 7.805e+02 7.805e-01  0 2.077e+04 2.077e+01  1  0   0  0   0   1         0
8760.773  8.761  0   0  3 7.454e+03 7.454e+00  0 1.280e+04 1.280e+01  1  0   0  0   0   1         0
8784.972  8.785  0   0  2 2.673e+03 2.673e+00  2 6.198e+01 6.198e-02  1  0   0  0   0   1         0
8785.097  8.785  0   0  4 1.451e+03 1.451e+00  4 1.185e+04 1.185e+01  1  0   0  0   0   1         0
8753.291  8.753  0   0  0 1.508e+03 1.508e+00  0 6.539e+04 6.539e+01  1  0   0  0   0   1         0
8784.732  8.785  0   0  1 9.832e+03 9.832e+00  0 3.550e+04 3.550e+01  1  0   0  0   0   1         0
8760.665  8.761  0   0  5 1.394e+01 1.394e-02  0 1.214e+04 1.214e+01  1  0   0  0   0   1         0
8762.770  8.763  0   0  3 3.965e+03 3.965e+00  0 1.604e+04 1.604e+01  1  0   0  0   0   1         0
8751.578  8.752  0   0  4 3.105e+02 3.105e-01  4 1.698e+04 1.698e+01  1  0   0  0   0   1         0
8781.423  8.781  0   0  5 6.220e+03 6.220e+00  0 8.334e+04 8.334e+01  1  0   0  0   0   1         0
8786.632  8.787  0   0  5 1.364e+04 1.364e+01  0 4.796e+03 4.796e+00  1  0   0  0   0   1         0
8761.566  8.762  0   0  2 1.091e+04 1.091e+01  2 2.831e+04 2.831e+01  1  0   0  0   0   1         0
8789.665  8.790  0   0  5 2.186e+03 2.186e+00  0 4.126e+04 4.126e+01  1  0   0  0   0   1         0
8788.143  8.788  0   0  1 7.440e+01 7.440e-02  0 7.571e+03 7.571e+00  1  0   0  0   0   1         0
8770.544  8.771  0   0  0 6.756e+00 6.756e-03  0 1.082e+04 1.082e+01  1  0   0  0   0   1         0
8753.426  8.753  0   0  0 2.355e+02 2.355e-01  0 1.224e+04 1.224e+01  1  0   0  0   0   1         0
8764.056  8.764  0   0  4 1.153e+04 1.153e+01  4 2.008e+03 2.008e+00  1  0   0  0   0   1         0
8758.304  8.758  0   0  8 2.800e+03 2.800e+00  8 1.868e+04 1.868e+01  1  0   0  0   0   1         0
8797.950  8.798  0   0  2 3.989e+03 3.989e+00  2 4.615e+02 4.615e-01  1  0   0  0   0   1         0
8790.922  8.791  0   0  6 5.751e+03 5.751e+00  6 1.279e+03 1.279e+00  1  0   0  0   0   1         0
8753.936  8.754  0   0  2 5.850e+02 5.850e-01  2 1.211e+04 1.211e+01  1  0   0  0   0   1         0
8775.731  8.776  0   0  1 8.636e+02 8.636e-01  0 5.174e+02 5.174e-01  1  0   0  0   0   1         0
8763.390  8.763  0   0  2 3.124e+02 3.124e-01  2 1.892e+03 1.892e+00  1  0   0  0   0   1         0
8751.613  8.752  0   0  0 2.930e+03 2.930e+00  0 5.471e+03 5.471e+00  1  0   0  0   0   1         0
8766.166  8.766  0   0  0 2.024e+01 2.024e-02  0 4.315e+03 4.315e+00  1  0   0  0   0   1         0
8756.405  8.756  0   0  4 7.096e+03 7.096e+00  4 3.241e+04 3.241e+01  1  0   0  0   0   1         0
8761.177  8.761  0   0  4 7.740e+03 7.740e+00  4 5.492e+04 5.492e+01  1  0   0  0   0   1         0
8766.378  8.766  0   0  3 4.432e+02 4.432e-01  0 2.007e+03 2.007e+00  1  0   0  0   0   1         0
8770.500  8.771  0   0  1 8.579e+03 8.579e+00  0 1.717e+02 1.717e-01  1  0   0  0   0   1         0
8773.480  8.773  0   0  5 1.078e+02 1.078e-01  0 2.970e+03 2.970e+00  1  0   0  0   0   1         0
8776.068  8.776  0   0  3 1.686e+02 1.686e-01  0 1.610e+04 1.610e+01  1  0   0  0   0   1         0
8768.554  8.769  0   0  5 2.236e+02 2.236e-01  0 1.612e+04 1.612e+01  1  0   0  0   0   1         0
8774.975  8.775  0   0  1 8.796e+01 8.796e-02  0 4.789e+03 4.789e+00  1  0   0  0   0   1         0
8770.949  8.771  0   0  5 5.705e+03 5.705e+00  0 1.078e+04 1.078e+01  1  0   0  0   0   1         0
8798.230  8.798  0   0  1 8.979e+03 8.979e+00  0 7.643e+02 7.643e-01  1  0   0  0   0   1         0
8753.397  8.753  0   0  5 1.310e+03 1.310e+00  0 3.839e+04 3.839e+01  1  0   0  0   0   1         0
8779.354  8.779  0   0  3 1.851e+02 1.851e-01  0 3.146e+02 3.146e-01  1  0   0  0   0   1         0
8759.719  8.760  0   0  4 5.983e+02 5.983e-01  4 7.121e+03 7.121e+00  1  0   0  0   0   1         0
8768.826  8.769  0   0  4 3.103e+03 3.103e+00  4 4.027e+04 4.027e+01  1  0   0  0   0   1         0
8777.381  8.777  0   0  3 1.803e+04 1.803e+01  0 5.453e+02 5.453e-01  1  0   0  0   0   1         0
8788.033  8.788  0   0  3 1.022e+03 1.022e+00  0 5.289e+03 5.289e+00  1  0   0  0   0   1         0
8798.891  8.799  0   0  2 4.933e+03 4.933e+00  2 2.642e+03 2.642e+00  1  0   0  0   0   1         0
8774.739  8.775  0   0  2 3.812e+03 3.812e+00  2 2.842e+04 2.842e+01  1  0   0  0   0   1         0
8762.893  8.763  0   0  3 1.326e+04 1.326e+01  0 6.142e+03 6.142e+00  1  0   0  0   0   1         0
8789.617  8.790  0   0  4 7.202e+03 7.202e+00  4 2.967e+04 2.967e+01  1  0   0  0   0   1         0
8761.119  8.761  0   0  6 1.883e+03 1.883e+00  6 1.643e+04 1.643e+01  1  0   0  0   0   1         0
8775.450  8.775  0   0  2 1.043e+04 1.043e+01  2 6.821e+03 6.821e+00  1  0   0  0   0   1         0
8792.365  8.792  0   0  4 9.269e+02 9.269e-01  4 2.222e+03 2.222e+00  1  0   0  0   0   1         0
8770.246  8.770  0   0  2 2.888e+01 2.888e-02  2 1.284e+02 1.284e-01  1  0   0  0   0   1         0
8777.906  8.778  0   0  0 2.342e+04 2.342e+01  0 3.003e+03 3.003e+00  1  0   0  0   0   1         0
8756.002  8.756  0   0  1 5.171e+03 5.171e+00  0 8.141e+03 8.141e+00  1  0   0  0   0   1         0
8752.811  8.753  0   0  1 4.512e+03 4.512e+00  0 9.170e+02 9.170e-01  1  0   0  0   0   1         0
8799.317  8.799  0   0  1 9.942e+02 9.942e-01  0 7.659e+03 7.659e+00  1  0   0  0   0   1         0
8758.979  8.759  0   0  4 4.075e+03 4.075e+00  4 6.372e+03 6.372e+00  1  0   0  0   0   1         0
8766.829  8.767  0   0  4 6.041e+02 6.041e-01  4 1.516e+03 1.516e+00  1  0   0  0   0   1         0
8775.292  8.775  0   0  4 1.792e+03 1.792e+00  4 1.428e+02 1.428e-01  1  0   0  0   0   1         0
8768.778  8.769  0   0  3 4.846e+01 4.846e-02  0 5.648e+03 5.648e+00  1  0   0  0   0   1         0
8754.887  8.755  0   0  2 7.203e+00 7.203e-03  2 9.233e+03 9.233e+00  1  0   0  0   0   1         0
8759.882  8.760  0   0  3 1.371e+04 1.371e+01  0 3.063e+03 3.063e+00  1  0   0  0   0   1         0
8774.730  8.775  0   0  2 1.735e+03 1.735e+00  2 6.998e+03 6.998e+00  1  0   0  0   0   1         0
8771.997  8.772  0   0  3 3.499e+02 3.499e-01  0 6.772e+02 6.772e-01  1  0   0  0   0   1         0
8814.212  8.814  0   0  1 9.233e+02 9.233e-01  0 1.825e+04 1.825e+01  1  0   0  0   0   1         0
8801.045  8.801  0   0  1 2.184e+03 2.184e+00  0 2.014e+04 2.014e+01  1  0   0  0   0   1         0
8823.813  8.824  0   0  5 1.052e+02 1.052e-01  0 1.505e+04 1.505e+01  1  0   0  0   0   1         0
8832.366  8.832  0   0  1 2.219e+03 2.219e+00  0 2.491e+04 2.491e+01  1  0   0  0   0   1         0
8816.963  8.817  0   0  4 5.482e+02 5.482e-01  4 6.840e+03 6.840e+00  1  0   0  0   0   1         0
8838.866  8.839  0   0  1 6.801e+03 6.801e+00  0 5.247e+03 5.247e+00  1  0   0  0   0   1         0
8807.331  8.807  0   0  1 4.967e+03 4.967e+00  0 6.074e+02 6.074e-01  1  0   0  0   0   1         0
8804.584  8.805  0   0  5 8.933e+03 8.933e+00  0 2.394e+03 2.394e+00  1  0   0  0   0   1         0
8846.756  8.847  0   0  3 4.424e+02 4.424e-01  0 4.052e+03 4.052e+00  1  0   0  0   0   1         0
8846.099  8.846  0   0  6 1.111e+00 1.111e-03  6 5.576e+04 5.576e+01  1  0   0  0   0   1         0
8820.383  8.820  0   0  2 1.374e+04 1.374e+01  2 2.629e+04 2.629e+01  1  0   0  0   0   1         0
8821.052  8.821  0   0  0 1.058e+02 1.058e-01  0 5.184e+04 5.184e+01  1  0   0  0   0   1         0
8842.581  8.843  0   0  4 2.651e-02 2.651e-05  4 4.494e+03 4.494e+00  1  0   0  0   0   1         0
8826.583  8.827  0   0  3 7.789e+03 7.789e+00  0 5.250e+03 5.250e+00  1  0   0  0   0   1         0
8805.879  8.806  0   0  3 4.268e+03 4.268e+00  0 3.274e+04 3.274e+01  1  0   0  0   0   1         0
8805.767  8.806  0   0  3 8.723e+03 8.723e+00  0 1.071e+02 1.071e-01  1  0   0  0   0   1         0
8806.583  8.807  0   0  2 1.138e+03 1.138e+00  2 3.315e+03 3.315e+00  1  0   0  0   0   1         0
8839.077  8.839  0   0  2 1.845e+03 1.845e+00  2 3.841e+03 3.841e+00  1  0   0  0   0   1         0
8830.150  8.830  0   0  4 8.417e+03 8.417e+00  4 8.728e+02 8.728e-01  1  0   0  0   0   1         0
8815.036  8.815  0   0  5 2.233e+04 2.233e+01  0 4.701e+03 4.701e+00  1  0   0  0   0   1         0
8808.135  8.808  0   0  8 9.952e+03 9.952e+00  8 4.071e+02 4.071e-01  1  0   0  0   0   1         0
8806.198  8.806  0   0  3 5.909e+03 5.909e+00  0 4.691e+02 4.691e-01  1  0   0  0   0   1         0
8837.113  8.837  0   0  4 1.212e+02 1.212e-01  4 5.814e+03 5.814e+00  1  0   0  0   0   1         0
8844.316  8.844  0   0  5 2.760e+01 2.760e-02  0 8.753e+03 8.753e+00  1  0   0  0   0   1         0
8826.611  8.827  0   0  5 3.677e+02 3.677e-01  0 6.820e+02 6.820e-01  1  0   0  0   0   1         0
8838.676  8.839  0   0  3 2.537e+02 2.537e-01  0 4.234e+02 4.234e-01  1  0   0  0   0   1         0
8814.203  8.814  0   0  0 5.758e-01 5.758e-04  0 4.657e+04 4.657e+01  1  0   0  0   0   1         0
8829.339  8.829  0   0  2 1.730e+03 1.730e+00  2 6.402e+03 6.402e+00  1  0   0  0   0   1         0
8821.958  8.822  0   0  3 3.883e+04 3.883e+01  0 1.005e+04 1.005e+01  1  0   0  0   0   1         0
8804.403  8.804  0   0  4 5.364e+00 5.364e-03  4 1.003e+03 1.003e+00  1  0   0  0   0   1         0
8824.426  8.824  0   0  6 5.675e+03 5.675e+00  6 3.516e+03 3.516e+00  1  0   0  0   0   1         0
8842.369  8.842  0   0  5 1.560e+03 1.560e+00  0 2.475e+03 2.475e+00  1  0   0  0   0   1         0
8802.600  8.803  0   0  4 1.698e+02 1.698e-01  4 1.418e+04 1.418e+01  1  0   0  0   0   1         0
8823.912  8.824  0   0  3 8.217e+03 8.217e+00  0 2.399e+03 2.399e+00  1  0   0  0   0   1         0
8843.688  8.844  0   0  1 1.573e+04 1.573e+01  0 4.512e+02 4.512e-01  1  0   0  0   0   1         0
8839.542  8.840  0   0  4 6.213e+03 6.213e+00  4 1.322e+04 1.322e+01  1  0   0  0   0   1         0
8824.730  8.825  0   0  2 3.887e+02 3.887e-01  2 7.876e+03 7.876e+00  1  0   0  0   0   1         0
8808.600  8.809  0   0  5 1.663e+02 1.663e-01  0 8.921e+02 8.921e-01  1  0   0  0   0   1         0
8842.456  8.842  0   0  6 8.272e+03 8.272e+00  6 6.719e+02 6.719e-01  1  0   0  0   0   1         0
8807.687  8.808  0   0  6 4.156e+02 4.156e-01  6 4.635e+02 4.635e-01  1  0   0  0   0   1         0
8813.887  8.814  0   0  4 3.095e+00 3.095e-03  4 8.525e+03 8.525e+00  1  0   0  0   0   1         0
8806.239  8.806  0   0  6 1.634e+02 1.634e-01  6 1.376e+03 1.376e+00  1  0   0  0   0   1         0
8823.007  8.823  0   0  2 6.560e+02 6.560e-01  2 3.979e+04 3.979e+01  1  0   0  0   0   1         0
8831.513  8.832  0   0  0 1.136e+03 1.136e+00  0 5.053e+03 5.053e+00  1  0   0  0   0   1         0
8841.389  8.841  0   0  2 2.610e+03 2.610e+00  2 1.172e+03 1.172e+00  1  0   0  0   0   1         0
8823.124  8.823  0   0  5 1.232e+01 1.232e-02  0 2.953e+00 2.953e-03  1  0   0  0   0   1         0
8848.542  8.849  0   0  3 2.544e+03 2.544e+00  0 5.431e+03 5.431e+00  1  0   0  0   0   1         0
8829.848  8.830  0   0  5 1.260e+03 1.260e+00  0 7.210e+02 7.210e-01  1  0   0  0   0   1         0
8830.275  8.830  0   0  6 3.119e+02 3.119e-01  6 5.822e+03 5.822e+00  1  0   0  0   0   1         0
8808.798  8.809  0   0  3 2.432e+02 2.432e-01  0 1.135e+03 1.135e+00  1  0   0  0   0   1         0
8809.541  8.810  0   0  1 2.694e+00 2.694e-03  0 7.959e+02 7.959e-01  1  0   0  0   0   1         0
8828.887  8.829  0   0  1 1.653e+03 1.653e+00  0 2.209e+03 2.209e+00  1  0   0  0   0   1         0
8836.090  8.836  0   0  5 5.852e+03 5.852e+00  0 1.329e+02 1.329e-01  1  0   0  0   0   1         0
8810.273  8.810  0   0  1 2.072e+03 2.072e+00  0 7.222e+04 7.222e+01  1  0   0  0   0   1         0
8824.258  8.824  0   0  1 2.270e+02 2.270e-01  0 3.696e+02 3.696e-01  1  0   0  0   0   1         0
8817.863  8.818  0   0  0 3.222e+01 3.222e-02  0 6.986e+04 6.986e+01  1  0   0  0   0   1         0
8821.995  8.822  0   0  2 2.026e+03 2.026e+00  2 3.412e+03 3.412e+00  1  0   0  0   0   1         0
8811.146  8.811  0   0  2 4.537e+03 4.537e+00  2 9.640e+03 9.640e+00  1  0   0  0   0   1         0
8873.711  8.874  0   0  4 6.079e+03 6.079e+00  4 4.277e+03 4.277e+00  1  0   0  0   0   1         0
8894.112  8.894  0   0  3 5.666e+03 5.666e+00  0 2.121e+04 2.121e+01  1  0   0  0   0   1         0
8872.253  8.872  0   0  2 1.925e+03 1.925e+00  2 2.274e+02 2.274e-01  1  0   0  0   0   1         0
8873.937  8.874  0   0  5 4.176e+03 4.176e+00  0 1.988e+04 1.988e+01  1  0   0  0   0   1         0
8881.700  8.882  0   0  5 3.054e+03 3.054e+00  0 2.435e+02 2.435e-01  1  0   0  0   0   1         0
8860.834  8.861  0   0  0 1.955e+04 1.955e+01  0 5.367e+02 5.367e-01  1  0   0  0   0   1         0
8860.907  8.861  0   0  3 3.187e+01 3.187e-02  0 1.672e+04 1.672e+01  1  0   0  0   0   1         0
8875.548  8.876  0   0  4 1.449e+01 1.449e-02  4 9.824e+03 9.824e+00  1  0   0  0   0   1         0
8853.445  8.853  0   0  2 2.015e+04 2.015e+01  2 6.101e+03 6.101e+00  1  0   0  0   0   1         0
8861.874  8.862  0   0  5 1.184e+04 1.184e+01  0 4.193e+03 4.193e+00  1  0   0  0   0   1         0
8889.708  8.890  0   0  1 7.685e+02 7.685e-01  0 1.725e+04 1.725e+01  1  0   0  0   0   1         0
8873.243  8.873  0   0  2 1.603e+03 1.603e+00  2 7.343e+02 7.343e-01  1  0   0  0   0   1         0
8851.337  8.851  0   0  7 1.463e+02 1.463e-01  0 1.953e+03 1.953e+00  1  0   0  0   0   1         0
8853.050  8.853  0   0  5 2.102e+04 2.102e+01  0 1.821e+04 1.821e+01  1  0   0  0   0   1         0
8895.992  8.896  0   0  3 5.758e+03 5.758e+00  0 2.228e+04 2.228e+01  1  0   0  0   0   1         0
8897.845  8.898  0   0  5 1.951e-02 1.951e-05  0 2.713e+02 2.713e-01  1  0   0  0   0   1         0
8882.107  8.882  0   0  1 3.167e+03 3.167e+00  0 1.126e+04 1.126e+01  1  0   0  0   0   1         0
8859.282  8.859  0   0  2 3.972e+03 3.972e+00  2 5.050e+04 5.050e+01  1  0   0  0   0   1         0
8868.457  8.868  0   0  6 6.973e+00 6.973e-03  6 1.076e+02 1.076e-01  1  0   0  0   0   1         0
8865.322  8.865  0   0  1 2.803e+02 2.803e-01  0 5.802e+04 5.802e+01  1  0   0  0   0   1         0
8889.296  8.889  0   0  4 3.168e+02 3.168e-01  4 6.039e+01 6.039e-02  1  0   0  0   0   1         0
8876.911  8.877  0   0  2 4.598e+02 4.598e-01  2 1.006e+04 1.006e+01  1  0   0  0   0   1         0
8889.022  8.889  0   0  0 1.596e+04 1.596e+01  0 3.707e+02 3.707e-01  1  0   0  0   0   1         0
8868.078  8.868  0   0  5 8.748e+03 8.748e+00  0 4.907e+02 4.907e-01  1  0   0  0   0   1         0
8893.501  8.894  0   0  1 8.067e+03 8.067e+00  0 1.587e+04 1.587e+01  1  0   0  0   0   1         0
8871.514  8.872  0   0  5 3.105e+02 3.105e-01  0 3.479e+02 3.479e-01  1  0   0  0   0   1         0
8870.924  8.871  0   0  5 1.341e+03 1.341e+00  0 2.296e+03 2.296e+00  1  0   0  0   0   1         0
8874.512  8.875  0   0  4 1.785e+01 1.785e-02  4 1.602e+03 1.602e+00  1  0   0  0   0   1         0
8879.645  8.880  0   0  1 5.528e+03 5.528e+00  0 4.030e+04 4.030e+01  1  0   0  0   0   1         0
8894.727  8.895  0   0  2 1.153e+04 1.153e+01  2 6.410e+03 6.410e+00  1  0   0  0   0   1         0
8872.944  8.873  0   0  4 1.754e+02 1.754e-01  4 2.608e+02 2.608e-01  1  0   0  0   0   1         0
8896.521  8.897  0   0  3 2.174e+02 2.174e-01  0 1.905e+04 1.905e+01  1  0   0  0   0   1         0
8869.738  8.870  0   0  1 9.829e+02 9.829e-01  0 1.074e+04 1.074e+01  1  0   0  0   0   1         0
8866.278  8.866  0   0  5 4.318e+03 4.318e+00  0 9.173e+03 9.173e+00  1  0   0  0   0   1         0
8864.800  8.865  0   0  3 6.306e+02 6.306e-01  0 2.146e+02 2.146e-01  1  0   0  0   0   1         0
8851.062  8.851  0   0  7 6.739e+03 6.739e+00  0 9.435e+03 9.435e+00  1  0   0  0   0   1         0
8892.486  8.892  0   0  4 6.000e+02 6.000e-01  4 3.162e+03 3.162e+00  1  0   0  0   0   1         0
8853.978  8.854  0   0  1 7.309e+02 7.309e-01  0 9.134e+02 9.134e-01  1  0   0  0   0   1         0
8866.767  8.867  0   0  2 9.576e+03 9.576e+00  2 3.470e+04 3.470e+01  1  0   0  0   0   1         0
8862.566  8.863  0   0  4 1.170e+03 1.170e+00  4 1.391e+04 1.391e+01  1  0   0  0   0   1         0
8887.265  8.887  0   0  0 1.279e+04 1.279e+01  0 1.213e+04 1.213e+01  1  0   0  0   0   1         0
8896.644  8.897  0   0  2 7.745e+02 7.745e-01  2 2.051e+04 2.051e+01  1  0   0  0   0   1         0
8890.869  8.891  0   0  1 1.025e+03 1.025e+00  0 1.554e+02 1.554e-01  1  0   0  0   0   1         0
8866.049  8.866  0   0  3 7.843e+03 7.843e+00  0 9.324e+01 9.324e-02  1  0   0  0   0   1         0
8872.844  8.873  0   0  4 4.739e+03 4.739e+00  4 8.674e+03 8.674e+00  1  0   0  0   0   1         0
8862.394  8.862  0   0  3 4.673e+02 4.673e-01  0 1.031e+04 1.031e+01  1  0   0  0   0   1         0
8896.215  8.896  0   0  3 9.009e+03 9.009e+00  0 1.512e+04 1.512e+01  1  0   0  0   0   1         0
8855.961  8.856  0   0  3 1.285e+04 1.285e+01  0 4.114e+03 4.114e+00  1  0   0  0   0   1         0
8897.608  8.898  0   0  2 2.776e+03 2.776e+00  2 5.761e+03 5.761e+00  1  0   0  0   0   1         0
8890.717  8.891  0   0  2 9.809e+02 9.809e-01  2 3.720e+03 3.720e+00  1  0   0  0   0   1         0
8885.625  8.886  0   0  6 4.365e+01 4.365e-02  6 1.126e+03 1.126e+00  1  0   0  0   0   1         0
8888.739  8.889  0   0  4 1.819e+04 1.819e+01  4 1.109e+04 1.109e+01  1  0   0  0   0   1         0
8867.018  8.867  0   0  3 1.038e+03 1.038e+00  0 2.703e+04 2.703e+01  1  0   0  0   0   1         0
8864.842  8.865  0   0  4 1.029e+03 1.029e+00  4 7.658e+03 7.658e+00  1  0   0  0   0   1         0
8869.125  8.869  0   0  5 5.442e+02 5.442e-01  0 1.054e+04 1.054e+01  1  0   0  0   0   1         0
8859.115  8.859  0   0  2 4.281e+01 4.281e-02  2 3.010e+04 3.010e+01  1  0   0  0   0   1         0
8887.361  8.887  0   0  1 2.024e+03 2.024e+00  0 1.483e+03 1.483e+00  1  0   0  0   0   1         0
8873.809  8.874  0   0  2 1.057e+04 1.057e+01  2 7.702e+03 7.702e+00  1  0   0  0   0   1         0
8894.313  8.894  0   0  2 1.997e+03 1.997e+00  2 5.493e+03 5.493e+00  1  0   0  0   0   1         0
8893.943  8.894  0   0  1 9.665e+03 9.665e+00  0 2.752e+04 2.752e+01  1  0   0  0   0   1         0
8857.823  8.858  0   0  1 6.125e+03 6.125e+00  0 1.209e+04 1.209e+01  1  0   0  0   0   1         0
8860.980  8.861  0   0  3 6.606e+02 6.606e-01  0 5.409e+03 5.409e+00  1  0   0  0   0   1         0
8870.587  8.871  0   0  4 1.441e+03 1.441e+00  4 1.537e+04 1.537e+01  1  0   0  0   0   1         0
8855.965  8.856  0   0  2 9.024e+03 9.024e+00  2 2.597e+04 2.597e+01  1  0   0  0   0   1         0
8937.465  8.937  0   0  4 1.072e-01 1.072e-04  4 7.373e+03 7.373e+00  1  0   0  0   0   1         0
8943.545  8.944  0   0  4 3.589e+03 3.589e+00  4 5.530e+03 5.530e+00  1  0   0  0   0   1         0
8908.356  8.908  0   0  1 5.952e+03 5.952e+00  0 1.424e+04 1.424e+01  1  0   0  0   0   1         0
8902.005  8.902  0   0  5 6.136e+03 6.136e+00  0 3.565e+03 3.565e+00  1  0   0  0   0   1         0
8905.297  8.905  0   0  5 3.787e+03 3.787e+00  0 1.349e+03 1.349e+00  1  0   0  0   0   1         0
8930.364  8.930  0   0  1 4.865e+04 4.865e+01  0 5.825e+02 5.825e-01  1  0   0  0   0   1         0
8921.137  8.921  0   0  3 5.674e+03 5.674e+00  0 7.072e+01 7.072e-02  1  0   0  0   0   1         0
8909.788  8.910  0   0  4 6.576e+03 6.576e+00  4 4.477e+00 4.477e-03  1  0   0  0   0   1         0
8926.471  8.926  0   0  2 4.988e+03 4.988e+00  2 1.523e+04 1.523e+01  1  0   0  0   0   1         0
8939.314  8.939  0   0  2 7.610e+03 7.610e+00  2 1.443e+03 1.443e+00  1  0   0  0   0   1         0
8942.819  8.943  0   0  4 7.267e+02 7.267e-01  4 2.734e+04 2.734e+01  1  0   0  0   0   1         0
8937.628  8.938  0   0  4 3.406e+03 3.406e+00  4 1.526e+04 1.526e+01  1  0   0  0   0   1         0
8944.298  8.944  0   0  2 3.764e+03 3.764e+00  2 2.997e+03 2.997e+00  1  0   0  0   0   1         0
8930.263  8.930  0   0  4 1.506e+02 1.506e-01  4 5.302e+01 5.302e-02  1  0   0  0   0   1         0
8941.884  8.942  0   0  1 2.654e+04 2.654e+01  0 4.630e+03 4.630e+00  1  0   0  0   0   1         0
8920.914  8.921  0   0  1 1.117e+03 1.117e+00  0 7.893e+03 7.893e+00  1  0   0  0   0   1         0
8942.652  8.943  0   0  5 1.547e-01 1.547e-04  0 6.856e+01 6.856e-02  1  0   0  0   0   1         0
8944.812  8.945  0   0  6 9.142e+03 9.142e+00  6 5.370e+03 5.370e+00  1  0   0  0   0   1         0
8934.369  8.934  0   0  3 1.164e+03 1.164e+00  0 1.259e+02 1.259e-01  1  0   0  0   0   1         0
8921.607  8.922  0   0  0 4.035e+03 4.035e+00  0 3.954e+04 3.954e+01  1  0   0  0   0   1         0
8914.129  8.914  0   0  4 7.428e+03 7.428e+00  4 3.301e+03 3.301e+00  1  0   0  0   0   1         0
8916.308  8.916  0   0  2 1.763e+04 1.763e+01  2 1.058e+03 1.058e+00  1  0   0  0   0   1         0
8906.644  8.907  0   0  1 1.693e+03 1.693e+00  0 1.510e+04 1.510e+01  1  0   0  0   0   1         0
8902.368  8.902  0   0  3 3.362e+03 3.362e+00  0 5.390e-01 5.390e-04  1  0   0  0   0   1         0
8920.776  8.921  0   0  0 1.566e+03 1.566e+00  0 3.695e+03 3.695e+00  1  0   0  0   0   1         0
8902.143  8.902  0   0  3 8.893e+03 8.893e+00  0 1.890e+03 1.890e+00  1  0   0  0   0   1         0
8944.053  8.944  0   0  1 1.026e+03 1.026e+00  0 2.886e+03 2.886e+00  1  0   0  0   0   1         0
8932.549  8.933  0   0  5 1.459e+03 1.459e+00  0 5.759e+04 5.759e+01  1  0   0  0   0   1         0
8942.213  8.942  0   0  8 6.848e+03 6.848e+00  8 1.015e+03 1.015e+00  1  0   0  0   0   1         0
8922.276  8.922  0   0  5 8.464e+02 8.464e-01  0 5.679e+03 5.679e+00  1  0   0  0   0   1         0
8911.237  8.911  0   0  4 3.653e+01 3.653e-02  4 5.240e+03 5.240e+00  1  0   0  0   0   1         0
8914.560  8.915  0   0  4 2.739e+03 2.739e+00  4 2.673e+04 2.673e+01  1  0   0  0   0   1         0
8942.764  8.943  0   0  5 1.382e+03 1.382e+00  0 2.120e+03 2.120e+00  1  0   0  0   0   1         0
8906.119  8.906  0   0  1 6.193e+03 6.193e+00  0 1.761e+03 1.761e+00  1  0   0  0   0   1         0
8934.961  8.935  0   0  2 3.051e+03 3.051e+00  2 9.928e+03 9.928e+00  1  0   0  0   0   1         0
8911.324  8.911  0   0  3 1.770e+02 1.770e-01  0 2.792e+04 2.792e+01  1  0   0  0   0   1         0
8917.710  8.918  0   0  6 2.181e+02 2.181e-01  6 1.144e+04 1.144e+01  1  0   0  0   0   1         0
8900.153  8.900  0   0  4 4.473e+00 4.473e-03  4 4.829e+03 4.829e+00  1  0   0  0   0   1         0
8924.011  8.924  0   0  0 3.190e+02 3.190e-01  0 1.926e+03 1.926e+00  1  0   0  0   0   1         0
8906.443  8.906  0   0  1 3.839e+03 3.839e+00  0 3.923e+04 3.923e+01  1  0   0  0   0   1         0
8943.009  8.943  0   0  2 4.526e+01 4.526e-02  2 7.801e+03 7.801e+00  1  0   0  0   0   1         0
8904.906  8.905  0   0  0 1.356e+03 1.356e+00  0 6.524e+03 6.524e+00  1  0   0  0   0   1         0
8912.561  8.913  0   0  3 6.410e+02 6.410e-01  0 2.816e+03 2.816e+00  1  0   0  0   0   1         0
8900.743  8.901  0   0  1 2.213e+03 2.213e+00  0 1.088e+03 1.088e+00  1  0   0  0   0   1         0
8949.645  8.950  0   0  1 6.478e+03 6.478e+00  0 2.379e+04 2.379e+01  1  0   0  0   0   1         0
8932.124  8.932  0   0  2 3.038e+04 3.038e+01  2 8.916e-01 8.916e-04  1  0   0  0   0   1         0
8932.230  8.932  0   0  3 2.113e+03 2.113e+00  0 1.483e+04 1.483e+01  1  0   0  0   0   1         0
8925.999  8.926  0   0  3 1.793e+03 1.793e+00  0 2.679e+03 2.679e+00  1  0   0  0   0   1         0
8943.428  8.943  0   0  5 4.711e+03 4.711e+00  0 3.852e+03 3.852e+00  1  0   0  0   0   1         0
8907.237  8.907  0   0  3 1.154e+03 1.154e+00  0 5.417e+03 5.417e+00  1  0   0  0   0   1         0
8939.679  8.940  0   0  4 1.592e+04 1.592e+01  4 4.738e+03 4.738e+00  1  0   0  0   0   1         0
8940.391  8.940  0   0  4 9.028e+03 9.028e+00  4 4.044e+03 4.044e+00  1  0   0  0   0   1         0
8901.814  8.902  0   0  2 6.876e+01 6.876e-02  2 4.061e+00 4.061e-03  1  0   0  0   0   1         0
8906.660  8.907  0   0  2 4.666e+03 4.666e+00  2 5.450e+02 5.450e-01  1  0   0  0   0   1         0
8927.413  8.927  0   0  1 3.185e-01 3.185e-04  0 1.408e+01 1.408e-02  1  0   0  0   0   1         0
8904.528  8.905  0   0  4 1.233e+03 1.233e+00  4 1.222e+04 1.222e+01  1  0   0  0   0   1         0
8914.164  8.914  0   0  3 1.984e+03 1.984e+00  0 2.621e+01 2.621e-02  1  0   0  0   0   1         0
8920.238  8.920  0   0  4 4.201e+02 4.201e-01  4 9.881e+02 9.881e-01  1  0   0  0   0   1         0
8907.891  8.908  0   0  2 1.801e+04 1.801e+01  2 2.367e+03 2.367e+00  1  0   0  0   0   1         0
8935.254  8.935  0   0  5 7.725e+02 7.725e-01  0 2.923e+04 2.923e+01  1  0   0  0   0   1         0
8924.809  8.925  0   0  4 4.325e+03 4.325e+00  4 5.179e+03 5.179e+00  1  0   0  0   0   1         0
8932.043  8.932  0   0  3 5.840e+03 5.840e+00  0 1.898e+03 1.898e+00  1  0   0  0   0   1         0
8923.771  8.924  0   0  2 5.545e+03 5.545e+00  2 1.164e+02 1.164e-01  1  0   0  0   0   1         0
8920.679  8.921  0   0  0 7.830e+03 7.830e+00  0 4.935e+01 4.935e-02  1  0   0  0   0   1         0
8924.676  8.925  0   0  7 7.282e+02 7.282e-01  0 5.464e+03 5.464e+00  1  0   0  0   0   1         0
8944.996  8.945  0   0  5 4.579e+03 4.579e+00  0 9.826e+03 9.826e+00  1  0   0  0   0   1         0
8919.856  8.920  0   0  4 4.500e+03 4.500e+00  4 6.105e+03 6.105e+00  1  0   0  0   0   1         0
8932.165  8.932  0   0  3 1.742e+03 1.742e+00  0 3.339e+03 3.339e+00  1  0   0  0   0   1         0
8941.729  8.942  0   0  1 9.741e+03 9.741e+00  0 2.204e+03 2.204e+00  1  0   0  0   0   1         0
8931.107  8.931  0   0  6 1.137e+04 1.137e+01  6 2.665e+03 2.665e+00  1  0   0  0   0   1         0
8911.343  8.911  0   0  4 3.881e+03 3.881e+00  4 1.506e+04 1.506e+01  1  0   0  0   0   1         0
8906.122  8.906  0   0  3 1.579e+04 1.579e+01  0 2.209e+03 2.209e+00  1  0   0  0   0   1         0
8929.598  8.930  0   0  1 2.266e+02 2.266e-01  0 5.341e+04 5.341e+01  1  0   0  0   0   1         0
8936.414  8.936  0   0  1 5.444e+01 5.444e-02  0 7.713e+02 7.713e-01  1  0   0  0   0   1         0
8938.477  8.938  0   0  5 9.705e+02 9.705e-01  0 2.118e+02 2.118e-01  1  0   0  0   0   1         0
8981.644  8.982  0   0  3 1.168e+03 1.168e+00  0 2.455e+03 2.455e+00  1  0   0  0   0   1         0
8972.548  8.973  0   0  3 1.473e+03 1.473e+00  0 3.066e+02 3.066e-01  1  0   0  0   0   1         0
8966.924  8.967  0   0  4 4.256e+02 4.256e-01  4 1.816e+02 1.816e-01  1  0   0  0   0   1         0
8965.596  8.966  0   0  6 4.604e+03 4.604e+00  6 7.925e+03 7.925e+00  1  0   0  0   0   1         0
8955.491  8.955  0   0  6 3.040e+01 3.040e-02  6 3.030e+03 3.030e+00  1  0   0  0   0   1         0
8955.807  8.956  0   0  3 6.385e+02 6.385e-01  0 1.086e+00 1.086e-03  1  0   0  0   0   1         0
8974.841  8.975  0   0  2 2.370e-01 2.370e-04  2 3.861e+03 3.861e+00  1  0   0  0   0   1         0
8956.968  8.957  0   0  5 1.058e+01 1.058e-02  0 2.734e+02 2.734e-01  1  0   0  0   0   1         0
8961.211  8.961  0   0  6 8.497e+03 8.497e+00  6 1.044e+04 1.044e+01  1  0   0  0   0   1         0
8958.272  8.958  0   0  0 9.395e+03 9.395e+00  0 4.968e+02 4.968e-01  1  0   0  0   0   1         0
8990.159  8.990  0   0  1 3.398e+03 3.398e+00  0 1.481e+03 1.481e+00  1  0   0  0   0   1         0
8972.541  8.973  0   0  3 5.276e+03 5.276e+00  0 3.930e+03 3.930e+00  1  0   0  0   0   1         0
8977.685  8.978  0   0  1 6.320e+03 6.320e+00  0 1.527e+03 1.527e+00  1  0   0  0   0   1         0
8979.202  8.979  0   0  5 1.445e+02 1.445e-01  0 8.470e+01 8.470e-02  1  0   0  0   0   1         0
8969.873  8.970  0   0  1 2.162e+03 2.162e+00  0 2.111e+04 2.111e+01  1  0   0  0   0   1         0
8964.968  8.965  0   0  6 3.522e+02 3.522e-01  6 1.827e+04 1.827e+01  1  0   0  0   0   1         0
8969.175  8.969  0   0  2 4.710e+04 4.710e+01  2 2.511e+04 2.511e+01  1  0   0  0   0   1         0
8976.797  8.977  0   0  3 1.825e+03 1.825e+00  0 3.154e+02 3.154e-01  1  0   0  0   0   1         0
8967.980  8.968  0   0  2 3.122e+03 3.122e+00  2 1.552e+04 1.552e+01  1  0   0  0   0   1         0
8956.857  8.957  0   0  3 2.209e+03 2.209e+00  0 3.229e+01 3.229e-02  1  0   0  0   0   1         0
8995.702  8.996  0   0  5 2.229e+04 2.229e+01  0 3.083e+03 3.083e+00  1  0   0  0   0   1         0
8986.664  8.987  0   0  8 1.089e+04 1.089e+01  8 4.746e+03 4.746e+00  1  0   0  0   0   1         0
8953.327  8.953  0   0  3 1.244e+03 1.244e+00  0 1.312e+02 1.312e-01  1  0   0  0   0   1         0
8995.304  8.995  0   0  2 1.907e+04 1.907e+01  2 1.458e+04 1.458e+01  1  0   0  0   0   1         0
8958.555  8.959  0   0  4 1.401e+03 1.401e+00  4 2.402e+04 2.402e+01  1  0   0  0   0   1         0
8954.906  8.955  0   0  2 3.530e+03 3.530e+00  2 4.601e+02 4.601e-01  1  0   0  0   0   1         0
8958.693  8.959  0   0  4 7.259e+03 7.259e+00  4 1.573e+02 1.573e-01  1  0   0  0   0   1         0
8996.666  8.997  0   0  0 1.001e+03 1.001e+00  0 1.093e+04 1.093e+01  1  0   0  0   0   1         0
8961.103  8.961  0   0  1 2.362e+04 2.362e+01  0 2.985e+02 2.985e-01  1  0   0  0   0   1         0
8989.387  8.989  0   0  1 2.759e+04 2.759e+01  0 1.862e+02 1.862e-01  1  0   0  0   0   1         0
8982.203  8.982  0   0  4 5.222e+02 5.222e-01  4 1.791e+04 1.791e+01  1  0   0  0   0   1         0
8975.967  8.976  0   0  4 4.840e+03 4.840e+00  4 2.382e+03 2.382e+00  1  0   0  0   0   1         0
8968.331  8.968  0   0  1 1.789e+02 1.789e-01  0 1.279e+04 1.279e+01  1  0   0  0   0   1         0
8954.666  8.955  0   0  2 2.039e+03 2.039e+00  2 2.864e+02 2.864e-01  1  0   0  0   0   1         0
8985.578  8.986  0   0  4 4.275e+03 4.275e+00  4 9.735e+02 9.735e-01  1  0   0  0   0   1         0
8969.792  8.970  0   0  2 1.304e+04 1.304e+01  2 4.408e+03 4.408e+00  1  0   0  0   0   1         0
8976.805  8.977  0   0  2 6.545e+02 6.545e-01  2 3.263e+03 3.263e+00  1  0   0  0   0   1         0
8952.599  8.953  0   0  2 6.688e+02 6.688e-01  2 1.366e+04 1.366e+01  1  0   0  0   0   1         0
8988.836  8.989  0   0  3 6.806e+03 6.806e+00  0 8.794e+03 8.794e+00  1  0   0  0   0   1         0
8984.661  8.985  0   0  0 1.098e+03 1.098e+00  0 2.180e+04 2.180e+01  1  0   0  0   0   1         0
8976.521  8.977  0   0  1 9.820e+02 9.820e-01  0 1.095e+04 1.095e+01  1  0   0  0   0   1         0
8974.871  8.975  0   0  1 7.480e+03 7.480e+00  0 6.321e+04 6.321e+01  1  0   0  0   0   1         0
8966.901  8.967  0   0  2 7.599e+02 7.599e-01  2 2.015e+03 2.015e+00  1  0   0  0   0   1         0
8967.170  8.967  0   0  2 4.306e+02 4.306e-01  2 1.074e+03 1.074e+00  1  0   0  0   0   1         0
8953.438  8.953  0   0  4 2.002e+02 2.002e-01  4 2.309e+04 2.309e+01  1  0   0  0   0   1         0
8984.384  8.984  0   0  3 1.022e+04 1.022e+01  0 1.987e+04 1.987e+01  1  0   0  0   0   1         0
8952.258  8.952  0   0  3 1.703e+03 1.703e+00  0 1.746e+03 1.746e+00  1  0   0  0   0   1         0
8950.071  8.950  0   0  8 8.459e+02 8.459e-01  8 1.073e+03 1.073e+00  1  0   0  0   0   1         0
8951.556  8.952  0   0  2 1.792e+04 1.792e+01  2 5.832e+02 5.832e-01  1  0   0  0   0   1         0
8960.209  8.960  0   0  7 1.362e+03 1.362e+00  0 1.863e+01 1.863e-02  1  0   0  0   0   1         0
8978.564  8.979  0   0  4 1.491e+04 1.491e+01  4 1.278e+04 1.278e+01  1  0   0  0   0   1         0
8984.106  8.984  0   0  2 1.812e+04 1.812e+01  2 2.601e+04 2.601e+01  1  0   0  0   0   1         0
8971.091  8.971  0   0  5 8.917e+02 8.917e-01  0 1.109e+01 1.109e-02  1  0   0  0   0   1         0
8970.486  8.970  0   0  1 5.576e+03 5.576e+00  0 2.675e+04 2.675e+01  1  0   0  0   0   1         0
8978.894  8.979  0   0  2 8.699e+03 8.699e+00  2 3.520e+03 3.520e+00  1  0   0  0   0   1         0
8979.895  8.980  0   0  1 3.591e+01 3.591e-02  0 5.676e+03 5.676e+00  1  0   0  0   0   1         0
8992.279  8.992  0   0  7 1.685e+00 1.685e-03  0 1.783e+04 1.783e+01  1  0   0  0   0   1         0
8990.987  8.991  0   0  3 3.257e+02 3.257e-01  0 1.351e+04 1.351e+01  1  0   0  0   0   1         0
8991.209  8.991  0   0  1 2.794e+03 2.794e+00  0 8.523e+03 8.523e+00  1  0   0  0   0   1         0
8992.238  8.992  0   0  1 2.723e+02 2.723e-01  0 4.779e+02 4.779e-01  1  0   0  0   0   1         0
8994.015  8.994  0   0  0 1.137e+03 1.137e+00  0 1.713e+04 1.713e+01  1  0   0  0   0   1         0
8977.821  8.978  0   0  1 6.736e+03 6.736e+00  0 1.223e+03 1.223e+00  1  0   0  0   0   1         0
9048.522  9.049  0   0  5 1.615e+04 1.615e+01  0 2.251e+02 2.251e-01  1  0   0  0   0   1         0
9018.874  9.019  0   0  3 1.726e+03 1.726e+00  0 5.639e+03 5.639e+00  1  0   0  0   0   1         0
9048.012  9.048  0   0  2 8.989e+02 8.989e-01  2 8.843e+03 8.843e+00  1  0   0  0   0   1         0
9012.855  9.013  0   0  2 3.675e-01 3.675e-04  2 3.783e+01 3.783e-02  1  0   0  0   0   1         0
9005.376  9.005  0   0  2 1.612e+03 1.612e+00  2 1.416e+04 1.416e+01  1  0   0  0   0   1         0
9007.998  9.008  0   0  2 2.617e+03 2.617e+00  2 7.861e+03 7.861e+00  1  0   0  0   0   1         0
9038.868  9.039  0   0  2 1.093e+03 1.093e+00  2 5.787e+00 5.787e-03  1  0   0  0   0   1         0
9027.137  9.027  0   0  2 5.760e+03 5.760e+00  2 7.746e+03 7.746e+00  1  0   0  0   0   1         0
9029.347  9.029  0   0  5 2.390e+03 2.390e+00  0 2.979e+03 2.979e+00  1  0   0  0   0   1         0
9048.417  9.048  0   0  1 1.872e+01 1.872e-02  0 8.969e+02 8.969e-01  1  0   0  0   0   1         0
9025.500  9.026  0   0  1 6.487e-01 6.487e-04  0 4.851e+03 4.851e+00  1  0   0  0   0   1         0
9005.959  9.006  0   0  1 1.366e+02 1.366e-01  0 3.817e+03 3.817e+00  1  0   0  0   0   1         0
9036.133  9.036  0   0  5 4.658e+01 4.658e-02  0 5.695e+03 5.695e+00  1  0   0  0   0   1         0
9010.564  9.011  0   0  1 7.201e+01 7.201e-02  0 5.248e+03 5.248e+00  1  0   0  0   0   1         0
9029.327  9.029  0   0  2 6.682e+02 6.682e-01  2 3.680e+02 3.680e-01  1  0   0  0   0   1         0
9042.845  9.043  0   0  2 1.599e+03 1.599e+00  2 7.328e+03 7.328e+00  1  0   0  0   0   1         0
9024.112  9.024  0   0  1 1.897e+01 1.897e-02  0 9.121e+02 9.121e-01  1  0   0  0   0   1         0
9015.939  9.016  0   0  3 5.516e+03 5.516e+00  0 3.354e+04 3.354e+01  1  0   0  0   0   1         0
9029.029  9.029  0   0  8 7.322e+02 7.322e-01  8 2.744e+03 2.744e+00  1  0   0  0   0   1         0
9006.464  9.006  0   0  3 1.242e+04 1.242e+01  0 6.834e+03 6.834e+00  1  0   0  0   0   1         0
9015.600  9.016  0   0  2 1.722e+02 1.722e-01  2 2.207e+02 2.207e-01  1  0   0  0   0   1         0
9025.465  9.025  0   0  2 1.014e+04 1.014e+01  2 2.891e+04 2.891e+01  1  0   0  0   0   1         0
9012.905  9.013  0   0  2 1.871e+03 1.871e+00  2 8.183e+02 8.183e-01  1  0   0  0   0   1         0
9002.002  9.002  0   0  3 1.131e+02 1.131e-01  0 6.893e+01 6.893e-02  1  0   0  0   0   1         0
9029.507  9.030  0   0  2 1.691e+03 1.691e+00  2 2.587e+03 2.587e+00  1  0   0  0   0   1         0
9020.311  9.020  0   0  0 1.332e+03 1.332e+00  0 1.563e+04 1.563e+01  1  0   0  0   0   1         0
9019.778  9.020  0   0  2 2.142e+03 2.142e+00  2 2.852e+04 2.852e+01  1  0   0  0   0   1         0
9049.844  9.050  0   0  3 4.812e+01 4.812e-02  0 1.660e-03 1.660e-06  1  0   0  0   0   1         0
9005.693  9.006  0   0  0 1.701e+03 1.701e+00  0 7.114e+03 7.114e+00  1  0   0  0   0   1         0
9007.845  9.008  0   0  1 2.426e+03 2.426e+00  0 2.814e+03 2.814e+00  1  0   0  0   0   1         0
9043.923  9.044  0   0  3 4.880e+03 4.880e+00  0 3.760e+03 3.760e+00  1  0   0  0   0   1         0
9006.632  9.007  0   0  5 7.819e+03 7.819e+00  0 6.957e-04 6.957e-07  1  0   0  0   0   1         0
9045.958  9.046  0   0  4 2.721e+04 2.721e+01  4 1.669e+04 1.669e+01  1  0   0  0   0   1         0
9033.824  9.034  0   0  5 4.953e+03 4.953e+00  0 1.016e+04 1.016e+01  1  0   0  0   0   1         0
9026.665  9.027  0   0  2 3.912e+02 3.912e-01  2 3.897e+02 3.897e-01  1  0   0  0   0   1         0
9014.129  9.014  0   0  3 8.355e+02 8.355e-01  0 1.952e+03 1.952e+00  1  0   0  0   0   1         0
9018.213  9.018  0   0  5 8.140e-02 8.140e-05  0 9.268e+01 9.268e-02  1  0   0  0   0   1         0
9041.444  9.041  0   0  8 1.055e+04 1.055e+01  8 9.722e+03 9.722e+00  1  0   0  0   0   1         0
9002.932  9.003  0   0  5 8.130e+02 8.130e-01  0 3.627e+00 3.627e-03  1  0   0  0   0   1         0
9038.609  9.039  0   0  2 3.324e+03 3.324e+00  2 3.137e+03 3.137e+00  1  0   0  0   0   1         0
9041.536  9.042  0   0  4 8.414e+00 8.414e-03  4 1.940e+04 1.940e+01  1  0   0  0   0   1         0
9035.511  9.036  0   0  3 1.801e+03 1.801e+00  0 3.724e+03 3.724e+00  1  0   0  0   0   1         0
9002.779  9.003  0   0  4 2.874e+03 2.874e+00  4 7.132e+03 7.132e+00  1  0   0  0   0   1         0
9037.328  9.037  0   0  2 7.272e+02 7.272e-01  2 1.482e+04 1.482e+01  1  0   0  0   0   1         0
9036.363  9.036  0   0  1 1.368e+04 1.368e+01  0 2.537e+04 2.537e+01  1  0   0  0   0   1         0
9000.668  9.001  0   0  2 1.305e+04 1.305e+01  2 1.327e+04 1.327e+01  1  0   0  0   0   1         0
9044.712  9.045  0   0  1 6.889e+02 6.889e-01  0 3.357e+03 3.357e+00  1  0   0  0   0   1         0
9006.730  9.007  0   0  0 5.760e+01 5.760e-02  0 5.442e+02 5.442e-01  1  0   0  0   0   1         0
9048.077  9.048  0   0  4 6.359e+02 6.359e-01  4 1.432e+03 1.432e+00  1  0   0  0   0   1         0
9003.607  9.004  0   0  3 1.125e+04 1.125e+01  0 8.556e+04 8.556e+01  1  0   0  0   0   1         0
9012.092  9.012  0   0  0 2.243e+03 2.243e+00  0 1.249e+03 1.249e+00  1  0   0  0   0   1         0
9034.731  9.035  0   0  1 3.102e+03 3.102e+00  0 7.916e+03 7.916e+00  1  0   0  0   0   1         0
9006.986  9.007  0   0  0 5.479e+03 5.479e+00  0 4.340e+03 4.340e+00  1  0   0  0   0   1         0
9009.406  9.009  0   0  7 6.387e+03 6.387e+00  0 5.646e+03 5.646e+00  1  0   0  0   0   1         0
9000.570  9.001  0   0  4 3.472e+03 3.472e+00  4 9.450e+02 9.450e-01  1  0   0  0   0   1         0
9041.470  9.041  0   0  4 3.313e+04 3.313e+01  4 9.822e+03 9.822e+00  1  0   0  0   0   1         0
9001.919  9.002  0   0  1 3.307e+02 3.307e-01  0 5.702e+03 5.702e+00  1  0   0  0   0   1         0
9031.867  9.032  0   0  4 4.370e+02 4.370e-01  4 2.122e+03 2.122e+00  1  0   0  0   0   1         0
9029.366  9.029  0   0  3 1.544e+03 1.544e+00  0 5.981e+03 5.981e+00  1  0   0  0   0   1         0
9025.820  9.026  0   0  4 3.093e+03 3.093e+00  4 1.311e+04 1.311e+01  1  0   0  0   0   1         0
9019.001  9.019  0   0  2 9.117e+02 9.117e-01  2 6.539e+03 6.539e+00  1  0   0  0   0   1         0
9015.196  9.015  0   0  1 7.553e+03 7.553e+00  0 5.258e+02 5.258e-01  1  0   0  0   0   1         0
9047.889  9.048  0   0  4 6.960e+03 6.960e+00  4 7.771e+03 7.771e+00  1  0   0  0   0   1         0
9039.440  9.039  0   0  2 4.275e+01 4.275e-02  2 3.230e+04 3.230e+01  1  0   0  0   0   1         0
9046.209  9.046  0   0  3 2.581e+03 2.581e+00  0 1.758e+03 1.758e+00  1  0   0  0   0   1         0
9036.894  9.037  0   0  7 3.644e+02 3.644e-01  0 7.826e+01 7.826e-02  1  0   0  0   0   1         0
9053.526  9.054  0   0  2 3.298e+03 3.298e+00  2 2.288e+03 2.288e+00  1  0   0  0   0   1         0
9066.728  9.067  0   0  5 8.143e+03 8.143e+00  0 2.568e+03 2.568e+00  1  0   0  0   0   1         0
9060.486  9.060  0   0  0 5.981e+03 5.981e+00  0 5.702e+03 5.702e+00  1  0   0  0   0   1         0
9090.078  9.090  0   0  3 1.866e+03 1.866e+00  0 3.935e+01 3.935e-02  1  0   0  0   0   1         0
9073.417  9.073  0   0  3 3.828e+03 3.828e+00  0 5.524e+02 5.524e-01  1  0   0  0   0   1         0
9070.490  9.070  0   0  1 1.775e+01 1.775e-02  0 4.166e+03 4.166e+00  1  0   0  0   0   1         0
9084.826  9.085  0   0  5 6.819e+03 6.819e+00  0 5.172e+03 5.172e+00  1  0   0  0   0   1         0
9097.408  9.097  0   0  1 3.354e+03 3.354e+00  0 2.607e+01 2.607e-02  1  0   0  0   0   1         0
9065.288  9.065  0   0  2 2.003e-02 2.003e-05  2 1.872e+03 1.872e+00  1  0   0  0   0   1         0
9053.400  9.053  0   0  0 1.451e+03 1.451e+00  0 4.201e+03 4.201e+00  1  0   0  0   0   1         0
9055.587  9.056  0   0  8 6.978e+00 6.978e-03  8 2.448e+04 2.448e+01  1  0   0  0   0   1         0
9092.981  9.093  0   0  8 5.445e+03 5.445e+00  8 1.120e+02 1.120e-01  1  0   0  0   0   1         0
9092.420  9.092  0   0  3 2.458e+03 2.458e+00  0 3.550e+03 3.550e+00  1  0   0  0   0   1         0
9074.016  9.074  0   0  5 9.044e+03 9.044e+00  0 2.616e+02 2.616e-01  1  0   0  0   0   1         0
9057.509  9.058  0   0  2 8.469e+03 8.469e+00  2 1.179e+04 1.179e+01  1  0   0  0   0   1         0
9076.571  9.077  0   0  3 3.081e+02 3.081e-01  0 3.585e+03 3.585e+00  1  0   0  0   0   1         0
9083.639  9.084  0   0  3 3.642e+04 3.642e+01  0 1.673e+03 1.673e+00  1  0   0  0   0   1         0
9066.833  9.067  0   0  0 3.524e+02 3.524e-01  0 3.028e+04 3.028e+01  1  0   0  0   0   1         0
9054.202  9.054  0   0  1 6.715e+03 6.715e+00  0 2.757e+03 2.757e+00  1  0   0  0   0   1         0
9066.315  9.066  0   0  8 3.147e+04 3.147e+01  8 2.672e+03 2.672e+00  1  0   0  0   0   1         0
9084.739  9.085  0   0  8 6.856e+02 6.856e-01  8 1.349e+03 1.349e+00  1  0   0  0   0   1         0
9098.939  9.099  0   0  1 8.656e+03 8.656e+00  0 3.404e+03 3.404e+00  1  0   0  0   0   1         0
9059.659  9.060  0   0  3 7.447e+03 7.447e+00  0 2.233e+04 2.233e+01  1  0   0  0   0   1         0
9095.804  9.096  0   0  5 2.520e+03 2.520e+00  0 9.880e+03 9.880e+00  1  0   0  0   0   1         0
9073.078  9.073  0   0  3 4.965e+03 4.965e+00  0 1.366e+04 1.366e+01  1  0   0  0   0   1         0
9083.381  9.083  0   0  3 1.014e+04 1.014e+01  0 1.117e+03 1.117e+00  1  0   0  0   0   1         0
9093.300  9.093  0   0  1 3.800e+02 3.800e-01  0 1.290e+01 1.290e-02  1  0   0  0   0   1         0
9078.117  9.078  0   0  0 1.208e+02 1.208e-01  0 6.452e+04 6.452e+01  1  0   0  0   0   1         0
9053.131  9.053  0   0  2 1.521e+03 1.521e+00  2 7.835e+03 7.835e+00  1  0   0  0   0   1         0
9063.484  9.063  0   0  1 2.205e+03 2.205e+00  0 1.940e+04 1.940e+01  1  0   0  0   0   1         0
9090.300  9.090  0   0  4 2.105e+03 2.105e+00  4 8.374e+03 8.374e+00  1  0   0  0   0   1         0
9077.889  9.078  0   0  6 1.072e+03 1.072e+00  6 6.175e+03 6.175e+00  1  0   0  0   0   1         0
9066.674  9.067  0   0  1 1.363e+04 1.363e+01  0 4.040e+02 4.040e-01  1  0   0  0   0   1         0
9079.405  9.079  0   0  2 3.528e+03 3.528e+00  2 4.437e+04 4.437e+01  1  0   0  0   0   1         0
9063.625  9.064  0   0  2 8.862e+03 8.862e+00  2 7.712e+03 7.712e+00  1  0   0  0   0   1         0
9062.234  9.062  0   0  4 4.254e+03 4.254e+00  4 6.058e+03 6.058e+00  1  0   0  0   0   1         0
9091.559  9.092  0   0  1 1.137e+03 1.137e+00  0 1.836e+03 1.836e+00  1  0   0  0   0   1         0
9070.242  9.070  0   0  4 2.622e+03 2.622e+00  4 5.913e+02 5.913e-01  1  0   0  0   0   1         0
9063.898  9.064  0   0  2 1.679e+02 1.679e-01  2 1.545e+03 1.545e+00  1  0   0  0   0   1         0
9070.699  9.071  0   0  7 9.905e+02 9.905e-01  0 7.071e+02 7.071e-01  1  0   0  0   0   1         0
9096.103  9.096  0   0  8 8.624e+03 8.624e+00  8 1.281e+03 1.281e+00  1  0   0  0   0   1         0
9059.188  9.059  0   0  6 5.413e+02 5.413e-01  6 2.368e+03 2.368e+00  1  0   0  0   0   1         0
9059.413  9.059  0   0  2 1.070e+03 1.070e+00  2 3.501e+03 3.501e+00  1  0   0  0   0   1         0
9067.916  9.068  0   0  3 1.140e+03 1.140e+00  0 4.903e+03 4.903e+00  1  0   0  0   0   1         0
9053.079  9.053  0   0  1 8.547e+00 8.547e-03  0 2.429e+04 2.429e+01  1  0   0  0   0   1         0
9053.816  9.054  0   0  2 1.152e+03 1.152e+00  2 6.781e+02 6.781e-01  1  0   0  0   0   1         0
9050.560  9.051  0   0  0 9.062e+02 9.062e-01  0 1.304e+03 1.304e+00  1  0   0  0   0   1         0
9057.435  9.057  0   0  8 5.293e+02 5.293e-01  8 1.131e+01 1.131e-02  1  0   0  0   0   1         0
9082.246  9.082  0   0  6 2.586e+00 2.586e-03  6 1.312e+03 1.312e+00  1  0   0  0   0   1         0
9059.980  9.060  0   0  4 6.378e+03 6.378e+00  4 1.306e+04 1.306e+01  1  0   0  0   0   1         0
9069.124  9.069  0   0  2 4.100e+02 4.100e-01  2 9.722e+01 9.722e-02  1  0   0  0   0   1         0
9085.484  9.085  0   0  4 4.480e+02 4.480e-01  4 5.243e+03 5.243e+00  1  0   0  0   0   1         0
9051.622  9.052  0   0  6 1.070e+03 1.070e+00  6 2.147e+03 2.147e+00  1  0   0  0   0   1         0
9060.619  9.061  0   0  1 1.838e+02 1.838e-01  0 2.774e+04 2.774e+01  1  0   0  0   0   1         0
9099.798  9.100  0   0  3 8.108e+02 8.108e-01  0 3.030e+04 3.030e+01  1  0   0  0   0   1         0
9080.086  9.080  0   0  4 1.706e+04 1.706e+01  4 2.090e+03 2.090e+00  1  0   0  0   0   1         0
9083.220  9.083  0   0  2 6.805e+03 6.805e+00  2 8.681e+02 8.681e-01  1  0   0  0   0   1         0
9076.050  9.076  0   0  4 2.566e+01 2.566e-02  4 5.011e+00 5.011e-03  1  0   0  0   0   1         0
9098.326  9.098  0   0  1 5.358e+01 5.358e-02  0 1.550e+02 1.550e-01  1  0   0  0   0   1         0
9057.339  9.057  0   0  2 9.270e+03 9.270e+00  2 1.378e+02 1.378e-01  1  0   0  0   0   1         0
9053.432  9.053  0   0  6 9.663e+03 9.663e+00  6 8.217e+02 8.217e-01  1  0   0  0   0   1         0
9090.955  9.091  0   0  1 3.779e+02 3.779e-01  0 7.726e+00 7.726e-03  1  0   0  0   0   1         0
9050.209  9.050  0   0  0 9.539e+03 9.539e+00  0 1.153e+02 1.153e-01  1  0   0  0   0   1         0
9078.322  9.078  0   0  2 1.306e+04 1.306e+01  2 1.123e+03 1.123e+00  1  0   0  0   0   1         0
9050.072  9.050  0   0  4 8.979e+02 8.979e-01  4 1.092e+03 1.092e+00  1  0   0  0   0   1         0
9067.639  9.068  0   0  2 2.737e+01 2.737e-02  2 2.265e+04 2.265e+01  1  0   0  0   0   1         0
9082.768  9.083  0   0  1 6.012e+03 6.012e+00  0 7.398e+03 7.398e+00  1  0   0  0   0   1         0
9077.611  9.078  0   0  2 9.195e+02 9.195e-01  2 4.695e+02 4.695e-01  1  0   0  0   0   1         0
9078.237  9.078  0   0  4 3.737e+02 3.737e-01  4 2.964e+03 2.964e+00  1  0   0  0   0   1         0
9058.000  9.058  0   0  3 1.051e+02 1.051e-01  0 4.333e+02 4.333e-01  1  0   0  0   0   1         0
9132.975  9.133  0   0  1 1.796e+03 1.796e+00  0 5.474e+03 5.474e+00  1  0   0  0   0   1         0
9149.812  9.150  0   0  3 4.866e+02 4.866e-01  0 1.295e+04 1.295e+01  1  0   0  0   0   1         0
9132.771  9.133  0   0  2 2.525e+03 2.525e+00  2 1.865e+03 1.865e+00  1  0   0  0   0   1         0
9149.250  9.149  0   0  1 9.689e+00 9.689e-03  0 2.244e+04 2.244e+01  1  0   0  0   0   1         0
9129.082  9.129  0   0  3 1.481e+03 1.481e+00  0 3.583e+03 3.583e+00  1  0   0  0   0   1         0
9114.361  9.114  0   0  7 5.070e+02 5.070e-01  0 3.470e+03 3.470e+00  1  0   0  0   0   1         0
9143.720  9.144  0   0  4 2.616e+04 2.616e+01  4 8.440e+02 8.440e-01  1  0   0  0   0   1         0
9103.420  9.103  0   0  5 3.127e+02 3.127e-01  0 3.279e+03 3.279e+00  1  0   0  0   0   1         0
9105.210  9.105  0   0  4 1.422e+04 1.422e+01  4 9.489e+02 9.489e-01  1  0   0  0   0   1         0
9147.427  9.147  0   0  3 2.800e+03 2.800e+00  0 1.965e+04 1.965e+01  1  0   0  0   0   1         0
9132.725  9.133  0   0  4 4.446e+03 4.446e+00  4 1.573e+02 1.573e-01  1  0   0  0   0   1         0
9146.510  9.147  0   0  1 1.532e+04 1.532e+01  0 6.611e+03 6.611e+00  1  0   0  0   0   1         0
9106.756  9.107  0   0 10 1.512e+03 1.512e+00 10 8.943e+03 8.943e+00  1  0   0  0   0   1         0
9138.581  9.139  0   0  5 3.730e+01 3.730e-02  0 1.228e+03 1.228e+00  1  0   0  0   0   1         0
9111.913  9.112  0   0  3 5.046e+03 5.046e+00  0 1.913e+03 1.913e+00  1  0   0  0   0   1         0
9117.384  9.117  0   0  1 1.090e+04 1.090e+01  0 6.833e+03 6.833e+00  1  0   0  0   0   1         0
9145.035  9.145  0   0  7 1.623e+04 1.623e+01  0 9.408e+03 9.408e+00  1  0   0  0   0   1         0
9120.795  9.121  0   0  1 3.067e+03 3.067e+00  0 4.967e+03 4.967e+00  1  0   0  0   0   1         0
9133.736  9.134  0   0  0 1.790e+04 1.790e+01  0 4.704e+02 4.704e-01  1  0   0  0   0   1         0
9144.458  9.144  0   0  3 1.454e+04 1.454e+01  0 2.158e+03 2.158e+00  1  0   0  0   0   1         0
9143.649  9.144  0   0  2 2.406e+04 2.406e+01  2 3.401e+04 3.401e+01  1  0   0  0   0   1         0
9100.454  9.100  0   0  4 1.029e+04 1.029e+01  4 1.910e+00 1.910e-03  1  0   0  0   0   1         0
9108.039  9.108  0   0  1 2.099e+02 2.099e-01  0 5.734e+04 5.734e+01  1  0   0  0   0   1         0
9146.001  9.146  0   0  1 5.351e+02 5.351e-01  0 3.040e+02 3.040e-01  1  0   0  0   0   1         0
9128.355  9.128  0   0  1 1.509e+02 1.509e-01  0 3.111e+02 3.111e-01  1  0   0  0   0   1         0
9124.248  9.124  0   0  3 5.786e+01 5.786e-02  0 4.459e+03 4.459e+00  1  0   0  0   0   1         0
9103.322  9.103  0   0  1 1.143e+03 1.143e+00  0 2.451e+01 2.451e-02  1  0   0  0   0   1         0
9101.276  9.101  0   0  2 1.017e+02 1.017e-01  2 5.534e+03 5.534e+00  1  0   0  0   0   1         0
9147.712  9.148  0   0  0 6.464e+03 6.464e+00  0 3.631e+02 3.631e-01  1  0   0  0   0   1         0
9123.930  9.124  0   0  2 3.656e+01 3.656e-02  2 1.488e+02 1.488e-01  1  0   0  0   0   1         0
9139.479  9.139  0   0  5 7.050e+03 7.050e+00  0 1.704e+04 1.704e+01  1  0   0  0   0   1         0
9111.165  9.111  0   0  7 7.561e+02 7.561e-01  0 1.853e+04 1.853e+01  1  0   0  0   0   1         0
9112.028  9.112  0   0  6 1.402e+03 1.402e+00  6 1.629e+03 1.629e+00  1  0   0  0   0   1         0
9128.247  9.128  0   0  1 1.597e+03 1.597e+00  0 1.881e+04 1.881e+01  1  0   0  0   0   1         0
9143.903  9.144  0   0  1 4.221e+01 4.221e-02  0 4.671e+03 4.671e+00  1  0   0  0   0   1         0
9114.626  9.115  0   0  4 4.946e+01 4.946e-02  4 1.026e+03 1.026e+00  1  0   0  0   0   1         0
9116.652  9.117  0   0  3 5.601e+03 5.601e+00  0 1.985e+04 1.985e+01  1  0   0  0   0   1         0
9127.767  9.128  0   0  5 9.851e+03 9.851e+00  0 5.878e+02 5.878e-01  1  0   0  0   0   1         0
9102.037  9.102  0   0  5 9.344e+03 9.344e+00  0 2.088e+04 2.088e+01  1  0   0  0   0   1         0
9119.164  9.119  0   0  4 1.950e+01 1.950e-02  4 2.216e+01 2.216e-02  1  0   0  0   0   1         0
9128.049  9.128  0   0  3 2.026e+01 2.026e-02  0 3.923e+03 3.923e+00  1  0   0  0   0   1         0
9100.246  9.100  0   0  1 1.076e+04 1.076e+01  0 6.121e+03 6.121e+00  1  0   0  0   0   1         0
9132.119  9.132  0   0  3 2.895e+03 2.895e+00  0 1.837e+04 1.837e+01  1  0   0  0   0   1         0
9102.595  9.103  0   0  6 1.126e+03 1.126e+00  6 1.876e+03 1.876e+00  1  0   0  0   0   1         0
9136.189  9.136  0   0  2 1.051e+04 1.051e+01  2 7.661e+03 7.661e+00  1  0   0  0   0   1         0
9140.234  9.140  0   0  3 1.317e+03 1.317e+00  0 1.357e+04 1.357e+01  1  0   0  0   0   1         0
9142.067  9.142  0   0  1 1.582e+03 1.582e+00  0 9.969e+03 9.969e+00  1  0   0  0   0   1         0
9133.878  9.134  0   0  5 1.684e+04 1.684e+01  0 4.301e+02 4.301e-01  1  0   0  0   0   1         0
9128.313  9.128  0   0  3 5.342e+03 5.342e+00  0 2.970e+04 2.970e+01  1  0   0  0   0   1         0
9115.583  9.116  0   0  5 9.257e+02 9.257e-01  0 2.481e+04 2.481e+01  1  0   0  0   0   1         0
9121.464  9.121  0   0  2 1.005e+04 1.005e+01  2 1.427e+04 1.427e+01  1  0   0  0   0   1         0
9104.430  9.104  0   0  2 2.484e+03 2.484e+00  2 2.963e+04 2.963e+01  1  0   0  0   0   1         0
9135.551  9.136  0   0  2 2.233e+03 2.233e+00  2 7.639e+03 7.639e+00  1  0   0  0   0   1         0
9101.257  9.101  0   0  3 1.949e+03 1.949e+00  0 1.300e+04 1.300e+01  1  0   0  0   0   1         0
9120.904  9.121  0   0  3 1.748e+03 1.748e+00  0 3.955e+02 3.955e-01  1  0   0  0   0   1         0
9125.549  9.126  0   0  4 4.838e+01 4.838e-02  4 4.233e+02 4.233e-01  1  0   0  0   0   1         0
9132.720  9.133  0   0  1 3.371e+03 3.371e+00  0 9.164e+03 9.164e+00  1  0   0  0   0   1         0
9117.376  9.117  0   0  3 4.333e+03 4.333e+00  0 1.469e+04 1.469e+01  1  0   0  0   0   1         0
9122.375  9.122  0   0  0 4.854e+02 4.854e-01  0 2.712e+03 2.712e+00  1  0   0  0   0   1         0
9129.599  9.130  0   0  2 7.966e+03 7.966e+00  2 3.424e+02 3.424e-01  1  0   0  0   0   1         0
9146.225  9.146  0   0  4 2.379e+03 2.379e+00  4 6.609e+01 6.609e-02  1  0   0  0   0   1         0
9133.807  9.134  0   0  2 2.926e+03 2.926e+00  2 1.747e+04 1.747e+01  1  0   0  0   0   1         0
9112.904  9.113  0   0  4 5.878e+03 5.878e+00  4 3.123e+03 3.123e+00  1  0   0  0   0   1         0
9142.485  9.142  0   0  1 2.883e+03 2.883e+00  0 2.735e+02 2.735e-01  1  0   0  0   0   1         0
9102.804  9.103  0   0  5 5.872e+02 5.872e-01  0 5.033e+02 5.033e-01  1  0   0  0   0   1         0
9113.805  9.114  0   0  4 3.996e+01 3.996e-02  4 8.784e+04 8.784e+01  1  0   0  0   0   1         0
9180.529  9.181  0   0  5 5.516e+03 5.516e+00  0 1.097e+03 1.097e+00  1  0   0  0   0   1         0
9182.250  9.182  0   0  0 7.652e+00 7.652e-03  0 1.315e+03 1.315e+00  1  0   0  0   0   1         0
9159.953  9.160  0   0  1 9.741e+03 9.741e+00  0 3.157e+01 3.157e-02  1  0   0  0   0   1         0
9168.682  9.169  0   0  2 2.452e+03 2.452e+00  2 2.090e+04 2.090e+01  1  0   0  0   0   1         0
9170.257  9.170  0   0  2 1.141e+04 1.141e+01  2 6.995e+03 6.995e+00  1  0   0  0   0   1         0
9161.699  9.162  0   0  3 2.720e+03 2.720e+00  0 1.165e+04 1.165e+01  1  0   0  0   0   1         0
9161.865  9.162  0   0  1 3.310e+02 3.310e-01  0 6.970e+03 6.970e+00  1  0   0  0   0   1         0
9180.612  9.181  0   0  5 9.450e+03 9.450e+00  0 6.334e+03 6.334e+00  1  0   0  0   0   1         0
9155.514  9.156  0   0  3 2.372e+03 2.372e+00  0 1.950e+04 1.950e+01  1  0   0  0   0   1         0
9156.562  9.157  0   0  1 7.081e+03 7.081e+00  0 7.026e+03 7.026e+00  1  0   0  0   0   1         0
9178.889  9.179  0   0  0 5.605e+02 5.605e-01  0 1.277e+04 1.277e+01  1  0   0  0   0   1         0
9172.695  9.173  0   0  1 1.072e+02 1.072e-01  0 7.803e+02 7.803e-01  1  0   0  0   0   1         0
9180.814  9.181  0   0  4 3.314e+01 3.314e-02  4 1.024e+01 1.024e-02  1  0   0  0   0   1         0
9151.372  9.151  0   0  2 2.023e+02 2.023e-01  2 6.797e+01 6.797e-02  1  0   0  0   0   1         0
9185.435  9.185  0   0  1 2.688e+01 2.688e-02  0 2.047e+04 2.047e+01  1  0   0  0   0   1         0
9192.610  9.193  0   0  1 2.289e+04 2.289e+01  0 1.576e+03 1.576e+00  1  0   0  0   0   1         0
9176.436  9.176  0   0  1 3.690e+03 3.690e+00  0 2.349e+03 2.349e+00  1  0   0  0   0   1         0
9192.163  9.192  0   0  2 6.697e+03 6.697e+00  2 1.649e+04 1.649e+01  1  0   0  0   0   1         0
9170.205  9.170  0   0  5 4.728e+02 4.728e-01  0 7.570e+02 7.570e-01  1  0   0  0   0   1         0
9154.014  9.154  0   0  2 1.183e+03 1.183e+00  2 3.778e+04 3.778e+01  1  0   0  0   0   1         0
9169.094  9.169  0   0  1 5.721e+02 5.721e-01  0 3.466e+04 3.466e+01  1  0   0  0   0   1         0
9172.546  9.173  0   0  6 6.279e+02 6.279e-01  6 2.113e+00 2.113e-03  1  0   0  0   0   1         0
9193.382  9.193  0   0  2 1.006e+03 1.006e+00  2 1.265e+03 1.265e+00  1  0   0  0   0   1         0
9166.942  9.167  0   0  1 1.902e+04 1.902e+01  0 7.031e+02 7.031e-01  1  0   0  0   0   1         0
9165.955  9.166  0   0  1 1.988e+04 1.988e+01  0 3.947e+02 3.947e-01  1  0   0  0   0   1         0
9194.491  9.194  0   0  1 7.968e+01 7.968e-02  0 2.119e+04 2.119e+01  1  0   0  0   0   1         0
9162.723  9.163  0   0  1 2.016e+03 2.016e+00  0 5.515e+03 5.515e+00  1  0   0  0   0   1         0
9182.332  9.182  0   0  4 1.953e+03 1.953e+00  4 9.274e+01 9.274e-02  1  0   0  0   0   1         0
9166.535  9.167  0   0  1 1.008e+04 1.008e+01  0 2.121e+02 2.121e-01  1  0   0  0   0   1         0
9197.614  9.198  0   0  6 9.975e+03 9.975e+00  6 2.791e+03 2.791e+00  1  0   0  0   0   1         0
9159.624  9.160  0   0  1 4.099e+03 4.099e+00  0 2.078e+04 2.078e+01  1  0   0  0   0   1         0
9186.379  9.186  0   0  2 4.305e+03 4.305e+00  2 4.686e+02 4.686e-01  1  0   0  0   0   1         0
9177.730  9.178  0   0  2 4.616e+02 4.616e-01  2 1.321e+04 1.321e+01  1  0   0  0   0   1         0
9198.954  9.199  0   0  8 1.431e+04 1.431e+01  8 4.101e+03 4.101e+00  1  0   0  0   0   1         0
9199.708  9.200  0   0  1 1.287e+03 1.287e+00  0 1.572e+04 1.572e+01  1  0   0  0   0   1         0
9189.834  9.190  0   0  5 2.634e+02 2.634e-01  0 1.802e+04 1.802e+01  1  0   0  0   0   1         0
9155.259  9.155  0   0  0 2.859e+02 2.859e-01  0 1.076e+04 1.076e+01  1  0   0  0   0   1         0
9173.679  9.174  0   0  2 2.079e+04 2.079e+01  2 1.376e+04 1.376e+01  1  0   0  0   0   1         0
9192.838  9.193  0   0  0 3.547e+01 3.547e-02  0 4.466e+02 4.466e-01  1  0   0  0   0   1         0
9182.135  9.182  0   0  2 2.651e+03 2.651e+00  2 4.852e+01 4.852e-02  1  0   0  0   0   1         0
9194.045  9.194  0   0  2 1.702e+03 1.702e+00  2 1.903e+03 1.903e+00  1  0   0  0   0   1         0
9190.114  9.190  0   0  4 7.207e+01 7.207e-02  4 1.565e+02 1.565e-01  1  0   0  0   0   1         0
9165.847  9.166  0   0  0 1.226e+04 1.226e+01  0 1.504e+00 1.504e-03  1  0   0  0   0   1         0
9159.899  9.160  0   0  0 1.072e+02 1.072e-01  0 2.353e+04 2.353e+01  1  0   0  0   0   1         0
9166.330  9.166  0   0  3 5.266e+03 5.266e+00  0 1.291e+04 1.291e+01  1  0   0  0   0   1         0
9184.990  9.185  0   0  5 1.487e-01 1.487e-04  0 1.319e+02 1.319e-01  1  0   0  0   0   1         0
9174.283  9.174  0   0  3 6.736e+02 6.736e-01  0 3.123e+03 3.123e+00  1  0   0  0   0   1         0
9152.232  9.152  0   0  3 3.416e+03 3.416e+00  0 2.400e+03 2.400e+00  1  0   0  0   0   1         0
9187.298  9.187  0   0  0 3.188e+02 3.188e-01  0 9.882e+03 9.882e+00  1  0   0  0   0   1         0
9152.275  9.152  0   0  4 5.786e+03 5.786e+00  4 3.336e+04 3.336e+01  1  0   0  0   0   1         0
9170.688  9.171  0   0  2 2.110e+03 2.110e+00  2 3.468e+04 3.468e+01  1  0   0  0   0   1         0
9173.343  9.173  0   0  2 1.682e+04 1.682e+01  2 3.677e+02 3.677e-01  1  0   0  0   0   1         0
9175.381  9.175  0   0  5 1.026e+03 1.026e+00  0 8.079e+03 8.079e+00  1  0   0  0   0   1         0
9157.066  9.157  0   0 10 2.309e+03 2.309e+00 10 1.718e+04 1.718e+01  1  0   0  0   0   1         0
9187.561  9.188  0   0  0 3.450e+04 3.450e+01  0 3.040e+03 3.040e+00  1  0   0  0   0   1         0
9192.584  9.193  0   0  1 3.964e+03 3.964e+00  0 3.811e+03 3.811e+00  1  0   0  0   0   1         0
9185.087  9.185  0   0  3 2.178e+02 2.178e-01  0 9.933e+03 9.933e+00  1  0   0  0   0   1         0
9197.595  9.198  0   0  1 2.108e+02 2.108e-01  0 6.226e+02 6.226e-01  1  0   0  0   0   1         0
9163.052  9.163  0   0  3 5.229e+03 5.229e+00  0 8.277e+02 8.277e-01  1  0   0  0   0   1         0
9158.162  9.158  0   0  6 9.170e+02 9.170e-01  6 6.082e+03 6.082e+00  1  0   0  0   0   1         0
9153.423  9.153  0   0  5 7.257e+02 7.257e-01  0 1.849e+04 1.849e+01  1  0   0  0   0   1         0
9186.259  9.186  0   0  4 4.878e+03 4.878e+00  4 2.500e+04 2.500e+01  1  0   0  0   0   1         0
9158.232  9.158  0   0  0 1.530e+02 1.530e-01  0 8.985e+03 8.985e+00  1  0   0  0   0   1         0
9196.961  9.197  0   0  1 1.134e+03 1.134e+00  0 8.999e+03 8.999e+00  1  0   0  0   0   1         0
9180.138  9.180  0   0  7 3.414e-01 3.414e-04  0 1.529e+03 1.529e+00  1  0   0  0   0   1         0
9190.350  9.190  0   0  0 1.940e+02 1.940e-01  0 5.436e+02 5.436e-01  1  0   0  0   0   1         0
9171.961  9.172  0   0  3 1.481e+03 1.481e+00  0 4.999e+04 4.999e+01  1  0   0  0   0   1         0
9186.920  9.187  0   0  2 9.453e+02 9.453e-01  2 7.471e+03 7.471e+00  1  0   0  0   0   1         0
9172.410  9.172  0   0  1 1.259e+04 1.259e+01  0 7.171e+03 7.171e+00  1  0   0  0   0   1         0
9177.166  9.177  0   0  4 7.747e+03 7.747e+00  4 1.377e+03 1.377e+00  1  0   0  0   0   1         0
9188.838  9.189  0   0  0 6.412e+03 6.412e+00  0 7.717e+03 7.717e+00  1  0   0  0   0   1         0
9162.076  9.162  0   0  2 9.573e+03 9.573e+00  2 4.767e+03 4.767e+00  1  0   0  0   0   1         0
9211.072  9.211  0   0  0 2.672e+02 2.672e-01  0 1.913e+04 1.913e+01  1  0   0  0   0   1         0
9218.230  9.218  0   0  2 8.551e+03 8.551e+00  2 2.368e+04 2.368e+01  1  0   0  0   0   1         0
9235.128  9.235  0   0  3 5.802e+03 5.802e+00  0 2.864e+03 2.864e+00  1  0   0  0   0   1         0
9242.378  9.242  0   0  6 1.434e+00 1.434e-03  6 7.613e+03 7.613e+00  1  0   0  0   0   1         0
9249.649  9.250  0   0  1 2.514e+03 2.514e+00  0 1.783e+03 1.783e+00  1  0   0  0   0   1         0
9221.589  9.222  0   0  5 5.087e+03 5.087e+00  0 1.403e+01 1.403e-02  1  0   0  0   0   1         0
9222.880  9.223  0   0  3 2.636e+03 2.636e+00  0 1.622e+04 1.622e+01  1  0   0  0   0   1         0
9238.460  9.238  0   0  1 2.891e+03 2.891e+00  0 2.684e+04 2.684e+01  1  0   0  0   0   1         0
9216.256  9.216  0   0  1 9.282e+03 9.282e+00  0 3.574e+04 3.574e+01  1  0   0  0   0   1         0
9227.246  9.227  0   0  7 1.340e+04 1.340e+01  0 1.929e+01 1.929e-02  1  0   0  0   0   1         0
9234.043  9.234  0   0  4 1.018e+03 1.018e+00  4 2.435e+02 2.435e-01  1  0   0  0   0   1         0
9211.974  9.212  0   0  6 1.496e+03 1.496e+00  6 7.509e+04 7.509e+01  1  0   0  0   0   1         0
9214.159  9.214  0   0  4 3.589e+03 3.589e+00  4 1.739e+03 1.739e+00  1  0   0  0   0   1         0
9218.014  9.218  0   0  2 2.171e+02 2.171e-01  2 2.083e+04 2.083e+01  1  0   0  0   0   1         0
9229.100  9.229  0   0  6 6.289e+03 6.289e+00  6 1.156e+02 1.156e-01  1  0   0  0   0   1         0
9213.697  9.214  0   0  3 4.700e+03 4.700e+00  0 1.385e+01 1.385e-02  1  0   0  0   0   1         0
9210.556  9.211  0   0  3 3.605e+03 3.605e+00  0 4.797e+01 4.797e-02  1  0   0  0   0   1         0
9207.589  9.208  0   0  3 3.959e+03 3.959e+00  0 3.595e+02 3.595e-01  1  0   0  0   0   1         0
9240.601  9.241  0   0  5 5.181e+03 5.181e+00  0 6.322e+04 6.322e+01  1  0   0  0   0   1         0
9244.387  9.244  0   0  4 3.830e+03 3.830e+00  4 4.181e+02 4.181e-01  1  0   0  0   0   1         0
9245.311  9.245  0   0  6 3.942e+01 3.942e-02  6 3.345e+04 3.345e+01  1  0   0  0   0   1         0
9241.210  9.241  0   0  0 1.065e+04 1.065e+01  0 1.484e+03 1.484e+00  1  0   0  0   0   1         0
9206.971  9.207  0   0  1 5.306e+03 5.306e+00  0 5.274e+03 5.274e+00  1  0   0  0   0   1         0
9204.967  9.205  0   0  2 1.143e+04 1.143e+01  2 1.513e+02 1.513e-01  1  0   0  0   0   1         0
9225.180  9.225  0   0  6 1.110e+03 1.110e+00  6 8.363e+02 8.363e-01  1  0   0  0   0   1         0
9226.292  9.226  0   0  0 2.301e+02 2.301e-01  0 4.717e+03 4.717e+00  1  0   0  0   0   1         0
9236.813  9.237  0   0  1 7.043e+01 7.043e-02  0 2.354e+03 2.354e+00  1  0   0  0   0   1         0
9211.299  9.211  0   0  8 9.006e+02 9.006e-01  8 1.188e+04 1.188e+01  1  0   0  0   0   1         0
9246.603  9.247  0   0  1 1.666e+03 1.666e+00  0 8.561e+03 8.561e+00  1  0   0  0   0   1         0
9215.687  9.216  0   0  4 1.315e+03 1.315e+00  4 1.694e+04 1.694e+01  1  0   0  0   0   1         0
9229.106  9.229  0   0  1 4.272e+02 4.272e-01  0 4.558e+03 4.558e+00  1  0   0  0   0   1         0
9243.313  9.243  0   0  7 2.009e+03 2.009e+00  0 7.123e+04 7.123e+01  1  0   0  0   0   1         0
9226.393  9.226  0   0  0 5.879e+01 5.879e-02  0 4.735e+03 4.735e+00  1  0   0  0   0   1         0
9237.841  9.238  0   0  5 4.729e+03 4.729e+00  0 1.339e+04 1.339e+01  1  0   0  0   0   1         0
9237.617  9.238  0   0  1 2.095e+03 2.095e+00  0 5.691e+03 5.691e+00  1  0   0  0   0   1         0
9239.647  9.240  0   0  3 1.402e+03 1.402e+00  0 2.697e+03 2.697e+00  1  0   0  0   0   1         0
9240.687  9.241  0   0  3 1.336e+03 1.336e+00  0 4.157e+04 4.157e+01  1  0   0  0   0   1         0
9219.835  9.220  0   0  7 1.711e+03 1.711e+00  0 2.776e+04 2.776e+01  1  0   0  0   0   1         0
9218.384  9.218  0   0  5 5.873e+03 5.873e+00  0 5.966e+03 5.966e+00  1  0   0  0   0   1         0
9240.313  9.240  0   0  4 9.482e+02 9.482e-01  4 4.936e+03 4.936e+00  1  0   0  0   0   1         0
9229.201  9.229  0   0  1 5.869e+02 5.869e-01  0 2.103e+03 2.103e+00  1  0   0  0   0   1         0
9230.596  9.231  0   0  1 7.368e+02 7.368e-01  0 1.362e+04 1.362e+01  1  0   0  0   0   1         0
9220.811  9.221  0   0  1 3.791e+02 3.791e-01  0 8.543e+03 8.543e+00  1  0   0  0   0   1         0
9210.225  9.210  0   0  2 6.992e+02 6.992e-01  2 9.392e+01 9.392e-02  1  0   0  0   0   1         0
9223.067  9.223  0   0  3 4.688e+03 4.688e+00  0 4.230e+02 4.230e-01  1  0   0  0   0   1         0
9248.508  9.249  0   0  8 6.492e+02 6.492e-01  8 5.083e+02 5.083e-01  1  0   0  0   0   1         0
9214.727  9.215  0   0  0 7.808e+02 7.808e-01  0 1.698e+04 1.698e+01  1  0   0  0   0   1         0
9213.777  9.214  0   0  3 2.188e+02 2.188e-01  0 4.870e+04 4.870e+01  1  0   0  0   0   1         0
9206.641  9.207  0   0  2 1.904e+02 1.904e-01  2 5.281e+03 5.281e+00  1  0   0  0   0   1         0
9224.280  9.224  0   0  0 1.895e+02 1.895e-01  0 1.170e+01 1.170e-02  1  0   0  0   0   1         0
9214.610  9.215  0   0  4 1.961e+00 1.961e-03  4 6.271e+03 6.271e+00  1  0   0  0   0   1         0
9234.545  9.235  0   0  4 1.730e-04 1.730e-07  4 1.839e+02 1.839e-01  1  0   0  0   0   1         0
9206.861  9.207  0   0  3 8.225e+03 8.225e+00  0 2.270e+04 2.270e+01  1  0   0  0   0   1         0
9212.532  9.213  0   0  5 2.725e+03 2.725e+00  0 1.640e+04 1.640e+01  1  0   0  0   0   1         0
9203.145  9.203  0   0  5 1.937e+03 1.937e+00  0 2.147e+03 2.147e+00  1  0   0  0   0   1         0
9202.109  9.202  0   0  2 1.281e+04 1.281e+01  2 1.347e+03 1.347e+00  1  0   0  0   0   1         0
9240.840  9.241  0   0  0 6.560e+03 6.560e+00  0 1.271e+02 1.271e-01  1  0   0  0   0   1         0
9245.368  9.245  0   0  3 4.319e+02 4.319e-01  0 1.123e+03 1.123e+00  1  0   0  0   0   1         0
9238.353  9.238  0   0  0 5.608e+03 5.608e+00  0 2.859e+03 2.859e+00  1  0   0  0   0   1         0
9243.360  9.243  0   0  2 2.060e+03 2.060e+00  2 1.152e+03 1.152e+00  1  0   0  0   0   1         0
9204.401  9.204  0   0  2 3.141e+02 3.141e-01  2 1.030e+04 1.030e+01  1  0   0  0   0   1         0
9244.986  9.245  0   0  4 1.582e+02 1.582e-01  4 3.262e+00 3.262e-03  1  0   0  0   0   1         0
9223.523  9.224  0   0  3 2.823e+01 2.823e-02  0 6.192e+03 6.192e+00  1  0   0  0   0   1         0
9238.588  9.239  0   0  4 1.974e+02 1.974e-01  4 2.740e+03 2.740e+00  1  0   0  0   0   1         0
9230.997  9.231  0   0  2 1.054e+03 1.054e+00  2 1.718e+03 1.718e+00  1  0   0  0   0   1         0
9217.696  9.218  0   0  1 7.782e+03 7.782e+00  0 4.408e+02 4.408e-01  1  0   0  0   0   1         0
9213.414  9.213  0   0  2 3.044e+02 3.044e-01  2 9.174e+03 9.174e+00  1  0   0  0   0   1         0
9206.000  9.206  0   0  5 5.003e+03 5.003e+00  0 5.894e+03 5.894e+00  1  0   0  0   0   1         0
9220.848  9.221  0   0  0 1.288e+04 1.288e+01  0 4.425e+02 4.425e-01  1  0   0  0   0   1         0
9224.927  9.225  0   0  3 1.805e+03 1.805e+00  0 4.201e+02 4.201e-01  1  0   0  0   0   1         0
9249.170  9.249  0   0  4 1.328e+04 1.328e+01  4 2.224e+04 2.224e+01  1  0   0  0   0   1         0
9201.897  9.202  0   0  0 7.125e+03 7.125e+00  0 2.369e+03 2.369e+00  1  0   0  0   0   1         0
9229.721  9.230  0   0  4 1.952e+03 1.952e+00  4 8.890e+03 8.890e+00  1  0   0  0   0   1         0
9226.470  9.226  0   0  9 9.800e+02 9.800e-01  0 1.068e+04 1.068e+01  1  0   0  0   0   1         0
9201.165  9.201  0   0  0 4.779e+03 4.779e+00  0 1.036e+03 1.036e+00  1  0   0  0   0   1         0
9216.684  9.217  0   0  0 1.558e+03 1.558e+00  0 1.437e+01 1.437e-02  1  0   0  0   0   1         0
9221.363  9.221  0   0  1 1.182e+04 1.182e+01  0 1.893e+04 1.893e+01  1  0   0  0   0   1         0
9224.935  9.225  0   0  5 2.404e+03 2.404e+00  0 2.710e+01 2.710e-02  1  0   0  0   0   1         0
9211.833  9.212  0   0  3 3.451e+03 3.451e+00  0 5.675e+03 5.675e+00  1  0   0  0   0   1         0
9201.735  9.202  0   0  3 4.325e+03 4.325e+00  0 4.915e+03 4.915e+00  1  0   0  0   0   1         0
9214.877  9.215  0   0  4 8.100e+03 8.100e+00  4 1.303e+03 1.303e+00  1  0   0  0   0   1         0
9241.938  9.242  0   0  4 1.061e+00 1.061e-03  4 1.832e+03 1.832e+00  1  0   0  0   0   1         0
9240.529  9.241  0   0  1 7.387e+03 7.387e+00  0 2.252e+04 2.252e+01  1  0   0  0   0   1         0
9209.170  9.209  0   0  3 5.116e+03 5.116e+00  0 2.274e+04 2.274e+01  1  0   0  0   0   1         0
9232.516  9.233  0   0  1 2.180e+03 2.180e+00  0 9.970e+03 9.970e+00  1  0   0  0   0   1         0
9246.244  9.246  0   0  2 3.180e+03 3.180e+00  2 9.731e+02 9.731e-01  1  0   0  0   0   1         0
9208.733  9.209  0   0  6 1.081e+04 1.081e+01  6 2.358e+03 2.358e+00  1  0   0  0   0   1         0
9206.534  9.207  0   0  5 6.444e+02 6.444e-01  0 6.058e+04 6.058e+01  1  0   0  0   0   1         0
9288.342  9.288  0   0  6 7.421e+03 7.421e+00  6 1.471e+02 1.471e-01  1  0   0  0   0   1         0
9287.178  9.287  0   0  6 1.412e+01 1.412e-02  6 9.078e+03 9.078e+00  1  0   0  0   0   1         0
9284.329  9.284  0   0  5 1.648e+04 1.648e+01  0 2.457e+03 2.457e+00  1  0   0  0   0   1         0
9254.634  9.255  0   0  2 1.234e+03 1.234e+00  2 9.611e+03 9.611e+00  1  0   0  0   0   1         0
9287.841  9.288  0   0  5 2.600e+03 2.600e+00  0 2.313e+04 2.313e+01  1  0   0  0   0   1         0
9262.607  9.263  0   0  3 1.891e+01 1.891e-02  0 1.725e+04 1.725e+01  1  0   0  0   0   1         0
9256.720  9.257  0   0  1 1.486e+03 1.486e+00  0 2.282e+02 2.282e-01  1  0   0  0   0   1         0
9299.164  9.299  0   0  4 1.554e+03 1.554e+00  4 2.918e+04 2.918e+01  1  0   0  0   0   1         0
9251.417  9.251  0   0  1 3.328e+01 3.328e-02  0 3.306e+04 3.306e+01  1  0   0  0   0   1         0
9251.608  9.252  0   0  7 5.317e+03 5.317e+00  0 1.264e+03 1.264e+00  1  0   0  0   0   1         0
9265.680  9.266  0   0  4 2.472e+03 2.472e+00  4 3.358e+03 3.358e+00  1  0   0  0   0   1         0
9292.321  9.292  0   0  4 6.367e+03 6.367e+00  4 1.833e+03 1.833e+00  1  0   0  0   0   1         0
9298.915  9.299  0   0  2 8.355e+02 8.355e-01  2 6.956e+04 6.956e+01  1  0   0  0   0   1         0
9256.017  9.256  0   0  1 7.480e+02 7.480e-01  0 1.835e+04 1.835e+01  1  0   0  0   0   1         0
9269.977  9.270  0   0  0 7.117e+02 7.117e-01  0 3.504e+02 3.504e-01  1  0   0  0   0   1         0
9286.881  9.287  0   0  3 1.660e+03 1.660e+00  0 3.705e+04 3.705e+01  1  0   0  0   0   1         0
9282.471  9.282  0   0  5 1.529e+03 1.529e+00  0 1.336e+03 1.336e+00  1  0   0  0   0   1         0
9261.823  9.262  0   0  2 6.652e+02 6.652e-01  2 7.585e+03 7.585e+00  1  0   0  0   0   1         0
9266.650  9.267  0   0  5 1.035e+04 1.035e+01  0 1.090e+03 1.090e+00  1  0   0  0   0   1         0
9279.924  9.280  0   0  3 1.171e+02 1.171e-01  0 3.953e+04 3.953e+01  1  0   0  0   0   1         0
9251.800  9.252  0   0  6 8.289e+03 8.289e+00  6 4.420e+03 4.420e+00  1  0   0  0   0   1         0
9288.067  9.288  0   0  1 6.072e+03 6.072e+00  0 4.014e+03 4.014e+00  1  0   0  0   0   1         0
9263.942  9.264  0   0  1 3.596e+02 3.596e-01  0 5.401e+04 5.401e+01  1  0   0  0   0   1         0
9291.537  9.292  0   0  3 4.305e+03 4.305e+00  0 6.027e+03 6.027e+00  1  0   0  0   0   1         0
9284.367  9.284  0   0  5 5.008e+02 5.008e-01  0 3.413e+03 3.413e+00  1  0   0  0   0   1         0
9282.465  9.282  0   0  7 4.341e+03 4.341e+00  0 2.112e+02 2.112e-01  1  0   0  0   0   1         0
9288.519  9.289  0   0  1 1.491e+02 1.491e-01  0 3.957e+03 3.957e+00  1  0   0  0   0   1         0
9253.817  9.254  0   0  2 1.445e+03 1.445e+00  2 2.055e+04 2.055e+01  1  0   0  0   0   1         0
9263.165  9.263  0   0  4 3.713e+03 3.713e+00  4 2.722e+02 2.722e-01  1  0   0  0   0   1         0
9276.300  9.276  0   0  2 9.106e+02 9.106e-01  2 5.002e+02 5.002e-01  1  0   0  0   0   1         0
9289.005  9.289  0   0  2 1.310e+04 1.310e+01  2 1.951e+03 1.951e+00  1  0   0  0   0   1         0
9292.561  9.293  0   0  8 4.195e+03 4.195e+00  8 5.878e+01 5.878e-02  1  0   0  0   0   1         0
9269.308  9.269  0   0  2 1.041e+04 1.041e+01  2 7.058e+02 7.058e-01  1  0   0  0   0   1         0
9289.821  9.290  0   0  5 1.314e+04 1.314e+01  0 1.295e+03 1.295e+00  1  0   0  0   0   1         0
9261.162  9.261  0   0  2 5.740e+02 5.740e-01  2 5.508e+03 5.508e+00  1  0   0  0   0   1         0
9254.187  9.254  0   0  3 3.025e+04 3.025e+01  0 1.706e+04 1.706e+01  1  0   0  0   0   1         0
9262.489  9.262  0   0  5 2.801e+03 2.801e+00  0 4.065e+04 4.065e+01  1  0   0  0   0   1         0
9295.231  9.295  0   0  6 1.389e+03 1.389e+00  6 1.497e+04 1.497e+01  1  0   0  0   0   1         0
9277.414  9.277  0   0  2 1.311e+04 1.311e+01  2 3.165e+00 3.165e-03  1  0   0  0   0   1         0
9274.281  9.274  0   0  0 5.263e+02 5.263e-01  0 2.491e+02 2.491e-01  1  0   0  0   0   1         0
9287.329  9.287  0   0  4 3.419e+02 3.419e-01  4 7.847e+02 7.847e-01  1  0   0  0   0   1         0
9250.513  9.251  0   0  5 6.874e+03 6.874e+00  0 2.204e+04 2.204e+01  1  0   0  0   0   1         0
9256.005  9.256  0   0  3 4.177e+03 4.177e+00  0 2.425e+03 2.425e+00  1  0   0  0   0   1         0
9255.058  9.255  0   0  1 4.896e+03 4.896e+00  0 5.192e-01 5.192e-04  1  0   0  0   0   1         0
9256.176  9.256  0   0  0 2.887e+03 2.887e+00  0 3.644e+02 3.644e-01  1  0   0  0   0   1         0
9272.885  9.273  0   0  0 5.434e+03 5.434e+00  0 1.983e+03 1.983e+00  1  0   0  0   0   1         0
9264.208  9.264  0   0  2 6.555e+02 6.555e-01  2 4.065e+04 4.065e+01  1  0   0  0   0   1         0
9289.429  9.289  0   0  3 2.511e+01 2.511e-02  0 7.075e+03 7.075e+00  1  0   0  0   0   1         0
9292.066  9.292  0   0  2 1.770e+03 1.770e+00  2 1.262e+02 1.262e-01  1  0   0  0   0   1         0
9296.305  9.296  0   0  0 7.171e+03 7.171e+00  0 3.380e+04 3.380e+01  1  0   0  0   0   1         0
9259.939  9.260  0   0  3 1.167e+03 1.167e+00  0 2.210e+03 2.210e+00  1  0   0  0   0   1         0
9275.357  9.275  0   0  1 1.071e+03 1.071e+00  0 1.168e+03 1.168e+00  1  0   0  0   0   1         0
9252.475  9.252  0   0  5 2.870e+03 2.870e+00  0 2.588e+03 2.588e+00  1  0   0  0   0   1         0
9262.153  9.262  0   0  2 5.078e+02 5.078e-01  2 4.318e+03 4.318e+00  1  0   0  0   0   1         0
9280.956  9.281  0   0  6 7.851e+02 7.851e-01  6 7.687e+02 7.687e-01  1  0   0  0   0   1         0
9271.329  9.271  0   0  3 3.954e+01 3.954e-02  0 2.800e+04 2.800e+01  1  0   0  0   0   1         0
9284.717  9.285  0   0  5 3.358e+03 3.358e+00  0 1.484e+03 1.484e+00  1  0   0  0   0   1         0
9292.075  9.292  0   0  0 8.030e-01 8.030e-04  0 1.678e+03 1.678e+00  1  0   0  0   0   1         0
9253.025  9.253  0   0  1 1.295e+04 1.295e+01  0 6.206e+02 6.206e-01  1  0   0  0   0   1         0
9296.979  9.297  0   0  1 6.108e+02 6.108e-01  0 5.945e+04 5.945e+01  1  0   0  0   0   1         0
9252.155  9.252  0   0  1 8.781e+02 8.781e-01  0 1.464e+03 1.464e+00  1  0   0  0   0   1         0
9299.099  9.299  0   0  3 1.365e+04 1.365e+01  0 1.242e+04 1.242e+01  1  0   0  0   0   1         0
9282.078  9.282  0   0  3 2.739e+04 2.739e+01  0 1.320e+04 1.320e+01  1  0   0  0   0   1         0
9252.201  9.252  0   0  2 9.457e+02 9.457e-01  2 5.953e+03 5.953e+00  1  0   0  0   0   1         0
9269.886  9.270  0   0  1 1.859e-01 1.859e-04  0 3.146e+03 3.146e+00  1  0   0  0   0   1         0
9263.076  9.263  0   0  1 5.425e+03 5.425e+00  0 1.699e+03 1.699e+00  1  0   0  0   0   1         0
9290.065  9.290  0   0  3 2.984e+03 2.984e+00  0 4.823e+02 4.823e-01  1  0   0  0   0   1         0
9261.424  9.261  0   0  3 1.167e+02 1.167e-01  0 1.002e+04 1.002e+01  1  0   0  0   0   1         0
9291.432  9.291  0   0  6 2.363e+03 2.363e+00  6 1.303e+04 1.303e+01  1  0   0  0   0   1         0
9265.802  9.266  0   0  4 2.536e+04 2.536e+01  4 1.151e+04 1.151e+01  1  0   0  0   0   1         0
9299.466  9.299  0   0  5 1.365e+03 1.365e+00  0 1.002e+04 1.002e+01  1  0   0  0   0   1         0
9263.691  9.264  0   0  1 5.072e+03 5.072e+00  0 2.305e+03 2.305e+00  1  0   0  0   0   1         0
9284.431  9.284  0   0  3 1.468e+04 1.468e+01  0 6.186e+02 6.186e-01  1  0   0  0   0   1         0
9290.145  9.290  0   0  2 9.293e+03 9.293e+00  2 2.241e+04 2.241e+01  1  0   0  0   0   1         0
9260.969  9.261  0   0  4 1.152e+02 1.152e-01  4 1.074e+03 1.074e+00  1  0   0  0   0   1         0
9253.848  9.254  0   0  4 2.056e+03 2.056e+00  4 1.048e+04 1.048e+01  1  0   0  0   0   1         0
9277.774  9.278  0   0  4 1.612e+03 1.612e+00  4 9.072e+02 9.072e-01  1  0   0  0   0   1         0
9284.040  9.284  0   0  5 1.908e+04 1.908e+01  0 1.104e+04 1.104e+01  1  0   0  0   0   1         0
9290.990  9.291  0   0  2 3.351e+02 3.351e-01  2 5.037e+02 5.037e-01  1  0   0  0   0   1         0
9263.809  9.264  0   0  1 2.498e+01 2.498e-02  0 3.231e+03 3.231e+00  1  0   0  0   0   1         0
9293.708  9.294  0   0  3 9.365e+02 9.365e-01  0 4.420e+03 4.420e+00  1  0   0  0   0   1         0
9333.683  9.334  0   0  3 2.200e+04 2.200e+01  0 2.623e+03 2.623e+00  1  0   0  0   0   1         0
9334.308  9.334  0   0  3 2.628e+03 2.628e+00  0 1.810e+04 1.810e+01  1  0   0  0   0   1         0
9324.530  9.325  0   0  2 3.998e+03 3.998e+00  2 3.002e+04 3.002e+01  1  0   0  0   0   1         0
9315.333  9.315  0   0  1 3.707e+02 3.707e-01  0 1.963e+02 1.963e-01  1  0   0  0   0   1         0
9315.877  9.316  0   0  1 1.247e+04 1.247e+01  0 2.626e+03 2.626e+00  1  0   0  0   0   1         0
9325.406  9.325  0   0  2 5.488e+03 5.488e+00  2 2.509e+03 2.509e+00  1  0   0  0   0   1         0
9309.725  9.310  0   0  2 1.610e+03 1.610e+00  2 2.365e+03 2.365e+00  1  0   0  0   0   1         0
9306.718  9.307  0   0  3 5.397e+00 5.397e-03  0 1.124e+04 1.124e+01  1  0   0  0   0   1         0
9318.813  9.319  0   0  4 8.871e+02 8.871e-01  4 8.927e+03 8.927e+00  1  0   0  0   0   1         0
9306.619  9.307  0   0  7 1.179e+03 1.179e+00  0 8.279e+03 8.279e+00  1  0   0  0   0   1         0
9311.686  9.312  0   0  4 3.029e+04 3.029e+01  4 5.268e+04 5.268e+01  1  0   0  0   0   1         0
9326.957  9.327  0   0  5 2.167e+04 2.167e+01  0 1.340e+04 1.340e+01  1  0   0  0   0   1         0
9339.640  9.340  0   0  5 6.880e+03 6.880e+00  0 3.551e+03 3.551e+00  1  0   0  0   0   1         0
9311.384  9.311  0   0  5 3.904e+03 3.904e+00  0 2.396e+04 2.396e+01  1  0   0  0   0   1         0
9339.718  9.340  0   0  3 3.097e+03 3.097e+00  0 1.049e+04 1.049e+01  1  0   0  0   0   1         0
9300.790  9.301  0   0  2 1.394e+04 1.394e+01  2 3.127e+03 3.127e+00  1  0   0  0   0   1         0
9349.853  9.350  0   0  3 2.513e+02 2.513e-01  0 4.072e+01 4.072e-02  1  0   0  0   0   1         0
9326.053  9.326  0   0  6 2.074e+03 2.074e+00  6 8.496e+03 8.496e+00  1  0   0  0   0   1         0
9324.001  9.324  0   0  2 2.743e+03 2.743e+00  2 3.927e+04 3.927e+01  1  0   0  0   0   1         0
9332.715  9.333  0   0  5 6.691e+00 6.691e-03  0 3.387e+04 3.387e+01  1  0   0  0   0   1         0
9323.965  9.324  0   0  1 4.623e+03 4.623e+00  0 1.452e+02 1.452e-01  1  0   0  0   0   1         0
9320.602  9.321  0   0  1 3.003e+04 3.003e+01  0 4.376e+03 4.376e+00  1  0   0  0   0   1         0
9318.743  9.319  0   0  3 1.674e+04 1.674e+01  0 1.446e+01 1.446e-02  1  0   0  0   0   1         0
9348.909  9.349  0   0  1 1.003e+04 1.003e+01  0 1.612e+03 1.612e+00  1  0   0  0   0   1         0
9343.172  9.343  0   0  3 2.272e+03 2.272e+00  0 2.419e+04 2.419e+01  1  0   0  0   0   1         0
9325.327  9.325  0   0  3 8.512e-01 8.512e-04  0 1.963e+02 1.963e-01  1  0   0  0   0   1         0
9341.934  9.342  0   0  1 1.213e+03 1.213e+00  0 4.886e+03 4.886e+00  1  0   0  0   0   1         0
9307.560  9.308  0   0  5 6.680e+03 6.680e+00  0 4.271e+03 4.271e+00  1  0   0  0   0   1         0
9326.678  9.327  0   0  5 7.165e+02 7.165e-01  0 1.610e+00 1.610e-03  1  0   0  0   0   1         0
9322.714  9.323  0   0  4 6.883e+02 6.883e-01  4 3.499e+01 3.499e-02  1  0   0  0   0   1         0
9316.427  9.316  0   0  1 7.974e+03 7.974e+00  0 1.579e+04 1.579e+01  1  0   0  0   0   1         0
9345.983  9.346  0   0  8 6.170e+03 6.170e+00  8 1.872e+04 1.872e+01  1  0   0  0   0   1         0
9341.739  9.342  0   0  2 9.497e+00 9.497e-03  2 3.231e+04 3.231e+01  1  0   0  0   0   1         0
9345.423  9.345  0   0  2 3.603e+03 3.603e+00  2 1.484e+04 1.484e+01  1  0   0  0   0   1         0
9331.952  9.332  0   0  2 1.416e+03 1.416e+00  2 5.580e+02 5.580e-01  1  0   0  0   0   1         0
9319.006  9.319  0   0  1 5.963e+03 5.963e+00  0 1.545e+04 1.545e+01  1  0   0  0   0   1         0
9337.992  9.338  0   0  0 6.715e+02 6.715e-01  0 1.097e+04 1.097e+01  1  0   0  0   0   1         0
9305.509  9.306  0   0  2 7.980e+03 7.980e+00  2 2.275e+03 2.275e+00  1  0   0  0   0   1         0
9342.756  9.343  0   0  4 1.247e+00 1.247e-03  4 1.066e+04 1.066e+01  1  0   0  0   0   1         0
9301.462  9.301  0   0  1 7.661e+03 7.661e+00  0 4.866e+03 4.866e+00  1  0   0  0   0   1         0
9341.032  9.341  0   0  2 1.557e+03 1.557e+00  2 1.165e+04 1.165e+01  1  0   0  0   0   1         0
9335.368  9.335  0   0  5 2.392e+04 2.392e+01  0 5.613e+02 5.613e-01  1  0   0  0   0   1         0
9304.491  9.304  0   0  3 7.548e+03 7.548e+00  0 1.167e+04 1.167e+01  1  0   0  0   0   1         0
9307.455  9.307  0   0  1 7.627e+02 7.627e-01  0 1.046e+03 1.046e+00  1  0   0  0   0   1         0
9322.825  9.323  0   0  7 8.897e+02 8.897e-01  0 2.489e+03 2.489e+00  1  0   0  0   0   1         0
9315.169  9.315  0   0  0 8.383e+02 8.383e-01  0 1.882e+04 1.882e+01  1  0   0  0   0   1         0
9343.458  9.343  0   0  4 6.026e+03 6.026e+00  4 3.829e+04 3.829e+01  1  0   0  0   0   1         0
9309.772  9.310  0   0  1 1.344e+01 1.344e-02  0 2.080e+04 2.080e+01  1  0   0  0   0   1         0
9321.056  9.321  0   0  1 1.581e+02 1.581e-01  0 3.212e+04 3.212e+01  1  0   0  0   0   1         0
9313.184  9.313  0   0  3 1.944e+03 1.944e+00  0 2.214e+03 2.214e+00  1  0   0  0   0   1         0
9306.452  9.306  0   0  4 4.683e+00 4.683e-03  4 8.481e+02 8.481e-01  1  0   0  0   0   1         0
9313.147  9.313  0   0  3 9.128e+02 9.128e-01  0 1.578e+04 1.578e+01  1  0   0  0   0   1         0
9343.098  9.343  0   0  2 1.279e+02 1.279e-01  2 7.331e+03 7.331e+00  1  0   0  0   0   1         0
9335.942  9.336  0   0  8 1.323e+04 1.323e+01  8 1.023e+03 1.023e+00  1  0   0  0   0   1         0
9345.776  9.346  0   0  1 6.015e+02 6.015e-01  0 3.022e+04 3.022e+01  1  0   0  0   0   1         0
9320.464  9.320  0   0  1 1.402e+04 1.402e+01  0 9.514e+02 9.514e-01  1  0   0  0   0   1         0
9312.173  9.312  0   0  5 1.761e+03 1.761e+00  0 1.606e+04 1.606e+01  1  0   0  0   0   1         0
9301.337  9.301  0   0  2 1.142e+04 1.142e+01  2 4.574e+02 4.574e-01  1  0   0  0   0   1         0
9324.965  9.325  0   0  4 6.295e+02 6.295e-01  4 1.912e+03 1.912e+00  1  0   0  0   0   1         0
9302.018  9.302  0   0  5 2.540e+03 2.540e+00  0 9.010e+04 9.010e+01  1  0   0  0   0   1         0
9300.217  9.300  0   0  5 1.537e+03 1.537e+00  0 1.974e+03 1.974e+00  1  0   0  0   0   1         0
9330.433  9.330  0   0  2 7.127e+03 7.127e+00  2 2.197e+03 2.197e+00  1  0   0  0   0   1         0
9308.356  9.308  0   0  3 1.453e+04 1.453e+01  0 1.678e+04 1.678e+01  1  0   0  0   0   1         0
9328.192  9.328  0   0  1 6.243e+03 6.243e+00  0 2.140e+04 2.140e+01  1  0   0  0   0   1         0
9328.878  9.329  0   0  2 6.789e+03 6.789e+00  2 1.729e+03 1.729e+00  1  0   0  0   0   1         0
9336.356  9.336  0   0  4 5.266e+03 5.266e+00  4 1.222e+03 1.222e+00  1  0   0  0   0   1         0
9319.353  9.319  0   0  4 5.543e+03 5.543e+00  4 2.230e+02 2.230e-01  1  0   0  0   0   1         0
9335.428  9.335  0   0  2 9.032e+03 9.032e+00  2 5.978e+02 5.978e-01  1  0   0  0   0   1         0
9318.491  9.318  0   0  2 4.737e+03 4.737e+00  2 7.772e+04 7.772e+01  1  0   0  0   0   1         0
9304.963  9.305  0   0  1 8.440e+03 8.440e+00  0 1.664e+04 1.664e+01  1  0   0  0   0   1         0
9315.677  9.316  0   0  1 8.910e+03 8.910e+00  0 3.013e+04 3.013e+01  1  0   0  0   0   1         0
9300.385  9.300  0   0  7 1.135e+01 1.135e-02  0 5.533e+02 5.533e-01  1  0   0  0   0   1         0
9323.329  9.323  0   0  2 3.329e+03 3.329e+00  2 3.392e+03 3.392e+00  1  0   0  0   0   1         0
9337.173  9.337  0   0  2 5.706e+03 5.706e+00  2 1.165e+04 1.165e+01  1  0   0  0   0   1         0
9339.376  9.339  0   0  5 2.222e+03 2.222e+00  0 4.311e-05 4.311e-08  1  0   0  0   0   1         0
9311.753  9.312  0   0  4 3.305e+02 3.305e-01  4 1.682e+04 1.682e+01  1  0   0  0   0   1         0
9305.361  9.305  0   0  1 9.087e+03 9.087e+00  0 6.957e+03 6.957e+00  1  0   0  0   0   1         0
9309.398  9.309  0   0  1 8.767e+03 8.767e+00  0 3.659e+04 3.659e+01  1  0   0  0   0   1         0
9349.199  9.349  0   0  0 3.892e+03 3.892e+00  0 5.719e+02 5.719e-01  1  0   0  0   0   1         0
9315.784  9.316  0   0  4 3.211e+03 3.211e+00  4 3.300e+04 3.300e+01  1  0   0  0   0   1         0
9321.667  9.322  0   0  2 5.855e+02 5.855e-01  2 4.112e+03 4.112e+00  1  0   0  0   0   1         0
9303.840  9.304  0   0  3 3.314e+02 3.314e-01  0 2.770e+02 2.770e-01  1  0   0  0   0   1         0
9339.603  9.340  0   0  2 1.465e+03 1.465e+00  2 2.124e+01 2.124e-02  1  0   0  0   0   1         0
9322.630  9.323  0   0  0 1.919e+03 1.919e+00  0 1.746e+04 1.746e+01  1  0   0  0   0   1         0
9304.437  9.304  0   0  2 6.287e+02 6.287e-01  2 3.065e+02 3.065e-01  1  0   0  0   0   1         0
9323.853  9.324  0   0  0 6.996e+03 6.996e+00  0 9.489e+00 9.489e-03  1  0   0  0   0   1         0
9335.832  9.336  0   0  2 1.176e+03 1.176e+00  2 1.240e+04 1.240e+01  1  0   0  0   0   1         0
9323.858  9.324  0   0  0 4.516e+00 4.516e-03  0 6.724e+02 6.724e-01  1  0   0  0   0   1         0
9348.456  9.348  0   0  1 4.726e+02 4.726e-01  0 1.073e+03 1.073e+00  1  0   0  0   0   1         0
9343.674  9.344  0   0  2 7.776e+03 7.776e+00  2 1.248e+03 1.248e+00  1  0   0  0   0   1         0
9396.654  9.397  0   0  2 3.014e+03 3.014e+00  2 2.286e+04 2.286e+01  1  0   0  0   0   1         0
9356.088  9.356  0   0  3 2.201e+04 2.201e+01  0 4.227e+03 4.227e+00  1  0   0  0   0   1         0
9383.659  9.384  0   0  5 1.224e+02 1.224e-01  0 1.053e+04 1.053e+01  1  0   0  0   0   1         0
9381.725  9.382  0   0  4 3.000e+03 3.000e+00  4 4.642e+02 4.642e-01  1  0   0  0   0   1         0
9383.662  9.384  0   0  1 1.559e+03 1.559e+00  0 2.106e+04 2.106e+01  1  0   0  0   0   1         0
9351.584  9.352  0   0  3 7.832e+02 7.832e-01  0 1.669e+04 1.669e+01  1  0   0  0   0   1         0
9351.428  9.351  0   0  2 4.292e+03 4.292e+00  2 7.007e+03 7.007e+00  1  0   0  0   0   1         0
9364.908  9.365  0   0  5 3.612e+03 3.612e+00  0 2.559e+03 2.559e+00  1  0   0  0   0   1         0
9354.071  9.354  0   0  4 1.399e+03 1.399e+00  4 4.119e+03 4.119e+00  1  0   0  0   0   1         0
9368.491  9.368  0   0  4 4.918e+02 4.918e-01  4 2.072e+04 2.072e+01  1  0   0  0   0   1         0
9393.709  9.394  0   0  3 6.317e+02 6.317e-01  0 3.306e+03 3.306e+00  1  0   0  0   0   1         0
9367.906  9.368  0   0  1 4.529e+01 4.529e-02  0 2.628e+04 2.628e+01  1  0   0  0   0   1         0
9369.834  9.370  0   0  2 1.666e+03 1.666e+00  2 2.105e+04 2.105e+01  1  0   0  0   0   1         0
9363.534  9.364  0   0  6 4.267e+03 4.267e+00  6 1.461e+02 1.461e-01  1  0   0  0   0   1         0
9371.276  9.371  0   0  3 1.179e+03 1.179e+00  0 1.661e+03 1.661e+00  1  0   0  0   0   1         0
9390.004  9.390  0   0  0 6.284e+02 6.284e-01  0 9.556e+03 9.556e+00  1  0   0  0   0   1         0
9391.656  9.392  0   0  3 1.211e+02 1.211e-01  0 9.582e+03 9.582e+00  1  0   0  0   0   1         0
9371.249  9.371  0   0  2 1.948e+04 1.948e+01  2 2.374e+04 2.374e+01  1  0   0  0   0   1         0
9370.035  9.370  0   0  2 9.628e+03 9.628e+00  2 3.767e+04 3.767e+01  1  0   0  0   0   1         0
9359.880  9.360  0   0  1 2.622e+03 2.622e+00  0 1.552e+04 1.552e+01  1  0   0  0   0   1         0
9398.799  9.399  0   0  3 1.519e+02 1.519e-01  0 2.542e+03 2.542e+00  1  0   0  0   0   1         0
9365.722  9.366  0   0  3 1.246e+03 1.246e+00  0 1.047e+04 1.047e+01  1  0   0  0   0   1         0
9367.313  9.367  0   0  2 5.150e+03 5.150e+00  2 1.725e+04 1.725e+01  1  0   0  0   0   1         0
9371.689  9.372  0   0  5 5.574e+00 5.574e-03  0 1.754e+04 1.754e+01  1  0   0  0   0   1         0
9354.082  9.354  0   0  5 6.532e+03 6.532e+00  0 4.382e+04 4.382e+01  1  0   0  0   0   1         0
9366.605  9.367  0   0  2 7.195e+03 7.195e+00  2 2.158e+03 2.158e+00  1  0   0  0   0   1         0
9396.580  9.397  0   0  6 3.695e+02 3.695e-01  6 5.200e+03 5.200e+00  1  0   0  0   0   1         0
9353.777  9.354  0   0  2 9.753e+02 9.753e-01  2 1.854e+03 1.854e+00  1  0   0  0   0   1         0
9362.172  9.362  0   0  6 1.560e+01 1.560e-02  6 7.013e+03 7.013e+00  1  0   0  0   0   1         0
9361.025  9.361  0   0  3 2.082e+03 2.082e+00  0 4.374e+04 4.374e+01  1  0   0  0   0   1         0
9361.899  9.362  0   0  1 1.501e+02 1.501e-01  0 2.451e+04 2.451e+01  1  0   0  0   0   1         0
9397.765  9.398  0   0  3 3.161e+03 3.161e+00  0 2.332e+04 2.332e+01  1  0   0  0   0   1         0
9385.592  9.386  0   0  5 6.759e+03 6.759e+00  0 1.188e+04 1.188e+01  1  0   0  0   0   1         0
9396.048  9.396  0   0  2 5.787e+02 5.787e-01  2 1.002e+04 1.002e+01  1  0   0  0   0   1         0
9392.977  9.393  0   0  2 5.664e+03 5.664e+00  2 2.148e+03 2.148e+00  1  0   0  0   0   1         0
9381.424  9.381  0   0  2 6.121e+03 6.121e+00  2 2.740e+04 2.740e+01  1  0   0  0   0   1         0
9378.188  9.378  0   0  5 2.182e+02 2.182e-01  0 6.186e+03 6.186e+00  1  0   0  0   0   1         0
9375.655  9.376  0   0  7 2.483e+01 2.483e-02  0 1.210e+02 1.210e-01  1  0   0  0   0   1         0
9384.647  9.385  0   0  5 2.702e+01 2.702e-02  0 3.627e+03 3.627e+00  1  0   0  0   0   1         0
9385.258  9.385  0   0  2 5.420e+04 5.420e+01  2 2.320e+03 2.320e+00  1  0   0  0   0   1         0
9380.165  9.380  0   0  3 8.572e+02 8.572e-01  0 2.698e+04 2.698e+01  1  0   0  0   0   1         0
9372.646  9.373  0   0  1 1.020e+04 1.020e+01  0 1.328e+02 1.328e-01  1  0   0  0   0   1         0
9383.943  9.384  0   0  0 4.632e+03 4.632e+00  0 1.796e+02 1.796e-01  1  0   0  0   0   1         0
9357.941  9.358  0   0  5 3.784e+03 3.784e+00  0 1.282e+04 1.282e+01  1  0   0  0   0   1         0
9377.774  9.378  0   0  5 1.180e+03 1.180e+00  0 5.399e+02 5.399e-01  1  0   0  0   0   1         0
9376.165  9.376  0   0  2 4.278e-01 4.278e-04  2 1.139e+04 1.139e+01  1  0   0  0   0   1         0
9376.933  9.377  0   0  1 1.141e+04 1.141e+01  0 6.241e+03 6.241e+00  1  0   0  0   0   1         0
9375.741  9.376  0   0  3 3.533e+02 3.533e-01  0 1.121e+04 1.121e+01  1  0   0  0   0   1         0
9387.662  9.388  0   0  2 1.543e+04 1.543e+01  2 5.935e+03 5.935e+00  1  0   0  0   0   1         0
9388.021  9.388  0   0  1 3.759e+03 3.759e+00  0 1.974e+03 1.974e+00  1  0   0  0   0   1         0
9366.657  9.367  0   0  6 8.882e+01 8.882e-02  6 3.267e+03 3.267e+00  1  0   0  0   0   1         0
9367.721  9.368  0   0  3 6.580e+02 6.580e-01  0 3.838e+03 3.838e+00  1  0   0  0   0   1         0
9350.837  9.351  0   0  5 9.276e+02 9.276e-01  0 1.111e+04 1.111e+01  1  0   0  0   0   1         0
9355.746  9.356  0   0  3 1.942e+00 1.942e-03  0 7.608e+03 7.608e+00  1  0   0  0   0   1         0
9363.272  9.363  0   0  2 8.612e+01 8.612e-02  2 9.041e+02 9.041e-01  1  0   0  0   0   1         0
9388.428  9.388  0   0  1 4.241e+01 4.241e-02  0 2.295e+03 2.295e+00  1  0   0  0   0   1         0
9390.023  9.390  0   0  3 7.821e+00 7.821e-03  0 1.788e+03 1.788e+00  1  0   0  0   0   1         0
9362.551  9.363  0   0  1 8.026e+02 8.026e-01  0 1.002e+03 1.002e+00  1  0   0  0   0   1         0
9393.577  9.394  0   0  0 4.849e+03 4.849e+00  0 1.911e+04 1.911e+01  1  0   0  0   0   1         0
9368.973  9.369  0   0  8 5.226e+02 5.226e-01  8 3.615e+03 3.615e+00  1  0   0  0   0   1         0
9390.031  9.390  0   0  4 2.629e+04 2.629e+01  4 2.108e+03 2.108e+00  1  0   0  0   0   1         0
9373.542  9.374  0   0  1 3.653e+03 3.653e+00  0 2.098e+03 2.098e+00  1  0   0  0   0   1         0
9385.793  9.386  0   0  3 3.416e+02 3.416e-01  0 9.776e+02 9.776e-01  1  0   0  0   0   1         0
9368.000  9.368  0   0  1 7.959e+02 7.959e-01  0 8.500e+02 8.500e-01  1  0   0  0   0   1         0
9353.583  9.354  0   0  2 3.489e+02 3.489e-01  2 5.395e+03 5.395e+00  1  0   0  0   0   1         0
9362.855  9.363  0   0  3 8.821e+03 8.821e+00  0 2.997e+03 2.997e+00  1  0   0  0   0   1         0
9385.022  9.385  0   0  2 1.755e+03 1.755e+00  2 6.804e+03 6.804e+00  1  0   0  0   0   1         0
9395.957  9.396  0   0  0 1.902e+03 1.902e+00  0 4.005e+03 4.005e+00  1  0   0  0   0   1         0
9381.601  9.382  0   0  3 3.855e+03 3.855e+00  0 6.250e-01 6.250e-04  1  0   0  0   0   1         0
9388.589  9.389  0   0  0 1.043e+04 1.043e+01  0 4.742e+03 4.742e+00  1  0   0  0   0   1         0
9350.717  9.351  0   0  4 8.022e+02 8.022e-01  4 6.507e+03 6.507e+00  1  0   0  0   0   1         0
9388.148  9.388  0   0  7 2.205e+02 2.205e-01  0 8.673e+03 8.673e+00  1  0   0  0   0   1         0
9391.886  9.392  0   0  2 3.119e+03 3.119e+00  2 4.957e+04 4.957e+01  1  0   0  0   0   1         0
9370.827  9.371  0   0  2 2.986e+03 2.986e+00  2 1.167e+04 1.167e+01  1  0   0  0   0   1         0
9374.895  9.375  0   0  3 1.549e+04 1.549e+01  0 1.902e+04 1.902e+01  1  0   0  0   0   1         0
9352.659  9.353  0   0  3 1.716e+04 1.716e+01  0 7.971e+03 7.971e+00  1  0   0  0   0   1         0
9358.848  9.359  0   0  1 2.005e+03 2.005e+00  0 4.863e+03 4.863e+00  1  0   0  0   0   1         0
9352.867  9.353  0   0  4 3.726e+02 3.726e-01  4 1.133e+04 1.133e+01  1  0   0  0   0   1         0
9386.724  9.387  0   0  6 1.226e+04 1.226e+01  6 6.682e+03 6.682e+00  1  0   0  0   0   1         0
9390.120  9.390  0   0  5 2.824e+03 2.824e+00  0 6.218e+03 6.218e+00  1  0   0  0   0   1         0
9355.512  9.356  0   0  8 9.979e+01 9.979e-02  8 6.851e+03 6.851e+00  1  0   0  0   0   1         0
9396.137  9.396  0   0  4 4.807e+02 4.807e-01  4 9.454e+03 9.454e+00  1  0   0  0   0   1         0
9392.083  9.392  0   0  5 1.502e+02 1.502e-01  0 3.992e+03 3.992e+00  1  0   0  0   0   1         0
9379.009  9.379  0   0  5 8.356e+02 8.356e-01  0 1.254e+02 1.254e-01  1  0   0  0   0   1         0
9398.931  9.399  0   0  2 3.055e+03 3.055e+00  2 1.062e+04 1.062e+01  1  0   0  0   0   1         0
9394.205  9.394  0   0  1 2.695e+03 2.695e+00  0 4.820e+01 4.820e-02  1  0   0  0   0   1         0
9361.272  9.361  0   0  6 2.209e+04 2.209e+01  6 4.736e+04 4.736e+01  1  0   0  0   0   1         0
9397.736  9.398  0   0  3 3.266e+02 3.266e-01  0 4.279e+03 4.279e+00  1  0   0  0   0   1         0
9372.346  9.372  0   0  5 7.911e+02 7.911e-01  0 2.912e+02 2.912e-01  1  0   0  0   0   1         0
9357.849  9.358  0   0  5 5.293e+03 5.293e+00  0 6.601e+03 6.601e+00  1  0   0  0   0   1         0
9360.134  9.360  0   0  6 1.400e+03 1.400e+00  6 9.237e+02 9.237e-01  1  0   0  0   0   1         0
9384.382  9.384  0   0  3 9.843e+01 9.843e-02  0 6.526e+03 6.526e+00  1  0   0  0   0   1         0
9399.387  9.399  0   0 10 7.690e+01 7.690e-02 10 2.461e+02 2.461e-01  1  0   0  0   0   1         0
9437.865  9.438  0   0  3 5.006e+03 5.006e+00  0 3.156e+03 3.156e+00  1  0   0  0   0   1         0
9433.842  9.434  0   0  2 4.853e+03 4.853e+00  2 1.512e+03 1.512e+00  1  0   0  0   0   1         0
9421.183  9.421  0   0  3 2.868e+03 2.868e+00  0 2.224e+03 2.224e+00  1  0   0  0   0   1         0
9408.740  9.409  0   0  5 6.819e+02 6.819e-01  0 5.625e+03 5.625e+00  1  0   0  0   0   1         0
9439.605  9.440  0   0  5 1.353e+03 1.353e+00  0 7.483e+03 7.483e+00  1  0   0  0   0   1         0
9443.648  9.444  0   0  8 1.592e+02 1.592e-01  8 5.267e+02 5.267e-01  1  0   0  0   0   1         0
9419.779  9.420  0   0  3 4.228e+02 4.228e-01  0 8.913e+03 8.913e+00  1  0   0  0   0   1         0
9442.163  9.442  0   0  8 1.755e+03 1.755e+00  8 3.193e+03 3.193e+00  1  0   0  0   0   1         0
9431.959  9.432  0   0  1 5.712e+03 5.712e+00  0 2.318e+03 2.318e+00  1  0   0  0   0   1         0
9426.542  9.427  0   0  0 4.791e+02 4.791e-01  0 2.669e+02 2.669e-01  1  0   0  0   0   1         0
9430.714  9.431  0   0  2 4.282e+02 4.282e-01  2 4.787e+02 4.787e-01  1  0   0  0   0   1         0
9405.463  9.405  0   0  1 5.733e+03 5.733e+00  0 3.193e+01 3.193e-02  1  0   0  0   0   1         0
9406.356  9.406  0   0  2 2.699e+03 2.699e+00  2 1.857e+03 1.857e+00  1  0   0  0   0   1         0
9436.488  9.436  0   0  5 2.456e+02 2.456e-01  0 6.865e+03 6.865e+00  1  0   0  0   0   1         0
9448.519  9.449  0   0  2 1.235e+03 1.235e+00  2 8.531e+04 8.531e+01  1  0   0  0   0   1         0
9425.584  9.426  0   0  6 3.783e+02 3.783e-01  6 5.499e+03 5.499e+00  1  0   0  0   0   1         0
9402.740  9.403  0   0  3 1.092e+04 1.092e+01  0 1.039e+04 1.039e+01  1  0   0  0   0   1         0
9403.453  9.403  0   0  3 2.671e+04 2.671e+01  0 2.198e+03 2.198e+00  1  0   0  0   0   1         0
9423.562  9.424  0   0  4 2.837e+03 2.837e+00  4 2.354e+03 2.354e+00  1  0   0  0   0   1         0
9433.057  9.433  0   0  1 1.126e+04 1.126e+01  0 2.023e+04 2.023e+01  1  0   0  0   0   1         0
9407.847  9.408  0   0  9 1.147e+03 1.147e+00  0 6.066e+04 6.066e+01  1  0   0  0   0   1         0
9401.677  9.402  0   0  6 3.697e+03 3.697e+00  6 2.953e+03 2.953e+00  1  0   0  0   0   1         0
9436.625  9.437  0   0  3 1.436e+03 1.436e+00  0 4.759e+04 4.759e+01  1  0   0  0   0   1         0
9407.404  9.407  0   0  1 4.930e+00 4.930e-03  0 2.158e+04 2.158e+01  1  0   0  0   0   1         0
9422.100  9.422  0   0  2 7.292e+03 7.292e+00  2 2.537e+03 2.537e+00  1  0   0  0   0   1         0
9436.857  9.437  0   0  3 6.134e+02 6.134e-01  0 4.525e+02 4.525e-01  1  0   0  0   0   1         0
9406.351  9.406  0   0  1 1.361e+03 1.361e+00  0 2.176e+04 2.176e+01  1  0   0  0   0   1         0
9422.329  9.422  0   0  2 3.614e+03 3.614e+00  2 1.990e+03 1.990e+00  1  0   0  0   0   1         0
9405.650  9.406  0   0  4 2.420e+03 2.420e+00  4 1.847e+04 1.847e+01  1  0   0  0   0   1         0
9417.552  9.418  0   0  2 1.087e+04 1.087e+01  2 1.313e+03 1.313e+00  1  0   0  0   0   1         0
9445.683  9.446  0   0  6 6.143e+03 6.143e+00  6 7.369e+03 7.369e+00  1  0   0  0   0   1         0
9434.473  9.434  0   0  3 7.424e+00 7.424e-03  0 1.791e+04 1.791e+01  1  0   0  0   0   1         0
9401.172  9.401  0   0  7 1.548e+03 1.548e+00  0 2.437e+01 2.437e-02  1  0   0  0   0   1         0
9406.815  9.407  0   0  5 1.178e+03 1.178e+00  0 3.561e+04 3.561e+01  1  0   0  0   0   1         0
9414.853  9.415  0   0  3 1.711e+03 1.711e+00  0 1.368e+04 1.368e+01  1  0   0  0   0   1         0
9444.849  9.445  0   0  3 8.709e+01 8.709e-02  0 2.236e+04 2.236e+01  1  0   0  0   0   1         0
9437.500  9.437  0   0  2 5.719e+02 5.719e-01  2 5.137e+04 5.137e+01  1  0   0  0   0   1         0
9431.057  9.431  0   0  2 1.091e+02 1.091e-01  2 1.153e+04 1.153e+01  1  0   0  0   0   1         0
9407.731  9.408  0   0  2 2.680e+04 2.680e+01  2 1.856e+04 1.856e+01  1  0   0  0   0   1         0
9446.494  9.446  0   0  2 1.480e+04 1.480e+01  2 1.226e+04 1.226e+01  1  0   0  0   0   1         0
9440.525  9.441  0   0  2 3.678e+02 3.678e-01  2 7.563e-02 7.563e-05  1  0   0  0   0   1         0
9412.114  9.412  0   0  1 1.073e+03 1.073e+00  0 1.033e+03 1.033e+00  1  0   0  0   0   1         0
9420.404  9.420  0   0  1 6.185e+03 6.185e+00  0 8.837e+03 8.837e+00  1  0   0  0   0   1         0
9421.610  9.422  0   0  4 2.428e+03 2.428e+00  4 3.129e+03 3.129e+00  1  0   0  0   0   1         0
9429.563  9.430  0   0  9 2.074e+03 2.074e+00  0 6.034e+03 6.034e+00  1  0   0  0   0   1         0
9418.923  9.419  0   0  5 9.938e+03 9.938e+00  0 6.899e+03 6.899e+00  1  0   0  0   0   1         0
9410.631  9.411  0   0  2 3.747e+03 3.747e+00  2 4.495e+03 4.495e+00  1  0   0  0   0   1         0
9433.521  9.434  0   0  3 5.357e+03 5.357e+00  0 1.221e+04 1.221e+01  1  0   0  0   0   1         0
9434.046  9.434  0   0  4 6.222e+02 6.222e-01  4 4.236e+03 4.236e+00  1  0   0  0   0   1         0
9422.311  9.422  0   0  0 1.366e+03 1.366e+00  0 8.315e+03 8.315e+00  1  0   0  0   0   1         0
9424.526  9.425  0   0  5 4.937e+01 4.937e-02  0 2.302e+04 2.302e+01  1  0   0  0   0   1         0
9402.571  9.403  0   0  3 1.431e+04 1.431e+01  0 3.754e+03 3.754e+00  1  0   0  0   0   1         0
9422.998  9.423  0   0  7 4.958e+03 4.958e+00  0 3.199e+02 3.199e-01  1  0   0  0   0   1         0
9440.143  9.440  0   0  5 2.670e+03 2.670e+00  0 8.195e+03 8.195e+00  1  0   0  0   0   1         0
9429.761  9.430  0   0  6 9.774e+03 9.774e+00  6 2.616e+04 2.616e+01  1  0   0  0   0   1         0
9446.091  9.446  0   0  0 4.577e+03 4.577e+00  0 5.599e+03 5.599e+00  1  0   0  0   0   1         0
9435.982  9.436  0   0  0 2.919e+02 2.919e-01  0 1.061e+03 1.061e+00  1  0   0  0   0   1         0
9439.015  9.439  0   0  3 4.406e+02 4.406e-01  0 2.846e+03 2.846e+00  1  0   0  0   0   1         0
9423.114  9.423  0   0  6 1.344e+03 1.344e+00  6 7.261e+03 7.261e+00  1  0   0  0   0   1         0
9408.785  9.409  0   0  3 8.331e+02 8.331e-01  0 3.432e+03 3.432e+00  1  0   0  0   0   1         0
9445.671  9.446  0   0  6 2.169e+02 2.169e-01  6 6.209e+03 6.209e+00  1  0   0  0   0   1         0
9433.133  9.433  0   0  0 2.420e+02 2.420e-01  0 3.882e+03 3.882e+00  1  0   0  0   0   1         0
9445.537  9.446  0   0  3 5.966e+03 5.966e+00  0 7.577e+03 7.577e+00  1  0   0  0   0   1         0
9431.059  9.431  0   0  1 3.426e+03 3.426e+00  0 1.169e+04 1.169e+01  1  0   0  0   0   1         0
9422.917  9.423  0   0  3 1.182e+04 1.182e+01  0 1.925e+02 1.925e-01  1  0   0  0   0   1         0
9406.828  9.407  0   0  2 1.485e+03 1.485e+00  2 3.415e+03 3.415e+00  1  0   0  0   0   1         0
9420.072  9.420  0   0  5 5.612e+03 5.612e+00  0 1.481e+04 1.481e+01  1  0   0  0   0   1         0
9430.064  9.430  0   0  0 8.533e+02 8.533e-01  0 1.698e+04 1.698e+01  1  0   0  0   0   1         0
9446.587  9.447  0   0  3 6.363e+01 6.363e-02  0 1.154e+03 1.154e+00  1  0   0  0   0   1         0
9441.574  9.442  0   0  3 3.210e+02 3.210e-01  0 1.419e+04 1.419e+01  1  0   0  0   0   1         0
9425.851  9.426  0   0  1 1.673e+03 1.673e+00  0 2.638e+03 2.638e+00  1  0   0  0   0   1         0
9422.592  9.423  0   0  2 2.748e+02 2.748e-01  2 2.283e+01 2.283e-02  1  0   0  0   0   1         0
9401.689  9.402  0   0  4 1.930e+03 1.930e+00  4 1.249e+03 1.249e+00  1  0   0  0   0   1         0
9417.737  9.418  0   0  2 9.418e+03 9.418e+00  2 1.559e+03 1.559e+00  1  0   0  0   0   1         0
9449.080  9.449  0   0  0 3.688e+02 3.688e-01  0 1.098e+03 1.098e+00  1  0   0  0   0   1         0
9437.199  9.437  0   0  6 9.634e+02 9.634e-01  6 1.925e+02 1.925e-01  1  0   0  0   0   1         0
9426.431  9.426  0   0  1 1.627e+02 1.627e-01  0 6.695e+02 6.695e-01  1  0   0  0   0   1         0
9443.206  9.443  0   0  4 5.257e+03 5.257e+00  4 6.807e+03 6.807e+00  1  0   0  0   0   1         0
9401.170  9.401  0   0  3 1.920e+04 1.920e+01  0 4.338e+03 4.338e+00  1  0   0  0   0   1         0
9447.912  9.448  0   0  6 2.136e+03 2.136e+00  6 1.100e+04 1.100e+01  1  0   0  0   0   1         0
9435.145  9.435  0   0  4 2.460e+03 2.460e+00  4 2.470e+01 2.470e-02  1  0   0  0   0   1         0
9400.676  9.401  0   0  5 7.818e+02 7.818e-01  0 1.278e+03 1.278e+00  1  0   0  0   0   1         0
9435.437  9.435  0   0  5 4.734e+03 4.734e+00  0 6.940e+04 6.940e+01  1  0   0  0   0   1         0
9404.216  9.404  0   0  4 1.420e+03 1.420e+00  4 3.220e+03 3.220e+00  1  0   0  0   0   1         0
9432.158  9.432  0   0  3 5.087e+03 5.087e+00  0 4.226e+04 4.226e+01  1  0   0  0   0   1         0
9415.208  9.415  0   0  3 3.261e+01 3.261e-02  0 8.530e+03 8.530e+00  1  0   0  0   0   1         0
9410.735  9.411  0   0  3 4.959e+00 4.959e-03  0 8.631e+02 8.631e-01  1  0   0  0   0   1         0
9431.585  9.432  0   0  3 9.390e+01 9.390e-02  0 2.655e+04 2.655e+01  1  0   0  0   0   1         0
9421.893  9.422  0   0  1 3.074e+03 3.074e+00  0 2.599e+02 2.599e-01  1  0   0  0   0   1         0
9403.273  9.403  0   0  3 1.039e+03 1.039e+00  0 1.168e+04 1.168e+01  1  0   0  0   0   1         0
9441.229  9.441  0   0  5 4.004e+03 4.004e+00  0 1.273e+03 1.273e+00  1  0   0  0   0   1         0
9413.459  9.413  0   0  6 1.331e+01 1.331e-02  6 4.500e+04 4.500e+01  1  0   0  0   0   1         0
9431.093  9.431  0   0  0 9.250e+01 9.250e-02  0 1.104e+04 1.104e+01  1  0   0  0   0   1         0
9430.652  9.431  0   0  1 2.903e+03 2.903e+00  0 4.755e+02 4.755e-01  1  0   0  0   0   1         0
9402.850  9.403  0   0  3 2.221e+01 2.221e-02  0 3.842e+04 3.842e+01  1  0   0  0   0   1         0
9449.868  9.450  0   0  2 1.222e+04 1.222e+01  2 8.955e+04 8.955e+01  1  0   0  0   0   1         0
9422.575  9.423  0   0  3 1.967e+03 1.967e+00  0 5.460e+03 5.460e+00  1  0   0  0   0   1         0
9410.396  9.410  0   0  4 7.198e+01 7.198e-02  4 8.281e+03 8.281e+00  1  0   0  0   0   1         0
9422.029  9.422  0   0  3 2.086e+04 2.086e+01  0 1.416e+03 1.416e+00  1  0   0  0   0   1         0
9430.338  9.430  0   0  3 5.786e+02 5.786e-01  0 7.781e+03 7.781e+00  1  0   0  0   0   1         0
9400.154  9.400  0   0  2 1.242e+03 1.242e+00  2 1.956e+04 1.956e+01  1  0   0  0   0   1         0
9415.171  9.415  0   0  3 5.395e+03 5.395e+00  0 7.126e+02 7.126e-01  1  0   0  0   0   1         0
9453.682  9.454  0   0  1 2.475e+03 2.475e+00  0 1.701e+04 1.701e+01  1  0   0  0   0   1         0
9472.291  9.472  0   0  5 3.609e+03 3.609e+00  0 1.998e+03 1.998e+00  1  0   0  0   0   1         0
9466.725  9.467  0   0  1 5.821e+02 5.821e-01  0 1.911e+03 1.911e+00  1  0   0  0   0   1         0
9478.212  9.478  0   0  6 3.182e+04 3.182e+01  6 1.765e+04 1.765e+01  1  0   0  0   0   1         0
9472.740  9.473  0   0  0 1.628e+03 1.628e+00  0 9.097e+03 9.097e+00  1  0   0  0   0   1         0
9459.627  9.460  0   0  6 1.257e+03 1.257e+00  6 1.448e+04 1.448e+01  1  0   0  0   0   1         0
9469.739  9.470  0   0  2 4.634e+03 4.634e+00  2 2.094e+02 2.094e-01  1  0   0  0   0   1         0
9451.466  9.451  0   0  6 4.032e+02 4.032e-01  6 1.473e+03 1.473e+00  1  0   0  0   0   1         0
9477.056  9.477  0   0  7 8.630e+02 8.630e-01  0 2.191e+04 2.191e+01  1  0   0  0   0   1         0
9463.703  9.464  0   0  4 5.049e+04 5.049e+01  4 7.406e+03 7.406e+00  1  0   0  0   0   1         0
9455.694  9.456  0   0  1 6.399e+02 6.399e-01  0 2.885e+03 2.885e+00  1  0   0  0   0   1         0
9453.340  9.453  0   0  5 2.926e+02 2.926e-01  0 7.097e+01 7.097e-02  1  0   0  0   0   1         0
9485.875  9.486  0   0  5 3.034e+02 3.034e-01  0 7.824e+04 7.824e+01  1  0   0  0   0   1         0
9462.508  9.463  0   0  5 2.715e+02 2.715e-01  0 1.070e+03 1.070e+00  1  0   0  0   0   1         0
9483.108  9.483  0   0  7 2.478e+02 2.478e-01  0 5.034e+01 5.034e-02  1  0   0  0   0   1         0
9490.888  9.491  0   0  0 3.428e+01 3.428e-02  0 4.081e+04 4.081e+01  1  0   0  0   0   1         0
9475.188  9.475  0   0  4 7.964e+02 7.964e-01  4 1.018e+04 1.018e+01  1  0   0  0   0   1         0
9456.740  9.457  0   0  4 1.215e+04 1.215e+01  4 2.075e+01 2.075e-02  1  0   0  0   0   1         0
9480.905  9.481  0   0  1 8.119e+02 8.119e-01  0 9.634e+03 9.634e+00  1  0   0  0   0   1         0
9453.631  9.454  0   0  4 1.864e+00 1.864e-03  4 5.820e+03 5.820e+00  1  0   0  0   0   1         0
9490.969  9.491  0   0  5 2.269e+02 2.269e-01  0 4.335e+04 4.335e+01  1  0   0  0   0   1         0
9488.212  9.488  0   0  3 4.404e+01 4.404e-02  0 3.315e+01 3.315e-02  1  0   0  0   0   1         0
9470.286  9.470  0   0  3 7.998e-02 7.998e-05  0 2.102e+03 2.102e+00  1  0   0  0   0   1         0
9463.604  9.464  0   0  2 6.764e+03 6.764e+00  2 1.217e+02 1.217e-01  1  0   0  0   0   1         0
9485.632  9.486  0   0  3 7.375e+02 7.375e-01  0 9.949e+03 9.949e+00  1  0   0  0   0   1         0
9478.545  9.479  0   0  0 7.064e+03 7.064e+00  0 1.213e+03 1.213e+00  1  0   0  0   0   1         0
9457.349  9.457  0   0  6 2.980e+04 2.980e+01  6 1.070e+03 1.070e+00  1  0   0  0   0   1         0
9488.096  9.488  0   0  7 1.429e+04 1.429e+01  0 5.329e+03 5.329e+00  1  0   0  0   0   1         0
9466.867  9.467  0   0  4 1.829e+03 1.829e+00  4 1.777e+02 1.777e-01  1  0   0  0   0   1         0
9494.763  9.495  0   0  1 1.038e+03 1.038e+00  0 2.705e+03 2.705e+00  1  0   0  0   0   1         0
9491.579  9.492  0   0  2 2.162e+03 2.162e+00  2 3.901e+02 3.901e-01  1  0   0  0   0   1         0
9463.942  9.464  0   0  0 7.163e+00 7.163e-03  0 2.772e+04 2.772e+01  1  0   0  0   0   1         0
9462.907  9.463  0   0  2 3.959e+02 3.959e-01  2 2.931e+04 2.931e+01  1  0   0  0   0   1         0
9470.075  9.470  0   0  4 1.341e+04 1.341e+01  4 6.287e+02 6.287e-01  1  0   0  0   0   1         0
9490.341  9.490  0   0  4 1.540e+03 1.540e+00  4 4.541e+03 4.541e+00  1  0   0  0   0   1         0
9456.619  9.457  0   0  4 5.504e+02 5.504e-01  4 3.183e+03 3.183e+00  1  0   0  0   0   1         0
9465.966  9.466  0   0  5 3.574e+03 3.574e+00  0 1.657e+03 1.657e+00  1  0   0  0   0   1         0
9483.124  9.483  0   0  1 1.929e+03 1.929e+00  0 6.248e+02 6.248e-01  1  0   0  0   0   1         0
9451.699  9.452  0   0  2 4.525e+03 4.525e+00  2 1.276e+04 1.276e+01  1  0   0  0   0   1         0
9452.835  9.453  0   0  1 1.881e+04 1.881e+01  0 4.310e+03 4.310e+00  1  0   0  0   0   1         0
9488.244  9.488  0   0  2 7.056e+03 7.056e+00  2 1.823e+04 1.823e+01  1  0   0  0   0   1         0
9476.305  9.476  0   0  5 1.612e+04 1.612e+01  0 1.577e+04 1.577e+01  1  0   0  0   0   1         0
9478.065  9.478  0   0  3 1.005e+02 1.005e-01  0 1.059e+04 1.059e+01  1  0   0  0   0   1         0
9462.585  9.463  0   0  3 2.008e+03 2.008e+00  0 1.043e+03 1.043e+00  1  0   0  0   0   1         0
9476.776  9.477  0   0  3 1.904e+03 1.904e+00  0 7.653e+03 7.653e+00  1  0   0  0   0   1         0
9477.437  9.477  0   0  4 3.947e+02 3.947e-01  4 6.091e+03 6.091e+00  1  0   0  0   0   1         0
9470.872  9.471  0   0  8 9.876e+01 9.876e-02  8 1.193e+04 1.193e+01  1  0   0  0   0   1         0
9498.246  9.498  0   0  5 1.636e+04 1.636e+01  0 1.368e+04 1.368e+01  1  0   0  0   0   1         0
9452.499  9.452  0   0  2 2.772e+03 2.772e+00  2 2.581e+03 2.581e+00  1  0   0  0   0   1         0
9470.930  9.471  0   0  1 5.165e+02 5.165e-01  0 1.319e+03 1.319e+00  1  0   0  0   0   1         0
9492.965  9.493  0   0  2 1.625e+04 1.625e+01  2 5.652e+00 5.652e-03  1  0   0  0   0   1         0
9460.438  9.460  0   0  2 1.070e+03 1.070e+00  2 1.586e+04 1.586e+01  1  0   0  0   0   1         0
9496.795  9.497  0   0  0 6.984e+02 6.984e-01  0 2.024e+03 2.024e+00  1  0   0  0   0   1         0
9471.459  9.471  0   0  6 1.057e+02 1.057e-01  6 1.223e+04 1.223e+01  1  0   0  0   0   1         0
9457.930  9.458  0   0  4 3.035e+03 3.035e+00  4 1.579e+03 1.579e+00  1  0   0  0   0   1         0
9454.719  9.455  0   0  2 6.333e+03 6.333e+00  2 1.975e+04 1.975e+01  1  0   0  0   0   1         0
9466.520  9.467  0   0  2 4.126e+01 4.126e-02  2 1.081e+02 1.081e-01  1  0   0  0   0   1         0
9496.041  9.496  0   0  4 6.894e+03 6.894e+00  4 7.464e+03 7.464e+00  1  0   0  0   0   1         0
9496.997  9.497  0   0  4 5.866e+03 5.866e+00  4 7.863e+01 7.863e-02  1  0   0  0   0   1         0
9478.348  9.478  0   0  1 2.210e+03 2.210e+00  0 1.583e+02 1.583e-01  1  0   0  0   0   1         0
9455.989  9.456  0   0  1 2.339e+03 2.339e+00  0 4.026e+03 4.026e+00  1  0   0  0   0   1         0
9473.017  9.473  0   0  7 8.481e+03 8.481e+00  0 6.942e+02 6.942e-01  1  0   0  0   0   1         0
9471.072  9.471  0   0  0 1.711e+03 1.711e+00  0 1.469e+04 1.469e+01  1  0   0  0   0   1         0
9461.688  9.462  0   0  3 7.528e+02 7.528e-01  0 2.765e+04 2.765e+01  1  0   0  0   0   1         0
9453.855  9.454  0   0  2 6.325e+03 6.325e+00  2 3.780e+03 3.780e+00  1  0   0  0   0   1         0
9469.257  9.469  0   0  9 9.593e+01 9.593e-02  0 4.866e+04 4.866e+01  1  0   0  0   0   1         0
9468.769  9.469  0   0  3 4.955e+03 4.955e+00  0 6.088e+03 6.088e+00  1  0   0  0   0   1         0
9485.355  9.485  0   0  7 2.676e+02 2.676e-01  0 1.406e+04 1.406e+01  1  0   0  0   0   1         0
9469.892  9.470  0   0  1 8.220e+02 8.220e-01  0 4.727e+03 4.727e+00  1  0   0  0   0   1         0
9450.666  9.451  0   0  5 2.133e+03 2.133e+00  0 3.503e+03 3.503e+00  1  0   0  0   0   1         0
9451.016  9.451  0   0  6 1.373e+04 1.373e+01  6 2.282e+04 2.282e+01  1  0   0  0   0   1         0
9484.536  9.485  0   0  0 1.309e+03 1.309e+00  0 2.482e+03 2.482e+00  1  0   0  0   0   1         0
9483.207  9.483  0   0  3 3.226e+03 3.226e+00  0 4.500e+03 4.500e+00  1  0   0  0   0   1         0
9458.120  9.458  0   0  2 3.293e+02 3.293e-01  2 1.280e+04 1.280e+01  1  0   0  0   0   1         0
9493.397  9.493  0   0  4 5.168e+02 5.168e-01  4 2.568e+04 2.568e+01  1  0   0  0   0   1         0
9483.299  9.483  0   0  4 4.676e+03 4.676e+00  4 2.373e+03 2.373e+00  1  0   0  0   0   1         0
9457.802  9.458  0   0  2 1.374e+03 1.374e+00  2 1.335e+04 1.335e+01  1  0   0  0   0   1         0
9464.536  9.465  0   0  1 6.137e+02 6.137e-01  0 5.197e+03 5.197e+00  1  0   0  0   0   1         0
9498.702  9.499  0   0  3 1.057e+04 1.057e+01  0 7.636e+03 7.636e+00  1  0   0  0   0   1         0
9470.569  9.471  0   0  2 2.276e+04 2.276e+01  2 6.528e+02 6.528e-01  1  0   0  0   0   1         0
9543.446  9.543  0   0  2 9.909e+03 9.909e+00  2 3.116e+02 3.116e-01  1  0   0  0   0   1         0
9508.569  9.509  0   0  4 1.503e+03 1.503e+00  4 1.045e+03 1.045e+00  1  0   0  0   0   1         0
9546.461  9.546  0   0  5 1.535e+03 1.535e+00  0 8.188e+03 8.188e+00  1  0   0  0   0   1         0
9514.013  9.514  0   0  1 3.587e+03 3.587e+00  0 1.631e+04 1.631e+01  1  0   0  0   0   1         0
9520.760  9.521  0   0  1 3.975e+03 3.975e+00  0 3.305e+03 3.305e+00  1  0   0  0   0   1         0
9502.281  9.502  0   0  1 1.981e+03 1.981e+00  0 2.500e+02 2.500e-01  1  0   0  0   0   1         0
9527.058  9.527  0   0  0 9.516e+02 9.516e-01  0 3.949e+03 3.949e+00  1  0   0  0   0   1         0
9509.550  9.510  0   0  2 7.056e+03 7.056e+00  2 2.396e+04 2.396e+01  1  0   0  0   0   1         0
9521.733  9.522  0   0  3 8.521e+00 8.521e-03  0 9.423e+02 9.423e-01  1  0   0  0   0   1         0
9546.024  9.546  0   0  0 2.313e+04 2.313e+01  0 2.196e+04 2.196e+01  1  0   0  0   0   1         0
9512.768  9.513  0   0  2 5.790e+03 5.790e+00  2 4.983e+03 4.983e+00  1  0   0  0   0   1         0
9531.915  9.532  0   0  4 1.004e+04 1.004e+01  4 7.477e+03 7.477e+00  1  0   0  0   0   1         0
9510.218  9.510  0   0  3 3.212e+03 3.212e+00  0 2.267e+04 2.267e+01  1  0   0  0   0   1         0
9530.666  9.531  0   0  1 4.919e+01 4.919e-02  0 9.127e+03 9.127e+00  1  0   0  0   0   1         0
9514.609  9.515  0   0  2 1.655e+04 1.655e+01  2 5.650e+03 5.650e+00  1  0   0  0   0   1         0
9534.236  9.534  0   0  2 4.344e-01 4.344e-04  2 9.535e+03 9.535e+00  1  0   0  0   0   1         0
9538.659  9.539  0   0  2 2.274e+03 2.274e+00  2 3.146e+01 3.146e-02  1  0   0  0   0   1         0
9544.110  9.544  0   0  5 2.158e+03 2.158e+00  0 5.188e+03 5.188e+00  1  0   0  0   0   1         0
9545.984  9.546  0   0  3 4.189e+02 4.189e-01  0 2.927e+04 2.927e+01  1  0   0  0   0   1         0
9512.200  9.512  0   0  6 3.430e+01 3.430e-02  6 1.668e+03 1.668e+00  1  0   0  0   0   1         0
9506.533  9.507  0   0  1 1.626e+02 1.626e-01  0 4.650e+02 4.650e-01  1  0   0  0   0   1         0
9502.460  9.502  0   0  3 7.101e+02 7.101e-01  0 1.523e+04 1.523e+01  1  0   0  0   0   1         0
9536.164  9.536  0   0  7 2.239e+04 2.239e+01  0 7.499e+03 7.499e+00  1  0   0  0   0   1         0
9509.457  9.509  0   0  6 4.599e+04 4.599e+01  6 6.077e+01 6.077e-02  1  0   0  0   0   1         0
9540.124  9.540  0   0  5 8.148e+02 8.148e-01  0 2.685e+02 2.685e-01  1  0   0  0   0   1         0
9548.265  9.548  0   0  4 1.655e+01 1.655e-02  4 8.751e+02 8.751e-01  1  0   0  0   0   1         0
9507.491  9.507  0   0  2 2.384e+04 2.384e+01  2 2.439e+04 2.439e+01  1  0   0  0   0   1         0
9514.316  9.514  0   0  2 1.498e+03 1.498e+00  2 1.052e+04 1.052e+01  1  0   0  0   0   1         0
9526.385  9.526  0   0  2 1.813e+04 1.813e+01  2 7.768e+03 7.768e+00  1  0   0  0   0   1         0
9521.707  9.522  0   0  2 6.956e+01 6.956e-02  2 2.131e+04 2.131e+01  1  0   0  0   0   1         0
9521.476  9.521  0   0  5 1.832e+03 1.832e+00  0 8.679e+03 8.679e+00  1  0   0  0   0   1         0
9510.981  9.511  0   0  4 9.182e+02 9.182e-01  4 1.518e+03 1.518e+00  1  0   0  0   0   1         0
9544.532  9.545  0   0  2 9.202e+01 9.202e-02  2 2.838e+03 2.838e+00  1  0   0  0   0   1         0
9534.237  9.534  0   0  3 1.555e+01 1.555e-02  0 1.106e+04 1.106e+01  1  0   0  0   0   1         0
9507.789  9.508  0   0  3 5.171e-02 5.171e-05  0 9.667e+03 9.667e+00  1  0   0  0   0   1         0
9500.225  9.500  0   0  3 2.644e+03 2.644e+00  0 1.005e+04 1.005e+01  1  0   0  0   0   1         0
9538.265  9.538  0   0  1 5.458e+03 5.458e+00  0 1.955e+01 1.955e-02  1  0   0  0   0   1         0
9500.804  9.501  0   0  0 7.056e+02 7.056e-01  0 1.404e+02 1.404e-01  1  0   0  0   0   1         0
9544.097  9.544  0   0  0 1.061e+03 1.061e+00  0 5.999e+03 5.999e+00  1  0   0  0   0   1         0
9526.653  9.527  0   0  2 1.661e+03 1.661e+00  2 2.691e+03 2.691e+00  1  0   0  0   0   1         0
9546.551  9.547  0   0  3 5.068e+03 5.068e+00  0 1.058e+02 1.058e-01  1  0   0  0   0   1         0
9538.721  9.539  0   0  6 5.012e+03 5.012e+00  6 3.660e+04 3.660e+01  1  0   0  0   0   1         0
9544.785  9.545  0   0  0 5.468e+03 5.468e+00  0 9.533e+03 9.533e+00  1  0   0  0   0   1         0
9537.329  9.537  0   0  0 2.772e+01 2.772e-02  0 7.075e+03 7.075e+00  1  0   0  0   0   1         0
9529.009  9.529  0   0  1 1.272e+03 1.272e+00  0 1.636e+04 1.636e+01  1  0   0  0   0   1         0
9508.759  9.509  0   0  2 1.756e+03 1.756e+00  2 3.638e+02 3.638e-01  1  0   0  0   0   1         0
9536.526  9.537  0   0  5 2.525e+03 2.525e+00  0 3.533e+03 3.533e+00  1  0   0  0   0   1         0
9529.791  9.530  0   0  5 5.140e+03 5.140e+00  0 1.066e+03 1.066e+00  1  0   0  0   0   1         0
9522.914  9.523  0   0  6 8.554e+02 8.554e-01  6 4.719e+04 4.719e+01  1  0   0  0   0   1         0
9528.109  9.528  0   0  1 6.116e+02 6.116e-01  0 2.598e+04 2.598e+01  1  0   0  0   0   1         0
9511.744  9.512  0   0  2 4.904e+02 4.904e-01  2 1.515e+04 1.515e+01  1  0   0  0   0   1         0
9520.398  9.520  0   0  3 3.488e+03 3.488e+00  0 1.048e+04 1.048e+01  1  0   0  0   0   1         0
9506.290  9.506  0   0  0 9.537e+03 9.537e+00  0 8.904e+03 8.904e+00  1  0   0  0   0   1         0
9520.666  9.521  0   0  3 1.102e+02 1.102e-01  0 6.210e+03 6.210e+00  1  0   0  0   0   1         0
9523.529  9.524  0   0  4 8.949e+03 8.949e+00  4 3.762e+02 3.762e-01  1  0   0  0   0   1         0
9542.977  9.543  0   0  5 1.354e+04 1.354e+01  0 5.083e+03 5.083e+00  1  0   0  0   0   1         0
9526.541  9.527  0   0  1 7.566e+03 7.566e+00  0 6.593e+03 6.593e+00  1  0   0  0   0   1         0
9545.503  9.546  0   0  4 1.727e+04 1.727e+01  4 1.872e+03 1.872e+00  1  0   0  0   0   1         0
9548.418  9.548  0   0  5 4.172e+03 4.172e+00  0 1.422e+02 1.422e-01  1  0   0  0   0   1         0
9502.484  9.502  0   0  6 1.176e+03 1.176e+00  6 2.473e+03 2.473e+00  1  0   0  0   0   1         0
9530.032  9.530  0   0  2 7.210e+03 7.210e+00  2 7.447e+03 7.447e+00  1  0   0  0   0   1         0
9515.116  9.515  0   0  5 2.872e+02 2.872e-01  0 3.215e+03 3.215e+00  1  0   0  0   0   1         0
9542.658  9.543  0   0  4 3.594e+03 3.594e+00  4 1.685e+03 1.685e+00  1  0   0  0   0   1         0
9524.887  9.525  0   0  2 5.388e+03 5.388e+00  2 9.188e+03 9.188e+00  1  0   0  0   0   1         0
9503.957  9.504  0   0  2 4.748e+00 4.748e-03  2 2.146e+04 2.146e+01  1  0   0  0   0   1         0
9510.875  9.511  0   0  6 2.123e+02 2.123e-01  6 3.540e+02 3.540e-01  1  0   0  0   0   1         0
9533.854  9.534  0   0  1 4.172e+01 4.172e-02  0 3.332e+03 3.332e+00  1  0   0  0   0   1         0
9504.035  9.504  0   0  1 8.503e+03 8.503e+00  0 1.636e+03 1.636e+00  1  0   0  0   0   1         0
9519.126  9.519  0   0  5 9.937e+03 9.937e+00  0 1.410e+04 1.410e+01  1  0   0  0   0   1         0
9543.662  9.544  0   0  5 3.741e+03 3.741e+00  0 1.058e+01 1.058e-02  1  0   0  0   0   1         0
9501.481  9.501  0   0  1 9.694e+03 9.694e+00  0 9.362e+01 9.362e-02  1  0   0  0   0   1         0
9534.964  9.535  0   0  7 2.696e+02 2.696e-01  0 1.427e+04 1.427e+01  1  0   0  0   0   1         0
9533.933  9.534  0   0  0 1.369e+03 1.369e+00  0 1.838e+03 1.838e+00  1  0   0  0   0   1         0
9516.197  9.516  0   0  1 3.667e+03 3.667e+00  0 3.401e+04 3.401e+01  1  0   0  0   0   1         0
9505.710  9.506  0   0  1 5.220e+02 5.220e-01  0 4.017e+03 4.017e+00  1  0   0  0   0   1         0
9505.188  9.505  0   0  0 1.324e+04 1.324e+01  0 9.030e+03 9.030e+00  1  0   0  0   0   1         0
9548.483  9.548  0   0  5 1.528e+04 1.528e+01  0 4.716e+04 4.716e+01  1  0   0  0   0   1         0
9534.005  9.534  0   0  1 1.394e+03 1.394e+00  0 4.801e+03 4.801e+00  1  0   0  0   0   1         0
9593.794  9.594  0   0  3 3.737e+03 3.737e+00  0 1.156e+03 1.156e+00  1  0   0  0   0   1         0
9558.887  9.559  0   0  1 8.047e+03 8.047e+00  0 4.324e+01 4.324e-02  1  0   0  0   0   1         0
9577.732  9.578  0   0  5 1.326e+04 1.326e+01  0 4.114e+03 4.114e+00  1  0   0  0   0   1         0
9576.878  9.577  0   0  2 1.391e+04 1.391e+01  2 4.376e+04 4.376e+01  1  0   0  0   0   1         0
9572.696  9.573  0   0  6 5.555e+02 5.555e-01  6 2.656e+03 2.656e+00  1  0   0  0   0   1         0
9585.879  9.586  0   0  2 1.162e+03 1.162e+00  2 9.885e+03 9.885e+00  1  0   0  0   0   1         0
9582.460  9.582  0   0  4 7.600e+03 7.600e+00  4 1.126e+03 1.126e+00  1  0   0  0   0   1         0
9563.898  9.564  0   0  3 4.929e+01 4.929e-02  0 1.617e+02 1.617e-01  1  0   0  0   0   1         0
9567.570  9.568  0   0  0 5.861e+03 5.861e+00  0 3.416e+04 3.416e+01  1  0   0  0   0   1         0
9594.488  9.594  0   0  0 4.331e+00 4.331e-03  0 4.328e+02 4.328e-01  1  0   0  0   0   1         0
9566.445  9.566  0   0  7 8.479e+03 8.479e+00  0 2.661e+03 2.661e+00  1  0   0  0   0   1         0
9572.380  9.572  0   0  8 5.484e+01 5.484e-02  8 4.420e+03 4.420e+00  1  0   0  0   0   1         0
9598.663  9.599  0   0  1 1.127e+04 1.127e+01  0 8.784e+02 8.784e-01  1  0   0  0   0   1         0
9592.950  9.593  0   0  7 1.694e+03 1.694e+00  0 2.245e+04 2.245e+01  1  0   0  0   0   1         0
9585.097  9.585  0   0  1 1.208e+03 1.208e+00  0 4.779e+03 4.779e+00  1  0   0  0   0   1         0
9565.352  9.565  0   0  3 8.494e+03 8.494e+00  0 2.823e+02 2.823e-01  1  0   0  0   0   1         0
9581.603  9.582  0   0  6 1.299e+03 1.299e+00  6 9.722e+03 9.722e+00  1  0   0  0   0   1         0
9582.264  9.582  0   0  3 7.482e+02 7.482e-01  0 6.659e+02 6.659e-01  1  0   0  0   0   1         0
9570.750  9.571  0   0  1 4.015e+03 4.015e+00  0 1.250e+03 1.250e+00  1  0   0  0   0   1         0
9551.831  9.552  0   0  6 2.953e+03 2.953e+00  6 3.037e+04 3.037e+01  1  0   0  0   0   1         0
9568.492  9.568  0   0  4 1.346e+03 1.346e+00  4 1.123e+04 1.123e+01  1  0   0  0   0   1         0
9575.584  9.576  0   0  3 8.054e+01 8.054e-02  0 1.515e+02 1.515e-01  1  0   0  0   0   1         0
9597.540  9.598  0   0  3 2.780e+03 2.780e+00  0 1.212e+03 1.212e+00  1  0   0  0   0   1         0
9586.515  9.587  0   0  3 2.932e+03 2.932e+00  0 2.395e+03 2.395e+00  1  0   0  0   0   1         0
9555.465  9.555  0   0  6 5.554e+03 5.554e+00  6 3.327e+03 3.327e+00  1  0   0  0   0   1         0
9565.221  9.565  0   0  2 5.710e+02 5.710e-01  2 6.692e+02 6.692e-01  1  0   0  0   0   1         0
9576.261  9.576  0   0  8 3.227e+04 3.227e+01  8 2.976e+04 2.976e+01  1  0   0  0   0   1         0
9572.732  9.573  0   0  7 1.263e+04 1.263e+01  0 1.019e+03 1.019e+00  1  0   0  0   0   1         0
9550.260  9.550  0   0  0 4.302e+03 4.302e+00  0 2.102e+04 2.102e+01  1  0   0  0   0   1         0
9596.797  9.597  0   0  3 8.013e+03 8.013e+00  0 5.593e+02 5.593e-01  1  0   0  0   0   1         0
9595.263  9.595  0   0  3 7.758e+03 7.758e+00  0 1.242e+03 1.242e+00  1  0   0  0   0   1         0
9596.237  9.596  0   0  1 1.397e+03 1.397e+00  0 1.822e+04 1.822e+01  1  0   0  0   0   1         0
9571.602  9.572  0   0  0 6.069e+03 6.069e+00  0 5.786e+02 5.786e-01  1  0   0  0   0   1         0
9591.766  9.592  0   0  6 8.954e+02 8.954e-01  6 8.127e+03 8.127e+00  1  0   0  0   0   1         0
9585.573  9.586  0   0  2 7.186e+02 7.186e-01  2 5.120e+02 5.120e-01  1  0   0  0   0   1         0
9575.765  9.576  0   0  2 2.647e+03 2.647e+00  2 5.437e+03 5.437e+00  1  0   0  0   0   1         0
9553.908  9.554  0   0  7 6.147e+03 6.147e+00  0 1.299e+00 1.299e-03  1  0   0  0   0   1         0
9558.493  9.558  0   0  2 2.362e+03 2.362e+00  2 1.986e+03 1.986e+00  1  0   0  0   0   1         0
9562.041  9.562  0   0  5 1.721e+02 1.721e-01  0 3.176e+03 3.176e+00  1  0   0  0   0   1         0
9594.861  9.595  0   0  4 8.566e+03 8.566e+00  4 6.443e+04 6.443e+01  1  0   0  0   0   1         0
9583.426  9.583  0   0  1 9.649e+03 9.649e+00  0 4.167e+01 4.167e-02  1  0   0  0   0   1         0
9599.163  9.599  0   0  4 4.526e+02 4.526e-01  4 2.722e+04 2.722e+01  1  0   0  0   0   1         0
9578.496  9.578  0   0  3 1.757e+04 1.757e+01  0 1.776e+02 1.776e-01  1  0   0  0   0   1         0
9554.291  9.554  0   0  1 4.231e+03 4.231e+00  0 3.676e+02 3.676e-01  1  0   0  0   0   1         0
9574.065  9.574  0   0  1 2.972e+03 2.972e+00  0 9.212e+03 9.212e+00  1  0   0  0   0   1         0
9555.660  9.556  0   0  2 2.682e+02 2.682e-01  2 3.401e+03 3.401e+00  1  0   0  0   0   1         0
9595.130  9.595  0   0  4 2.101e+03 2.101e+00  4 1.283e+04 1.283e+01  1  0   0  0   0   1         0
9564.065  9.564  0   0  5 1.599e+02 1.599e-01  0 5.608e+03 5.608e+00  1  0   0  0   0   1         0
9559.977  9.560  0   0  5 9.222e+02 9.222e-01  0 8.912e+03 8.912e+00  1  0   0  0   0   1         0
9575.759  9.576  0   0  2 2.504e+04 2.504e+01  2 4.153e+03 4.153e+00  1  0   0  0   0   1         0
9590.464  9.590  0   0  6 4.963e+02 4.963e-01  6 7.645e+01 7.645e-02  1  0   0  0   0   1         0
9575.695  9.576  0   0  2 7.521e+03 7.521e+00  2 1.943e+04 1.943e+01  1  0   0  0   0   1         0
9551.937  9.552  0   0  8 4.643e+03 4.643e+00  8 5.098e+03 5.098e+00  1  0   0  0   0   1         0
9587.282  9.587  0   0  0 1.442e+02 1.442e-01  0 2.307e+04 2.307e+01  1  0   0  0   0   1         0
9551.727  9.552  0   0  5 1.024e+03 1.024e+00  0 7.219e+03 7.219e+00  1  0   0  0   0   1         0
9580.388  9.580  0   0  2 7.597e+01 7.597e-02  2 6.147e+03 6.147e+00  1  0   0  0   0   1         0
9581.014  9.581  0   0  5 3.289e+03 3.289e+00  0 4.461e+03 4.461e+00  1  0   0  0   0   1         0
9560.544  9.561  0   0  3 9.272e+03 9.272e+00  0 6.991e+00 6.991e-03  1  0   0  0   0   1         0
9572.505  9.573  0   0  1 3.579e+03 3.579e+00  0 2.784e+04 2.784e+01  1  0   0  0   0   1         0
9550.314  9.550  0   0  2 2.258e+03 2.258e+00  2 6.001e+03 6.001e+00  1  0   0  0   0   1         0
9564.329  9.564  0   0  5 1.939e+03 1.939e+00  0 2.291e+04 2.291e+01  1  0   0  0   0   1         0
9581.134  9.581  0   0  1 4.729e+03 4.729e+00  0 1.577e+03 1.577e+00  1  0   0  0   0   1         0
9564.354  9.564  0   0  3 1.003e+03 1.003e+00  0 1.506e+04 1.506e+01  1  0   0  0   0   1         0
9552.414  9.552  0   0  2 4.979e+02 4.979e-01  2 4.556e+03 4.556e+00  1  0   0  0   0   1         0
9583.868  9.584  0   0  4 1.916e+02 1.916e-01  4 2.308e+04 2.308e+01  1  0   0  0   0   1         0
9587.254  9.587  0   0  1 1.146e-01 1.146e-04  0 1.313e+04 1.313e+01  1  0   0  0   0   1         0
9593.232  9.593  0   0  0 7.663e+03 7.663e+00  0 4.101e+03 4.101e+00  1  0   0  0   0   1         0
9593.854  9.594  0   0  1 1.296e+03 1.296e+00  0 9.821e+03 9.821e+00  1  0   0  0   0   1         0
9574.993  9.575  0   0  2 1.582e+03 1.582e+00  2 1.932e+03 1.932e+00  1  0   0  0   0   1         0
9570.540  9.571  0   0  2 3.169e+03 3.169e+00  2 1.290e+04 1.290e+01  1  0   0  0   0   1         0
9579.465  9.579  0   0  4 2.329e+03 2.329e+00  4 4.201e+04 4.201e+01  1  0   0  0   0   1         0
9589.749  9.590  0   0  4 2.006e+03 2.006e+00  4 1.776e+04 1.776e+01  1  0   0  0   0   1         0
9573.944  9.574  0   0  3 4.899e+01 4.899e-02  0 1.418e+04 1.418e+01  1  0   0  0   0   1         0
9599.762  9.600  0   0  4 4.595e+03 4.595e+00  4 5.617e+03 5.617e+00  1  0   0  0   0   1         0
9582.039  9.582  0   0  5 6.878e+03 6.878e+00  0 8.852e+03 8.852e+00  1  0   0  0   0   1         0
9565.557  9.566  0   0  3 3.092e+02 3.092e-01  0 4.703e+03 4.703e+00  1  0   0  0   0   1         0
9589.801  9.590  0   0  2 1.946e+02 1.946e-01  2 2.256e+04 2.256e+01  1  0   0  0   0   1         0
9557.630  9.558  0   0  5 1.197e+00 1.197e-03  0 6.046e+00 6.046e-03  1  0   0  0   0   1         0
9596.831  9.597  0   0  0 2.449e+03 2.449e+00  0 1.761e+04 1.761e+01  1  0   0  0   0   1         0
9567.178  9.567  0   0  1 1.021e+04 1.021e+01  0 2.380e+03 2.380e+00  1  0   0  0   0   1         0
9584.405  9.584  0   0  4 2.845e+03 2.845e+00  4 2.424e+03 2.424e+00  1  0   0  0   0   1         0
9581.431  9.581  0   0  5 3.925e+03 3.925e+00  0 1.705e+04 1.705e+01  1  0   0  0   0   1         0
9554.856  9.555  0   0  4 1.490e+03 1.490e+00  4 1.003e+04 1.003e+01  1  0   0  0   0   1         0
9586.223  9.586  0   0  6 5.675e+01 5.675e-02  6 3.074e+03 3.074e+00  1  0   0  0   0   1         0
9565.744  9.566  0   0  1 2.171e+03 2.171e+00  0 1.904e+03 1.904e+00  1  0   0  0   0   1         0
9569.227  9.569  0   0  2 1.226e+03 1.226e+00  2 1.215e+01 1.215e-02  1  0   0  0   0   1         0
9554.889  9.555  0   0  6 1.943e+02 1.943e-01  6 3.988e+03 3.988e+00  1  0   0  0   0   1         0
9590.612  9.591  0   0  3 3.753e+03 3.753e+00  0 2.984e+03 2.984e+00  1  0   0  0   0   1         0
9593.098  9.593  0   0  7 1.476e+02 1.476e-01  0 5.167e+04 5.167e+01  1  0   0  0   0   1         0
9556.797  9.557  0   0  0 3.069e+03 3.069e+00  0 1.903e+03 1.903e+00  1  0   0  0   0   1         0
9590.738  9.591  0   0  2 1.510e+02 1.510e-01  2 2.847e+02 2.847e-01  1  0   0  0   0   1         0
9594.964  9.595  0   0  0 3.823e+03 3.823e+00  0 3.325e+03 3.325e+00  1  0   0  0   0   1         0
9554.928  9.555  0   0  1 8.156e+02 8.156e-01  0 1.510e+02 1.510e-01  1  0   0  0   0   1         0
9599.873  9.600  0   0  3 5.501e+02 5.501e-01  0 2.177e+04 2.177e+01  1  0   0  0   0   1         0
9550.231  9.550  0   0  2 2.994e+00 2.994e-03  2 2.438e+03 2.438e+00  1  0   0  0   0   1         0
9592.214  9.592  0   0  0 7.535e+03 7.535e+00  0 1.572e+04 1.572e+01  1  0   0  0   0   1         0
9578.089  9.578  0   0  1 1.561e+03 1.561e+00  0 1.124e+03 1.124e+00  1  0   0  0   0   1         0
9597.893  9.598  0   0  4 2.060e+03 2.060e+00  4 1.147e+04 1.147e+01  1  0   0  0   0   1         0
9567.064  9.567  0   0  2 3.145e+03 3.145e+00  2 9.527e+02 9.527e-01  1  0   0  0   0   1         0
9568.207  9.568  0   0  4 4.248e+02 4.248e-01  4 1.155e+03 1.155e+00  1  0   0  0   0   1         0
9592.113  9.592  0   0  4 7.400e+02 7.400e-01  4 3.926e+02 3.926e-01  1  0   0  0   0   1         0
9585.679  9.586  0   0  4 2.247e+03 2.247e+00  4 1.881e+04 1.881e+01  1  0   0  0   0   1         0
9580.196  9.580  0   0  2 9.050e+03 9.050e+00  2 2.146e+03 2.146e+00  1  0   0  0   0   1         0
9582.381  9.582  0   0  4 8.727e+03 8.727e+00  4 4.747e+04 4.747e+01  1  0   0  0   0   1         0
9584.285  9.584  0   0  2 1.032e+04 1.032e+01  2 2.597e+04 2.597e+01  1  0   0  0   0   1         0
9552.425  9.552  0   0  1 3.841e+03 3.841e+00  0 3.989e+04 3.989e+01  1  0   0  0   0   1         0
9555.964  9.556  0   0  4 1.373e+03 1.373e+00  4 1.134e+01 1.134e-02  1  0   0  0   0   1         0
9559.169  9.559  0   0  1 6.485e+02 6.485e-01  0 2.481e+04 2.481e+01  1  0   0  0   0   1         0
9558.943  9.559  0   0  5 1.156e+04 1.156e+01  0 1.232e+04 1.232e+01  1  0   0  0   0   1         0
9592.238  9.592  0   0  0 5.354e+03 5.354e+00  0 4.117e+03 4.117e+00  1  0   0  0   0   1         0
9569.896  9.570  0   0  4 1.628e+03 1.628e+00  4 2.774e+04 2.774e+01  1  0   0  0   0   1         0
9574.649  9.575  0   0  4 7.030e+03 7.030e+00  4 1.083e+03 1.083e+00  1  0   0  0   0   1         0
9554.528  9.555  0   0  4 2.730e+03 2.730e+00  4 5.071e+03 5.071e+00  1  0   0  0   0   1         0
9593.609  9.594  0   0  4 2.446e-01 2.446e-04  4 4.706e+02 4.706e-01  1  0   0  0   0   1         0
9550.520  9.551  0   0  6 5.710e+01 5.710e-02  6 1.451e+04 1.451e+01  1  0   0  0   0   1         0
9554.220  9.554  0   0  4 6.286e+03 6.286e+00  4 1.765e+03 1.765e+00  1  0   0  0   0   1         0
9590.713  9.591  0   0  4 4.141e+03 4.141e+00  4 8.104e+03 8.104e+00  1  0   0  0   0   1         0
9556.611  9.557  0   0  1 9.416e+02 9.416e-01  0 5.296e+00 5.296e-03  1  0   0  0   0   1         0
9589.783  9.590  0   0  1 7.040e+01 7.040e-02  0 7.260e+02 7.260e-01  1  0   0  0   0   1         0
9567.683  9.568  0   0  1 2.475e+02 2.475e-01  0 2.917e+03 2.917e+00  1  0   0  0   0   1         0
9588.927  9.589  0   0  1 2.772e+03 2.772e+00  0 5.075e+01 5.075e-02  1  0   0  0   0   1         0
9552.552  9.553  0   0  3 1.928e+04 1.928e+01  0 1.399e+04 1.399e+01  1  0   0  0   0   1         0
9567.223  9.567  0   0  5 8.933e+03 8.933e+00  0 1.911e+02 1.911e-01  1  0   0  0   0   1         0
9626.477  9.626  0   0  4 2.206e+03 2.206e+00  4 1.573e+04 1.573e+01  1  0   0  0   0   1         0
9629.663  9.630  0   0  3 5.021e+01 5.021e-02  0 1.715e+02 1.715e-01  1  0   0  0   0   1         0
9644.535  9.645  0   0  1 1.177e+04 1.177e+01  0 2.110e+04 2.110e+01  1  0   0  0   0   1         0
9612.608  9.613  0   0  4 5.891e+03 5.891e+00  4 4.472e+04 4.472e+01  1  0   0  0   0   1         0
9600.667  9.601  0   0  1 8.419e+02 8.419e-01  0 2.885e+04 2.885e+01  1  0   0  0   0   1         0
9610.543  9.611  0   0  2 9.946e+02 9.946e-01  2 4.422e+02 4.422e-01  1  0   0  0   0   1         0
9645.809  9.646  0   0  0 4.810e+00 4.810e-03  0 2.007e+02 2.007e-01  1  0   0  0   0   1         0
9610.687  9.611  0   0  6 6.440e+01 6.440e-02  6 9.613e+03 9.613e+00  1  0   0  0   0   1         0
9633.876  9.634  0   0  2 3.389e+02 3.389e-01  2 1.235e+04 1.235e+01  1  0   0  0   0   1         0
9639.598  9.640  0   0  0 2.559e+02 2.559e-01  0 1.580e+02 1.580e-01  1  0   0  0   0   1         0
9640.764  9.641  0   0  3 4.861e+03 4.861e+00  0 4.088e+03 4.088e+00  1  0   0  0   0   1         0
9600.529  9.601  0   0  5 1.975e+03 1.975e+00  0 2.948e+02 2.948e-01  1  0   0  0   0   1         0
9600.476  9.600  0   0  3 5.532e+03 5.532e+00  0 2.759e+04 2.759e+01  1  0   0  0   0   1         0
9649.458  9.649  0   0  2 2.991e+02 2.991e-01  2 1.170e+04 1.170e+01  1  0   0  0   0   1         0
9626.543  9.627  0   0  3 3.232e+03 3.232e+00  0 1.353e-01 1.353e-04  1  0   0  0   0   1         0
9603.227  9.603  0   0  1 3.324e+01 3.324e-02  0 6.512e+04 6.512e+01  1  0   0  0   0   1         0
9601.358  9.601  0   0  8 9.747e+03 9.747e+00  8 7.555e+02 7.555e-01  1  0   0  0   0   1         0
9640.643  9.641  0   0  5 2.066e+03 2.066e+00  0 6.198e+03 6.198e+00  1  0   0  0   0   1         0
9645.306  9.645  0   0  2 6.387e+03 6.387e+00  2 2.498e+03 2.498e+00  1  0   0  0   0   1         0
9626.397  9.626  0   0  2 2.029e+03 2.029e+00  2 4.057e+03 4.057e+00  1  0   0  0   0   1         0
9618.747  9.619  0   0  3 2.868e+04 2.868e+01  0 3.077e+04 3.077e+01  1  0   0  0   0   1         0
9635.261  9.635  0   0  3 2.561e+03 2.561e+00  0 7.850e+02 7.850e-01  1  0   0  0   0   1         0
9601.134  9.601  0   0  0 6.309e+03 6.309e+00  0 6.727e+03 6.727e+00  1  0   0  0   0   1         0
9645.008  9.645  0   0  0 2.571e+03 2.571e+00  0 2.452e+03 2.452e+00  1  0   0  0   0   1         0
9612.937  9.613  0   0  0 1.950e+03 1.950e+00  0 2.417e+01 2.417e-02  1  0   0  0   0   1         0
9609.653  9.610  0   0  4 3.901e+02 3.901e-01  4 1.047e+04 1.047e+01  1  0   0  0   0   1         0
9615.688  9.616  0   0  2 7.693e+02 7.693e-01  2 7.870e+02 7.870e-01  1  0   0  0   0   1         0
9603.228  9.603  0   0  2 3.262e+03 3.262e+00  2 2.685e+03 2.685e+00  1  0   0  0   0   1         0
9619.643  9.620  0   0  7 6.152e+03 6.152e+00  0 3.057e+04 3.057e+01  1  0   0  0   0   1         0
9635.877  9.636  0   0  1 7.557e+03 7.557e+00  0 7.790e+02 7.790e-01  1  0   0  0   0   1         0
9625.083  9.625  0   0  3 1.135e+03 1.135e+00  0 6.464e+03 6.464e+00  1  0   0  0   0   1         0
9633.551  9.634  0   0  4 5.961e+03 5.961e+00  4 1.970e+03 1.970e+00  1  0   0  0   0   1         0
9610.805  9.611  0   0  3 8.152e+03 8.152e+00  0 5.391e+02 5.391e-01  1  0   0  0   0   1         0
9620.060  9.620  0   0  3 7.932e+03 7.932e+00  0 7.229e+03 7.229e+00  1  0   0  0   0   1         0
9626.146  9.626  0   0  3 1.664e+03 1.664e+00  0 3.105e+03 3.105e+00  1  0   0  0   0   1         0
9628.796  9.629  0   0  6 2.903e+03 2.903e+00  6 5.318e+03 5.318e+00  1  0   0  0   0   1         0
9609.425  9.609  0   0  1 3.337e+04 3.337e+01  0 6.169e+03 6.169e+00  1  0   0  0   0   1         0
9640.490  9.640  0   0  0 2.161e+00 2.161e-03  0 1.628e+04 1.628e+01  1  0   0  0   0   1         0
9604.568  9.605  0   0  1 2.138e+03 2.138e+00  0 2.797e+03 2.797e+00  1  0   0  0   0   1         0
9604.976  9.605  0   0  6 1.729e+03 1.729e+00  6 4.714e+04 4.714e+01  1  0   0  0   0   1         0
9612.615  9.613  0   0  0 2.755e+03 2.755e+00  0 4.175e+03 4.175e+00  1  0   0  0   0   1         0
9632.869  9.633  0   0  7 4.776e+02 4.776e-01  0 2.557e+02 2.557e-01  1  0   0  0   0   1         0
9603.904  9.604  0   0  5 5.519e+03 5.519e+00  0 2.509e+02 2.509e-01  1  0   0  0   0   1         0
9600.391  9.600  0   0  3 4.900e+02 4.900e-01  0 6.204e+03 6.204e+00  1  0   0  0   0   1         0
9623.781  9.624  0   0  3 1.482e+03 1.482e+00  0 5.765e+03 5.765e+00  1  0   0  0   0   1         0
9617.490  9.617  0   0  0 6.378e+00 6.378e-03  0 2.720e+02 2.720e-01  1  0   0  0   0   1         0
9607.929  9.608  0   0  1 2.315e+00 2.315e-03  0 5.017e+03 5.017e+00  1  0   0  0   0   1         0
9632.951  9.633  0   0  2 2.377e+03 2.377e+00  2 1.839e+04 1.839e+01  1  0   0  0   0   1         0
9632.230  9.632  0   0  7 5.523e+03 5.523e+00  0 5.504e+03 5.504e+00  1  0   0  0   0   1         0
9606.169  9.606  0   0  0 1.728e+04 1.728e+01  0 3.518e+02 3.518e-01  1  0   0  0   0   1         0
9611.613  9.612  0   0  2 6.859e+03 6.859e+00  2 4.011e+04 4.011e+01  1  0   0  0   0   1         0
9618.409  9.618  0   0  2 2.369e+04 2.369e+01  2 5.054e+03 5.054e+00  1  0   0  0   0   1         0
9649.509  9.650  0   0  0 5.232e+01 5.232e-02  0 1.354e+03 1.354e+00  1  0   0  0   0   1         0
9638.551  9.639  0   0  3 1.632e+03 1.632e+00  0 1.946e+03 1.946e+00  1  0   0  0   0   1         0
9617.013  9.617  0   0  2 6.969e+03 6.969e+00  2 8.071e+04 8.071e+01  1  0   0  0   0   1         0
9648.294  9.648  0   0  5 7.204e+03 7.204e+00  0 3.322e+04 3.322e+01  1  0   0  0   0   1         0
9622.918  9.623  0   0  2 3.450e+02 3.450e-01  2 2.664e+03 2.664e+00  1  0   0  0   0   1         0
9619.180  9.619  0   0  8 1.429e+03 1.429e+00  8 5.596e+02 5.596e-01  1  0   0  0   0   1         0
9647.250  9.647  0   0  4 8.794e+02 8.794e-01  4 5.609e+03 5.609e+00  1  0   0  0   0   1         0
9636.942  9.637  0   0  0 4.179e+02 4.179e-01  0 3.493e+03 3.493e+00  1  0   0  0   0   1         0
9627.563  9.628  0   0  4 1.540e+03 1.540e+00  4 1.357e+04 1.357e+01  1  0   0  0   0   1         0
9630.200  9.630  0   0  4 4.928e+03 4.928e+00  4 3.419e+03 3.419e+00  1  0   0  0   0   1         0
9648.658  9.649  0   0  1 8.636e+02 8.636e-01  0 2.672e+04 2.672e+01  1  0   0  0   0   1         0
9607.735  9.608  0   0  5 1.413e+04 1.413e+01  0 4.015e+04 4.015e+01  1  0   0  0   0   1         0
9617.513  9.618  0   0  6 2.368e+03 2.368e+00  6 2.141e+02 2.141e-01  1  0   0  0   0   1         0
9621.219  9.621  0   0  4 1.458e+02 1.458e-01  4 4.627e+01 4.627e-02  1  0   0  0   0   1         0
9649.245  9.649  0   0  3 7.516e+02 7.516e-01  0 3.168e+03 3.168e+00  1  0   0  0   0   1         0
9604.263  9.604  0   0  4 1.657e+02 1.657e-01  4 2.239e+04 2.239e+01  1  0   0  0   0   1         0
9605.652  9.606  0   0  1 4.700e+03 4.700e+00  0 6.230e+01 6.230e-02  1  0   0  0   0   1         0
9621.939  9.622  0   0  4 1.372e+03 1.372e+00  4 3.606e+02 3.606e-01  1  0   0  0   0   1         0
9608.560  9.609  0   0  1 2.007e+03 2.007e+00  0 1.478e+04 1.478e+01  1  0   0  0   0   1         0
9634.390  9.634  0   0  0 4.571e+02 4.571e-01  0 5.152e+03 5.152e+00  1  0   0  0   0   1         0
9618.194  9.618  0   0  2 3.233e+03 3.233e+00  2 8.076e+03 8.076e+00  1  0   0  0   0   1         0
9642.399  9.642  0   0  1 1.650e+03 1.650e+00  0 1.432e+03 1.432e+00  1  0   0  0   0   1         0
9637.560  9.638  0   0  7 2.931e+03 2.931e+00  0 2.824e+02 2.824e-01  1  0   0  0   0   1         0
9623.713  9.624  0   0  6 1.804e+04 1.804e+01  6 7.826e+03 7.826e+00  1  0   0  0   0   1         0
9642.338  9.642  0   0  1 3.634e+03 3.634e+00  0 2.811e+04 2.811e+01  1  0   0  0   0   1         0
9605.104  9.605  0   0  1 5.140e+02 5.140e-01  0 2.050e+04 2.050e+01  1  0   0  0   0   1         0
9629.223  9.629  0   0  2 2.195e+03 2.195e+00  2 8.923e+03 8.923e+00  1  0   0  0   0   1         0
9630.421  9.630  0   0  2 1.126e+02 1.126e-01  2 4.555e+04 4.555e+01  1  0   0  0   0   1         0
9612.430  9.612  0   0  1 7.674e+03 7.674e+00  0 1.626e+04 1.626e+01  1  0   0  0   0   1         0
9602.514  9.603  0   0  2 6.625e+02 6.625e-01  2 1.674e+03 1.674e+00  1  0   0  0   0   1         0
9626.931  9.627  0   0  2 4.019e+04 4.019e+01  2 2.755e+03 2.755e+00  1  0   0  0   0   1         0
9625.856  9.626  0   0  4 1.358e+04 1.358e+01  4 4.095e+03 4.095e+00  1  0   0  0   0   1         0
9632.836  9.633  0   0  5 4.235e+03 4.235e+00  0 1.075e+04 1.075e+01  1  0   0  0   0   1         0
9610.763  9.611  0   0  2 4.171e+01 4.171e-02  2 7.346e+02 7.346e-01  1  0   0  0   0   1         0
9609.085  9.609  0   0  4 2.618e+03 2.618e+00  4 3.044e+04 3.044e+01  1  0   0  0   0   1         0
9648.910  9.649  0   0  3 4.277e+03 4.277e+00  0 1.222e+04 1.222e+01  1  0   0  0   0   1         0
9605.755  9.606  0   0  3 2.074e+02 2.074e-01  0 9.035e+03 9.035e+00  1  0   0  0   0   1         0
9649.971  9.650  0   0  1 2.340e+03 2.340e+00  0 2.618e+04 2.618e+01  1  0   0  0   0   1         0
9636.137  9.636  0   0  1 4.237e+04 4.237e+01  0 6.918e+04 6.918e+01  1  0   0  0   0   1         0
9631.627  9.632  0   0  5 5.196e+01 5.196e-02  0 1.637e+02 1.637e-01  1  0   0  0   0   1         0
9617.145  9.617  0   0  7 4.122e+03 4.122e+00  0 1.711e+04 1.711e+01  1  0   0  0   0   1         0
9643.469  9.643  0   0  3 3.793e+03 3.793e+00  0 8.590e+03 8.590e+00  1  0   0  0   0   1         0
9645.559  9.646  0   0  3 1.548e+03 1.548e+00  0 3.417e+04 3.417e+01  1  0   0  0   0   1         0
9636.232  9.636  0   0  5 2.038e+03 2.038e+00  0 4.373e+02 4.373e-01  1  0   0  0   0   1         0
9685.758  9.686  0   0  4 1.529e+03 1.529e+00  4 3.994e+03 3.994e+00  1  0   0  0   0   1         0
9681.526  9.682  0   0  1 2.047e+02 2.047e-01  0 7.074e+02 7.074e-01  1  0   0  0   0   1         0
9677.010  9.677  0   0  5 1.091e+03 1.091e+00  0 5.524e+03 5.524e+00  1  0   0  0   0   1         0
9674.931  9.675  0   0  1 1.788e+04 1.788e+01  0 1.246e+04 1.246e+01  1  0   0  0   0   1         0
9669.619  9.670  0   0  2 6.937e+01 6.937e-02  2 9.730e+03 9.730e+00  1  0   0  0   0   1         0
9694.395  9.694  0   0  0 4.429e+01 4.429e-02  0 1.302e+04 1.302e+01  1  0   0  0   0   1         0
9696.664  9.697  0   0  5 1.002e+03 1.002e+00  0 9.120e+03 9.120e+00  1  0   0  0   0   1         0
9688.342  9.688  0   0  2 1.367e+03 1.367e+00  2 4.009e+03 4.009e+00  1  0   0  0   0   1         0
9664.550  9.665  0   0  2 1.498e+02 1.498e-01  2 3.458e+03 3.458e+00  1  0   0  0   0   1         0
9695.745  9.696  0   0  0 7.622e+01 7.622e-02  0 3.316e+02 3.316e-01  1  0   0  0   0   1         0
9691.056  9.691  0   0  2 7.704e+02 7.704e-01  2 7.825e+02 7.825e-01  1  0   0  0   0   1         0
9656.275  9.656  0   0  3 1.481e+02 1.481e-01  0 2.393e+03 2.393e+00  1  0   0  0   0   1         0
9667.236  9.667  0   0  5 4.484e+02 4.484e-01  0 9.897e+02 9.897e-01  1  0   0  0   0   1         0
9666.529  9.667  0   0  4 4.141e+02 4.141e-01  4 7.334e+02 7.334e-01  1  0   0  0   0   1         0
9686.634  9.687  0   0  6 5.472e+01 5.472e-02  6 1.601e+03 1.601e+00  1  0   0  0   0   1         0
9676.362  9.676  0   0  1 8.540e+03 8.540e+00  0 8.650e+00 8.650e-03  1  0   0  0   0   1         0
9663.477  9.663  0   0  3 2.546e+03 2.546e+00  0 2.896e+03 2.896e+00  1  0   0  0   0   1         0
9661.660  9.662  0   0  1 1.144e+04 1.144e+01  0 8.074e+03 8.074e+00  1  0   0  0   0   1         0
9673.042  9.673  0   0  2 6.782e+02 6.782e-01  2 2.771e+04 2.771e+01  1  0   0  0   0   1         0
9683.447  9.683  0   0  3 1.131e+04 1.131e+01  0 1.554e+04 1.554e+01  1  0   0  0   0   1         0
9675.604  9.676  0   0  3 2.125e+03 2.125e+00  0 6.836e+03 6.836e+00  1  0   0  0   0   1         0
9663.182  9.663  0   0  7 2.798e+03 2.798e+00  0 6.165e+03 6.165e+00  1  0   0  0   0   1         0
9681.157  9.681  0   0  3 2.777e+04 2.777e+01  0 1.399e+04 1.399e+01  1  0   0  0   0   1         0
9699.946  9.700  0   0  3 1.182e+04 1.182e+01  0 1.268e+04 1.268e+01  1  0   0  0   0   1         0
9658.932  9.659  0   0  4 1.081e+03 1.081e+00  4 2.448e+00 2.448e-03  1  0   0  0   0   1         0
9676.587  9.677  0   0  3 4.953e+03 4.953e+00  0 1.113e+04 1.113e+01  1  0   0  0   0   1         0
9668.941  9.669  0   0  0 1.182e+04 1.182e+01  0 1.588e+04 1.588e+01  1  0   0  0   0   1         0
9661.036  9.661  0   0  4 6.535e+02 6.535e-01  4 7.801e+01 7.801e-02  1  0   0  0   0   1         0
9693.847  9.694  0   0  1 6.539e+03 6.539e+00  0 1.247e+04 1.247e+01  1  0   0  0   0   1         0
9697.915  9.698  0   0  5 1.790e+03 1.790e+00  0 1.507e+04 1.507e+01  1  0   0  0   0   1         0
9667.663  9.668  0   0  3 1.333e+03 1.333e+00  0 2.447e+01 2.447e-02  1  0   0  0   0   1         0
9667.517  9.668  0   0  2 6.336e+03 6.336e+00  2 1.056e+03 1.056e+00  1  0   0  0   0   1         0
9654.645  9.655  0   0  3 3.959e+02 3.959e-01  0 2.127e+03 2.127e+00  1  0   0  0   0   1         0
9681.046  9.681  0   0  3 1.277e+03 1.277e+00  0 9.136e+03 9.136e+00  1  0   0  0   0   1         0
9651.345  9.651  0   0  3 1.213e+03 1.213e+00  0 3.692e+03 3.692e+00  1  0   0  0   0   1         0
9674.978  9.675  0   0  1 4.170e+02 4.170e-01  0 6.534e+03 6.534e+00  1  0   0  0   0   1         0
9657.728  9.658  0   0  0 1.310e+04 1.310e+01  0 1.568e+04 1.568e+01  1  0   0  0   0   1         0
9683.763  9.684  0   0  2 1.858e+00 1.858e-03  2 5.048e+02 5.048e-01  1  0   0  0   0   1         0
9696.489  9.696  0   0  2 1.235e+04 1.235e+01  2 3.505e+03 3.505e+00  1  0   0  0   0   1         0
9654.494  9.654  0   0  6 7.884e+03 7.884e+00  6 9.185e-02 9.185e-05  1  0   0  0   0   1         0
9689.002  9.689  0   0  2 1.539e+03 1.539e+00  2 5.122e+03 5.122e+00  1  0   0  0   0   1         0
9691.622  9.692  0   0  4 2.452e+01 2.452e-02  4 6.874e+01 6.874e-02  1  0   0  0   0   1         0
9658.909  9.659  0   0  4 4.974e+03 4.974e+00  4 1.962e+04 1.962e+01  1  0   0  0   0   1         0
9696.179  9.696  0   0  3 6.181e+03 6.181e+00  0 3.566e+03 3.566e+00  1  0   0  0   0   1         0
9681.204  9.681  0   0  4 3.337e+04 3.337e+01  4 1.993e+03 1.993e+00  1  0   0  0   0   1         0
9676.914  9.677  0   0  3 1.285e+02 1.285e-01  0 2.946e+03 2.946e+00  1  0   0  0   0   1         0
9683.718  9.684  0   0  1 1.592e+04 1.592e+01  0 1.608e+04 1.608e+01  1  0   0  0   0   1         0
9664.544  9.665  0   0  5 1.243e+04 1.243e+01  0 1.779e+03 1.779e+00  1  0   0  0   0   1         0
9651.287  9.651  0   0  3 3.493e+03 3.493e+00  0 2.525e+02 2.525e-01  1  0   0  0   0   1         0
9672.268  9.672  0   0  4 3.732e+03 3.732e+00  4 1.074e+04 1.074e+01  1  0   0  0   0   1         0
9687.295  9.687  0   0  0 1.374e+03 1.374e+00  0 1.507e+04 1.507e+01  1  0   0  0   0   1         0
9695.982  9.696  0   0  5 2.286e+03 2.286e+00  0 4.918e+03 4.918e+00  1  0   0  0   0   1         0
9671.670  9.672  0   0  0 2.244e+03 2.244e+00  0 2.009e+01 2.009e-02  1  0   0  0   0   1         0
9663.314  9.663  0   0  4 4.896e+01 4.896e-02  4 1.327e+02 1.327e-01  1  0   0  0   0   1         0
9656.642  9.657  0   0  3 2.238e+03 2.238e+00  0 4.576e+03 4.576e+00  1  0   0  0   0   1         0
9696.815  9.697  0   0  1 1.995e+03 1.995e+00  0 4.278e+03 4.278e+00  1  0   0  0   0   1         0
9661.667  9.662  0   0  5 1.113e+04 1.113e+01  0 3.137e+04 3.137e+01  1  0   0  0   0   1         0
9695.607  9.696  0   0  4 7.105e+03 7.105e+00  4 1.398e+04 1.398e+01  1  0   0  0   0   1         0
9659.289  9.659  0   0  3 2.559e+04 2.559e+01  0 9.529e+01 9.529e-02  1  0   0  0   0   1         0
9650.919  9.651  0   0  3 1.913e+00 1.913e-03  0 2.707e+03 2.707e+00  1  0   0  0   0   1         0
9661.329  9.661  0   0  1 3.035e+03 3.035e+00  0 1.480e+04 1.480e+01  1  0   0  0   0   1         0
9674.807  9.675  0   0  1 2.521e+03 2.521e+00  0 1.998e+04 1.998e+01  1  0   0  0   0   1         0
9667.588  9.668  0   0  7 5.435e+03 5.435e+00  0 2.565e+01 2.565e-02  1  0   0  0   0   1         0
9695.442  9.695  0   0  1 3.388e+01 3.388e-02  0 1.635e+04 1.635e+01  1  0   0  0   0   1         0
9677.421  9.677  0   0  5 1.891e+04 1.891e+01  0 8.813e+00 8.813e-03  1  0   0  0   0   1         0
9655.959  9.656  0   0  5 4.566e+03 4.566e+00  0 1.421e+03 1.421e+00  1  0   0  0   0   1         0
9681.423  9.681  0   0  3 3.801e+02 3.801e-01  0 9.619e+02 9.619e-01  1  0   0  0   0   1         0
9669.607  9.670  0   0  4 4.386e+02 4.386e-01  4 1.308e+01 1.308e-02  1  0   0  0   0   1         0
9684.093  9.684  0   0  2 1.412e+04 1.412e+01  2 1.420e+03 1.420e+00  1  0   0  0   0   1         0
9689.421  9.689  0   0  8 4.426e+03 4.426e+00  8 2.964e+03 2.964e+00  1  0   0  0   0   1         0
9699.287  9.699  0   0  2 2.433e+03 2.433e+00  2 1.063e+04 1.063e+01  1  0   0  0   0   1         0
9678.996  9.679  0   0  4 2.576e+03 2.576e+00  4 2.509e+02 2.509e-01  1  0   0  0   0   1         0
9668.494  9.668  0   0  2 1.112e+03 1.112e+00  2 6.080e+03 6.080e+00  1  0   0  0   0   1         0
9671.845  9.672  0   0  3 5.230e+03 5.230e+00  0 1.459e+04 1.459e+01  1  0   0  0   0   1         0
9670.293  9.670  0   0  4 2.917e+02 2.917e-01  4 2.132e+03 2.132e+00  1  0   0  0   0   1         0
9672.693  9.673  0   0  8 7.803e+02 7.803e-01  8 6.418e+02 6.418e-01  1  0   0  0   0   1         0
9651.523  9.652  0   0  2 7.597e+03 7.597e+00  2 6.296e+02 6.296e-01  1  0   0  0   0   1         0
9662.492  9.662  0   0  5 1.021e+02 1.021e-01  0 9.434e+03 9.434e+00  1  0   0  0   0   1         0
9699.396  9.699  0   0  2 1.951e+03 1.951e+00  2 1.957e+02 1.957e-01  1  0   0  0   0   1         0
9696.445  9.696  0   0  0 6.429e+02 6.429e-01  0 6.096e+01 6.096e-02  1  0   0  0   0   1         0
9652.445  9.652  0   0  5 2.547e+03 2.547e+00  0 5.414e+00 5.414e-03  1  0   0  0   0   1         0
9698.992  9.699  0   0  1 8.493e+01 8.493e-02  0 2.440e+02 2.440e-01  1  0   0  0   0   1         0
9689.707  9.690  0   0  2 8.307e+03 8.307e+00  2 3.594e+03 3.594e+00  1  0   0  0   0   1         0
9650.139  9.650  0   0  1 8.277e+01 8.277e-02  0 6.857e+00 6.857e-03  1  0   0  0   0   1         0
9695.725  9.696  0   0  0 1.399e+03 1.399e+00  0 4.811e+03 4.811e+00  1  0   0  0   0   1         0
9698.043  9.698  0   0  8 1.850e+01 1.850e-02  8 2.026e+04 2.026e+01  1  0   0  0   0   1         0
9681.594  9.682  0   0  1 1.275e+04 1.275e+01  0 1.315e+03 1.315e+00  1  0   0  0   0   1         0
9689.528  9.690  0   0  3 2.014e+04 2.014e+01  0 6.049e+03 6.049e+00  1  0   0  0   0   1         0
9666.776  9.667  0   0  5 1.805e+04 1.805e+01  0 1.056e+04 1.056e+01  1  0   0  0   0   1         0
9678.780  9.679  0   0  3 3.345e+03 3.345e+00  0 6.760e+03 6.760e+00  1  0   0  0   0   1         0
9686.709  9.687  0   0  3 3.123e+04 3.123e+01  0 1.640e+04 1.640e+01  1  0   0  0   0   1         0
9678.228  9.678  0   0  2 1.543e+03 1.543e+00  2 1.774e+04 1.774e+01  1  0   0  0   0   1         0
9665.373  9.665  0   0  6 7.238e+03 7.238e+00  6 2.005e+00 2.005e-03  1  0   0  0   0   1         0
9682.612  9.683  0   0  1 9.644e+01 9.644e-02  0 6.023e+04 6.023e+01  1  0   0  0   0   1         0
9692.011  9.692  0   0  5 2.891e+03 2.891e+00  0 2.868e+04 2.868e+01  1  0   0  0   0   1         0
9691.892  9.692  0   0  4 1.522e+04 1.522e+01  4 3.814e+03 3.814e+00  1  0   0  0   0   1         0
9656.686  9.657  0   0  3 5.978e+02 5.978e-01  0 3.948e+03 3.948e+00  1  0   0  0   0   1         0
9672.437  9.672  0   0  0 1.001e+02 1.001e-01  0 2.898e+04 2.898e+01  1  0   0  0   0   1         0
9651.962  9.652  0   0  3 2.082e+04 2.082e+01  0 4.138e+03 4.138e+00  1  0   0  0   0   1         0
9681.794  9.682  0   0  2 3.553e+03 3.553e+00  2 1.138e+02 1.138e-01  1  0   0  0   0   1         0
9662.232  9.662  0   0  1 1.163e+03 1.163e+00  0 3.011e+03 3.011e+00  1  0   0  0   0   1         0
9696.561  9.697  0   0  4 9.013e+03 9.013e+00  4 7.897e+03 7.897e+00  1  0   0  0   0   1         0
9681.071  9.681  0   0  2 2.136e+03 2.136e+00  2 2.690e+03 2.690e+00  1  0   0  0   0   1         0
9670.192  9.670  0   0  2 2.143e+03 2.143e+00  2 3.007e+03 3.007e+00  1  0   0  0   0   1         0
9686.704  9.687  0   0  1 1.816e+03 1.816e+00  0 5.750e+03 5.750e+00  1  0   0  0   0   1         0
9660.481  9.660  0   0  2 1.282e+03 1.282e+00  2 7.128e+03 7.128e+00  1  0   0  0   0   1         0
9654.628  9.655  0   0  5 1.062e+00 1.062e-03  0 1.195e+04 1.195e+01  1  0   0  0   0   1         0
9654.423  9.654  0   0  2 1.617e+04 1.617e+01  2 1.280e+03 1.280e+00  1  0   0  0   0   1         0
9679.303  9.679  0   0  4 1.766e+04 1.766e+01  4 2.833e+04 2.833e+01  1  0   0  0   0   1         0
9694.509  9.695  0   0  2 4.823e+03 4.823e+00  2 3.733e+02 3.733e-01  1  0   0  0   0   1         0
9661.255  9.661  0   0  1 2.755e+02 2.755e-01  0 9.779e+02 9.779e-01  1  0   0  0   0   1         0
9688.124  9.688  0   0  2 2.149e+04 2.149e+01  2 1.072e+04 1.072e+01  1  0   0  0   0   1         0
9651.906  9.652  0   0  1 1.515e+04 1.515e+01  0 1.869e+04 1.869e+01  1  0   0  0   0   1         0
9667.821  9.668  0   0  3 2.267e+03 2.267e+00  0 2.029e+04 2.029e+01  1  0   0  0   0   1         0
9682.837  9.683  0   0  3 1.590e+02 1.590e-01  0 1.696e+04 1.696e+01  1  0   0  0   0   1         0
9691.408  9.691  0   0  8 5.964e+02 5.964e-01  8 1.214e+04 1.214e+01  1  0   0  0   0   1         0
9697.195  9.697  0   0  4 2.201e+03 2.201e+00  4 2.083e+04 2.083e+01  1  0   0  0   0   1         0
9681.784  9.682  0   0  3 5.178e+03 5.178e+00  0 9.224e+02 9.224e-01  1  0   0  0   0   1         0
9673.301  9.673  0   0  4 4.487e+03 4.487e+00  4 6.211e+03 6.211e+00  1  0   0  0   0   1         0
9653.070  9.653  0   0  1 3.880e+01 3.880e-02  0 1.362e+02 1.362e-01  1  0   0  0   0   1         0
9663.917  9.664  0   0  3 8.161e+02 8.161e-01  0 8.099e+03 8.099e+00  1  0   0  0   0   1         0
9696.203  9.696  0   0  1 5.706e+03 5.706e+00  0 9.953e+03 9.953e+00  1  0   0  0   0   1         0
9679.308  9.679  0   0  5 8.034e+02 8.034e-01  0 2.698e+03 2.698e+00  1  0   0  0   0   1         0
9667.286  9.667  0   0  4 4.284e+02 4.284e-01  4 2.595e+04 2.595e+01  1  0   0  0   0   1         0
9662.567  9.663  0   0  4 2.822e+03 2.822e+00  4 3.200e+02 3.200e-01  1  0   0  0   0   1         0
9655.751  9.656  0   0  1 4.496e+03 4.496e+00  0 1.132e+04 1.132e+01  1  0   0  0   0   1         0
9737.177  9.737  0   0  5 1.394e+03 1.394e+00  0 1.500e+04 1.500e+01  1  0   0  0   0   1         0
9721.595  9.722  0   0  1 1.052e+04 1.052e+01  0 5.105e+02 5.105e-01  1  0   0  0   0   1         0
9730.507  9.731  0   0  4 1.523e+04 1.523e+01  4 1.250e+04 1.250e+01  1  0   0  0   0   1         0
9730.056  9.730  0   0  7 1.494e+03 1.494e+00  0 1.598e+04 1.598e+01  1  0   0  0   0   1         0
9736.147  9.736  0   0  2 4.690e+03 4.690e+00  2 9.787e+03 9.787e+00  1  0   0  0   0   1         0
9725.114  9.725  0   0  7 9.789e+02 9.789e-01  0 7.509e+03 7.509e+00  1  0   0  0   0   1         0
9725.528  9.726  0   0  5 6.159e+02 6.159e-01  0 5.319e+03 5.319e+00  1  0   0  0   0   1         0
9734.361  9.734  0   0  3 3.184e+03 3.184e+00  0 1.854e+04 1.854e+01  1  0   0  0   0   1         0
9708.601  9.709  0   0  3 1.066e+04 1.066e+01  0 1.457e+03 1.457e+00  1  0   0  0   0   1         0
9732.772  9.733  0   0  3 7.622e+02 7.622e-01  0 1.066e+03 1.066e+00  1  0   0  0   0   1         0
9707.495  9.707  0   0  3 2.493e+03 2.493e+00  0 6.886e+03 6.886e+00  1  0   0  0   0   1         0
9736.371  9.736  0   0  6 2.354e+03 2.354e+00  6 6.086e+03 6.086e+00  1  0   0  0   0   1         0
9719.601  9.720  0   0  4 2.815e+02 2.815e-01  4 6.464e+03 6.464e+00  1  0   0  0   0   1         0
9742.066  9.742  0   0  2 5.423e+03 5.423e+00  2 1.321e+03 1.321e+00  1  0   0  0   0   1         0
9704.474  9.704  0   0  2 2.277e+02 2.277e-01  2 8.816e+03 8.816e+00  1  0   0  0   0   1         0
9723.189  9.723  0   0  0 3.512e+02 3.512e-01  0 3.528e+03 3.528e+00  1  0   0  0   0   1         0
9708.453  9.708  0   0  2 8.995e+03 8.995e+00  2 3.766e+04 3.766e+01  1  0   0  0   0   1         0
9743.517  9.744  0   0  3 1.162e+04 1.162e+01  0 2.462e+03 2.462e+00  1  0   0  0   0   1         0
9706.335  9.706  0   0  1 2.209e+03 2.209e+00  0 6.812e+03 6.812e+00  1  0   0  0   0   1         0
9724.423  9.724  0   0  4 9.810e+02 9.810e-01  4 5.763e+04 5.763e+01  1  0   0  0   0   1         0
9705.325  9.705  0   0  1 3.534e+03 3.534e+00  0 6.806e+01 6.806e-02  1  0   0  0   0   1         0
9739.990  9.740  0   0  4 2.467e-01 2.467e-04  4 3.531e+03 3.531e+00  1  0   0  0   0   1         0
9714.235  9.714  0   0  3 8.718e+02 8.718e-01  0 3.327e+03 3.327e+00  1  0   0  0   0   1         0
9729.860  9.730  0   0  5 3.481e+02 3.481e-01  0 2.877e+04 2.877e+01  1  0   0  0   0   1         0
9708.600  9.709  0   0  5 3.076e+03 3.076e+00  0 9.521e+01 9.521e-02  1  0   0  0   0   1         0
9717.730  9.718  0   0  2 3.089e+01 3.089e-02  2 6.160e+02 6.160e-01  1  0   0  0   0   1         0
9705.751  9.706  0   0  3 4.232e+01 4.232e-02  0 4.627e+03 4.627e+00  1  0   0  0   0   1         0
9727.703  9.728  0   0  3 5.833e+03 5.833e+00  0 3.163e+03 3.163e+00  1  0   0  0   0   1         0
9700.175  9.700  0   0  2 2.341e+01 2.341e-02  2 5.774e+02 5.774e-01  1  0   0  0   0   1         0
9749.658  9.750  0   0  0 3.222e+01 3.222e-02  0 3.718e+03 3.718e+00  1  0   0  0   0   1         0
9720.973  9.721  0   0  4 3.166e+01 3.166e-02  4 1.267e+04 1.267e+01  1  0   0  0   0   1         0
9731.624  9.732  0   0  0 2.042e+03 2.042e+00  0 7.128e+03 7.128e+00  1  0   0  0   0   1         0
9714.474  9.714  0   0  7 2.359e+03 2.359e+00  0 3.060e+02 3.060e-01  1  0   0  0   0   1         0
9712.787  9.713  0   0  5 4.751e+00 4.751e-03  0 1.178e+03 1.178e+00  1  0   0  0   0   1         0
9742.391  9.742  0   0  5 4.911e+03 4.911e+00  0 8.667e+02 8.667e-01  1  0   0  0   0   1         0
9738.028  9.738  0   0  3 4.317e+01 4.317e-02  0 6.013e+01 6.013e-02  1  0   0  0   0   1         0
9732.314  9.732  0   0  5 1.525e+00 1.525e-03  0 5.559e+00 5.559e-03  1  0   0  0   0   1         0
9737.736  9.738  0   0  0 1.248e+03 1.248e+00  0 2.258e+03 2.258e+00  1  0   0  0   0   1         0
9708.861  9.709  0   0  6 7.047e+03 7.047e+00  6 1.207e+04 1.207e+01  1  0   0  0   0   1         0
9746.744  9.747  0   0  1 5.434e+03 5.434e+00  0 4.133e+03 4.133e+00  1  0   0  0   0   1         0
9722.900  9.723  0   0  1 1.244e+02 1.244e-01  0 2.390e+03 2.390e+00  1  0   0  0   0   1         0
9743.509  9.744  0   0  8 1.237e+04 1.237e+01  8 1.210e+04 1.210e+01  1  0   0  0   0   1         0
9736.929  9.737  0   0  6 2.633e+03 2.633e+00  6 5.294e+04 5.294e+01  1  0   0  0   0   1         0
9714.430  9.714  0   0  1 6.013e+03 6.013e+00  0 6.812e+02 6.812e-01  1  0   0  0   0   1         0
9728.626  9.729  0   0  3 1.350e+03 1.350e+00  0 1.179e+02 1.179e-01  1  0   0  0   0   1         0
9748.353  9.748  0   0  2 2.112e+03 2.112e+00  2 9.243e+02 9.243e-01  1  0   0  0   0   1         0
9701.878  9.702  0   0  0 3.453e+03 3.453e+00  0 9.695e+03 9.695e+00  1  0   0  0   0   1         0
9721.484  9.721  0   0  0 1.574e+03 1.574e+00  0 5.443e+03 5.443e+00  1  0   0  0   0   1         0
9731.180  9.731  0   0  2 4.623e+02 4.623e-01  2 3.651e+03 3.651e+00  1  0   0  0   0   1         0
9717.142  9.717  0   0  4 3.468e+02 3.468e-01  4 1.038e+04 1.038e+01  1  0   0  0   0   1         0
9716.038  9.716  0   0  5 1.430e+03 1.430e+00  0 8.049e+03 8.049e+00  1  0   0  0   0   1         0
9737.557  9.738  0   0  6 5.705e+02 5.705e-01  6 8.199e+03 8.199e+00  1  0   0  0   0   1         0
9745.866  9.746  0   0  5 1.037e+03 1.037e+00  0 1.022e+04 1.022e+01  1  0   0  0   0   1         0
9727.044  9.727  0   0  4 7.977e+01 7.977e-02  4 1.387e+04 1.387e+01  1  0   0  0   0   1         0
9747.442  9.747  0   0  4 3.309e+03 3.309e+00  4 4.420e+03 4.420e+00  1  0   0  0   0   1         0
9705.124  9.705  0   0  0 4.292e+00 4.292e-03  0 5.030e+03 5.030e+00  1  0   0  0   0   1         0
9711.489  9.711  0   0  6 3.836e+02 3.836e-01  6 1.672e+04 1.672e+01  1  0   0  0   0   1         0
9704.438  9.704  0   0  5 8.007e+03 8.007e+00  0 7.982e+03 7.982e+00  1  0   0  0   0   1         0
9721.938  9.722  0   0  2 4.519e+03 4.519e+00  2 6.268e+03 6.268e+00  1  0   0  0   0   1         0
9731.488  9.731  0   0  4 1.276e+03 1.276e+00  4 2.517e+03 2.517e+00  1  0   0  0   0   1         0
9710.129  9.710  0   0  6 1.144e+00 1.144e-03  6 1.132e+04 1.132e+01  1  0   0  0   0   1         0
9722.589  9.723  0   0  2 4.167e+03 4.167e+00  2 1.287e+03 1.287e+00  1  0   0  0   0   1         0
9734.360  9.734  0   0  0 2.338e+04 2.338e+01  0 4.935e+03 4.935e+00  1  0   0  0   0   1         0
9732.125  9.732  0   0  1 6.262e+03 6.262e+00  0 2.100e+04 2.100e+01  1  0   0  0   0   1         0
9731.616  9.732  0   0  1 7.498e+01 7.498e-02  0 2.472e+04 2.472e+01  1  0   0  0   0   1         0
9730.457  9.730  0   0  3 5.787e+00 5.787e-03  0 3.240e+03 3.240e+00  1  0   0  0   0   1         0
9749.339  9.749  0   0  2 5.116e+01 5.116e-02  2 5.261e+04 5.261e+01  1  0   0  0   0   1         0
9735.829  9.736  0   0  4 1.733e+04 1.733e+01  4 7.711e+03 7.711e+00  1  0   0  0   0   1         0
9745.438  9.745  0   0  1 8.722e+02 8.722e-01  0 2.067e+04 2.067e+01  1  0   0  0   0   1         0
9747.616  9.748  0   0  4 5.132e+03 5.132e+00  4 5.387e+02 5.387e-01  1  0   0  0   0   1         0
9743.062  9.743  0   0  4 1.387e+04 1.387e+01  4 2.320e+02 2.320e-01  1  0   0  0   0   1         0
9704.815  9.705  0   0  3 1.827e+02 1.827e-01  0 2.251e+03 2.251e+00  1  0   0  0   0   1         0
9726.625  9.727  0   0  6 7.204e+01 7.204e-02  6 2.683e+03 2.683e+00  1  0   0  0   0   1         0
9719.230  9.719  0   0  0 7.472e+02 7.472e-01  0 1.198e+04 1.198e+01  1  0   0  0   0   1         0
9704.911  9.705  0   0  4 2.427e+03 2.427e+00  4 4.233e+02 4.233e-01  1  0   0  0   0   1         0
9728.371  9.728  0   0  7 3.507e+03 3.507e+00  0 7.251e+03 7.251e+00  1  0   0  0   0   1         0
9710.752  9.711  0   0  1 3.715e+04 3.715e+01  0 1.061e+03 1.061e+00  1  0   0  0   0   1         0
9729.246  9.729  0   0  5 2.103e+03 2.103e+00  0 1.731e+01 1.731e-02  1  0   0  0   0   1         0
9773.688  9.774  0   0  2 4.216e+03 4.216e+00  2 2.917e+04 2.917e+01  1  0   0  0   0   1         0
9789.103  9.789  0   0  4 2.815e+03 2.815e+00  4 4.928e+04 4.928e+01  1  0   0  0   0   1         0
9776.290  9.776  0   0  3 2.046e+02 2.046e-01  0 1.999e+03 1.999e+00  1  0   0  0   0   1         0
9766.461  9.766  0   0  4 3.074e+02 3.074e-01  4 1.772e+04 1.772e+01  1  0   0  0   0   1         0
9773.321  9.773  0   0  2 3.464e+02 3.464e-01  2 5.411e+02 5.411e-01  1  0   0  0   0   1         0
9789.909  9.790  0   0  2 1.985e+03 1.985e+00  2 1.474e+05 1.474e+02  1  0   0  0   0   1         0
9774.207  9.774  0   0  5 2.308e+04 2.308e+01  0 8.398e+02 8.398e-01  1  0   0  0   0   1         0
9777.916  9.778  0   0  2 6.022e+02 6.022e-01  2 1.482e+03 1.482e+00  1  0   0  0   0   1         0
9758.742  9.759  0   0  1 4.711e+03 4.711e+00  0 1.291e+02 1.291e-01  1  0   0  0   0   1         0
9750.387  9.750  0   0  5 3.006e+04 3.006e+01  0 1.072e+02 1.072e-01  1  0   0  0   0   1         0
9796.525  9.797  0   0  3 2.625e+03 2.625e+00  0 4.269e+01 4.269e-02  1  0   0  0   0   1         0
9763.524  9.764  0   0  1 2.235e+03 2.235e+00  0 6.768e+03 6.768e+00  1  0   0  0   0   1         0
9767.524  9.768  0   0  4 4.143e+02 4.143e-01  4 2.151e+01 2.151e-02  1  0   0  0   0   1         0
9755.808  9.756  0   0  1 3.386e+03 3.386e+00  0 2.046e+04 2.046e+01  1  0   0  0   0   1         0
9775.809  9.776  0   0  1 2.159e+03 2.159e+00  0 1.384e+04 1.384e+01  1  0   0  0   0   1         0
9786.978  9.787  0   0  3 1.140e+04 1.140e+01  0 2.186e+04 2.186e+01  1  0   0  0   0   1         0
9784.440  9.784  0   0  6 7.895e+03 7.895e+00  6 3.300e+02 3.300e-01  1  0   0  0   0   1         0
9792.858  9.793  0   0  4 1.494e+02 1.494e-01  4 1.732e+03 1.732e+00  1  0   0  0   0   1         0
9764.460  9.764  0   0  1 6.737e+02 6.737e-01  0 3.034e+02 3.034e-01  1  0   0  0   0   1         0
9765.871  9.766  0   0  1 1.600e+02 1.600e-01  0 1.123e+04 1.123e+01  1  0   0  0   0   1         0
9798.300  9.798  0   0  3 3.652e+02 3.652e-01  0 8.044e+03 8.044e+00  1  0   0  0   0   1         0
9772.988  9.773  0   0  1 6.906e+02 6.906e-01  0 5.734e+04 5.734e+01  1  0   0  0   0   1         0
9791.813  9.792  0   0  4 2.809e+02 2.809e-01  4 1.979e+04 1.979e+01  1  0   0  0   0   1         0
9780.726  9.781  0   0  5 2.095e+03 2.095e+00  0 4.066e+03 4.066e+00  1  0   0  0   0   1         0
9759.138  9.759  0   0  2 7.341e+01 7.341e-02  2 1.881e+03 1.881e+00  1  0   0  0   0   1         0
9797.898  9.798  0   0  3 2.852e+03 2.852e+00  0 3.456e+03 3.456e+00  1  0   0  0   0   1         0
9766.363  9.766  0   0  3 3.986e+01 3.986e-02  0 1.388e+04 1.388e+01  1  0   0  0   0   1         0
9782.236  9.782  0   0  5 6.370e+02 6.370e-01  0 2.744e+04 2.744e+01  1  0   0  0   0   1         0
9762.847  9.763  0   0  3 3.691e+03 3.691e+00  0 1.100e+04 1.100e+01  1  0   0  0   0   1         0
9778.939  9.779  0   0  0 1.389e+02 1.389e-01  0 6.136e+02 6.136e-01  1  0   0  0   0   1         0
9777.214  9.777  0   0  2 1.410e+03 1.410e+00  2 8.047e+03 8.047e+00  1  0   0  0   0   1         0
9763.175  9.763  0   0  2 2.235e+03 2.235e+00  2 3.041e+03 3.041e+00  1  0   0  0   0   1         0
9799.445  9.799  0   0  2 9.784e+02 9.784e-01  2 9.701e+02 9.701e-01  1  0   0  0   0   1         0
9757.112  9.757  0   0  8 7.556e+00 7.556e-03  8 2.927e+03 2.927e+00  1  0   0  0   0   1         0
9772.308  9.772  0   0  2 2.182e+03 2.182e+00  2 6.271e+03 6.271e+00  1  0   0  0   0   1         0
9751.588  9.752  0   0  1 6.144e+02 6.144e-01  0 3.799e+04 3.799e+01  1  0   0  0   0   1         0
9784.274  9.784  0   0  1 9.110e+03 9.110e+00  0 7.133e+03 7.133e+00  1  0   0  0   0   1         0
9773.264  9.773  0   0  2 2.064e+03 2.064e+00  2 3.168e+04 3.168e+01  1  0   0  0   0   1         0
9778.162  9.778  0   0  1 3.804e+03 3.804e+00  0 7.297e+02 7.297e-01  1  0   0  0   0   1         0
9785.059  9.785  0   0  1 2.046e+03 2.046e+00  0 2.067e+04 2.067e+01  1  0   0  0   0   1         0
9788.315  9.788  0   0  0 4.559e+03 4.559e+00  0 1.590e+04 1.590e+01  1  0   0  0   0   1         0
9798.312  9.798  0   0  4 3.597e+02 3.597e-01  4 1.599e+04 1.599e+01  1  0   0  0   0   1         0
9793.274  9.793  0   0  7 2.312e+02 2.312e-01  0 1.476e+04 1.476e+01  1  0   0  0   0   1         0
9766.331  9.766  0   0  1 2.287e+02 2.287e-01  0 5.385e+02 5.385e-01  1  0   0  0   0   1         0
9786.489  9.786  0   0  0 2.428e+03 2.428e+00  0 1.248e+04 1.248e+01  1  0   0  0   0   1         0
9753.843  9.754  0   0  0 1.111e+01 1.111e-02  0 2.201e+03 2.201e+00  1  0   0  0   0   1         0
9756.886  9.757  0   0  0 4.960e+03 4.960e+00  0 1.497e+00 1.497e-03  1  0   0  0   0   1         0
9773.139  9.773  0   0  4 1.702e+01 1.702e-02  4 1.141e+03 1.141e+00  1  0   0  0   0   1         0
9773.140  9.773  0   0  4 4.460e+02 4.460e-01  4 7.586e+03 7.586e+00  1  0   0  0   0   1         0
9775.447  9.775  0   0  6 2.342e+03 2.342e+00  6 1.275e+04 1.275e+01  1  0   0  0   0   1         0
9773.919  9.774  0   0  1 6.865e+02 6.865e-01  0 8.411e+01 8.411e-02  1  0   0  0   0   1         0
9782.215  9.782  0   0  0 1.824e+04 1.824e+01  0 2.172e+04 2.172e+01  1  0   0  0   0   1         0
9797.745  9.798  0   0  4 2.389e+03 2.389e+00  4 1.361e+04 1.361e+01  1  0   0  0   0   1         0
9758.726  9.759  0   0  5 2.184e+03 2.184e+00  0 4.393e+03 4.393e+00  1  0   0  0   0   1         0
9768.020  9.768  0   0  2 2.674e+01 2.674e-02  2 1.263e+04 1.263e+01  1  0   0  0   0   1         0
9753.757  9.754  0   0  6 5.551e+01 5.551e-02  6 4.477e+03 4.477e+00  1  0   0  0   0   1         0
9760.102  9.760  0   0  1 3.222e+01 3.222e-02  0 1.302e+03 1.302e+00  1  0   0  0   0   1         0
9799.373  9.799  0   0  1 5.362e+00 5.362e-03  0 2.456e+02 2.456e-01  1  0   0  0   0   1         0
9752.002  9.752  0   0  3 3.708e+03 3.708e+00  0 8.743e+02 8.743e-01  1  0   0  0   0   1         0
9760.792  9.761  0   0  4 5.843e+03 5.843e+00  4 3.065e+02 3.065e-01  1  0   0  0   0   1         0
9771.481  9.771  0   0  3 4.389e+03 4.389e+00  0 3.136e+02 3.136e-01  1  0   0  0   0   1         0
9764.766  9.765  0   0  3 3.275e+03 3.275e+00  0 6.481e+02 6.481e-01  1  0   0  0   0   1         0
9777.419  9.777  0   0  0 3.137e+02 3.137e-01  0 9.099e+02 9.099e-01  1  0   0  0   0   1         0
9799.528  9.800  0   0  3 5.039e+03 5.039e+00  0 1.614e+04 1.614e+01  1  0   0  0   0   1         0
9785.329  9.785  0   0  3 3.072e+03 3.072e+00  0 4.369e+00 4.369e-03  1  0   0  0   0   1         0
9770.447  9.770  0   0  1 4.412e+02 4.412e-01  0 2.663e-01 2.663e-04  1  0   0  0   0   1         0
9784.284  9.784  0   0  1 2.981e+03 2.981e+00  0 2.955e+03 2.955e+00  1  0   0  0   0   1         0
9793.683  9.794  0   0  2 1.643e+04 1.643e+01  2 6.185e+02 6.185e-01  1  0   0  0   0   1         0
9761.563  9.762  0   0  1 1.342e+03 1.342e+00  0 1.490e+04 1.490e+01  1  0   0  0   0   1         0
9785.975  9.786  0   0  6 1.163e+03 1.163e+00  6 2.077e+04 2.077e+01  1  0   0  0   0   1         0
9780.848  9.781  0   0  5 4.294e+00 4.294e-03  0 2.444e+03 2.444e+00  1  0   0  0   0   1         0
9786.815  9.787  0   0  1 7.258e+03 7.258e+00  0 5.073e+02 5.073e-01  1  0   0  0   0   1         0
9754.258  9.754  0   0  2 1.129e+03 1.129e+00  2 1.975e+02 1.975e-01  1  0   0  0   0   1         0
9786.771  9.787  0   0  2 1.750e+03 1.750e+00  2 2.742e+03 2.742e+00  1  0   0  0   0   1         0
9789.507  9.790  0   0  5 1.217e+03 1.217e+00  0 5.816e+03 5.816e+00  1  0   0  0   0   1         0
9784.498  9.784  0   0  0 1.481e+04 1.481e+01  0 2.054e+03 2.054e+00  1  0   0  0   0   1         0
9759.964  9.760  0   0  7 1.074e+03 1.074e+00  0 6.074e+04 6.074e+01  1  0   0  0   0   1         0
9758.154  9.758  0   0  4 1.508e+03 1.508e+00  4 1.437e+04 1.437e+01  1  0   0  0   0   1         0
9787.041  9.787  0   0  7 2.840e+03 2.840e+00  0 1.603e+04 1.603e+01  1  0   0  0   0   1         0
9782.530  9.783  0   0  6 7.808e+02 7.808e-01  6 1.418e+04 1.418e+01  1  0   0  0   0   1         0
9799.192  9.799  0   0  0 1.809e+02 1.809e-01  0 6.179e+02 6.179e-01  1  0   0  0   0   1         0
9772.895  9.773  0   0  7 4.629e+03 4.629e+00  0 7.456e+03 7.456e+00  1  0   0  0   0   1         0
9761.579  9.762  0   0  4 5.934e+03 5.934e+00  4 1.398e+04 1.398e+01  1  0   0  0   0   1         0
9788.598  9.789  0   0  1 1.524e+01 1.524e-02  0 7.201e+01 7.201e-02  1  0   0  0   0   1         0
9787.545  9.788  0   0  3 5.288e+01 5.288e-02  0 8.494e+03 8.494e+00  1  0   0  0   0   1         0
9776.294  9.776  0   0  3 2.033e+03 2.033e+00  0 1.793e+04 1.793e+01  1  0   0  0   0   1         0
9787.422  9.787  0   0  2 1.552e+03 1.552e+00  2 5.788e+03 5.788e+00  1  0   0  0   0   1         0
9765.667  9.766  0   0  0 8.175e+01 8.175e-02  0 1.968e+04 1.968e+01  1  0   0  0   0   1         0
9760.895  9.761  0   0  7 6.767e+03 6.767e+00  0 2.138e+04 2.138e+01  1  0   0  0   0   1         0
9756.376  9.756  0   0  2 1.261e+02 1.261e-01  2 2.483e+01 2.483e-02  1  0   0  0   0   1         0
9840.225  9.840  0   0  3 4.194e+03 4.194e+00  0 6.883e+04 6.883e+01  1  0   0  0   0   1         0
9810.786  9.811  0   0  2 3.198e+04 3.198e+01  2 1.206e+03 1.206e+00  1  0   0  0   0   1         0
9824.650  9.825  0   0  3 1.012e+03 1.012e+00  0 4.114e+03 4.114e+00  1  0   0  0   0   1         0
9833.736  9.834  0   0  3 4.398e+03 4.398e+00  0 1.301e+03 1.301e+00  1  0   0  0   0   1         0
9837.245  9.837  0   0  1 1.318e+03 1.318e+00  0 1.271e+04 1.271e+01  1  0   0  0   0   1         0
9848.490  9.848  0   0  2 3.596e+02 3.596e-01  2 6.301e+02 6.301e-01  1  0   0  0   0   1         0
9810.133  9.810  0   0  1 1.151e+04 1.151e+01  0 1.880e+04 1.880e+01  1  0   0  0   0   1         0
9812.452  9.812  0   0  5 1.281e+03 1.281e+00  0 6.683e+03 6.683e+00  1  0   0  0   0   1         0
9842.771  9.843  0   0  6 2.096e+00 2.096e-03  6 1.450e+04 1.450e+01  1  0   0  0   0   1         0
9804.916  9.805  0   0  0 3.501e+04 3.501e+01  0 2.417e+03 2.417e+00  1  0   0  0   0   1         0
9839.398  9.839  0   0  3 1.367e+03 1.367e+00  0 2.028e+04 2.028e+01  1  0   0  0   0   1         0
9806.739  9.807  0   0  4 3.039e+03 3.039e+00  4 9.272e+02 9.272e-01  1  0   0  0   0   1         0
9823.378  9.823  0   0  3 4.609e+00 4.609e-03  0 9.478e+03 9.478e+00  1  0   0  0   0   1         0
9829.762  9.830  0   0  0 1.215e+02 1.215e-01  0 8.537e+02 8.537e-01  1  0   0  0   0   1         0
9838.504  9.839  0   0  6 5.136e+02 5.136e-01  6 6.937e+02 6.937e-01  1  0   0  0   0   1         0
9805.790  9.806  0   0  1 1.062e+04 1.062e+01  0 2.168e+04 2.168e+01  1  0   0  0   0   1         0
9841.292  9.841  0   0  3 7.329e+03 7.329e+00  0 1.966e+04 1.966e+01  1  0   0  0   0   1         0
9842.606  9.843  0   0  4 8.023e+02 8.023e-01  4 4.864e+03 4.864e+00  1  0   0  0   0   1         0
9839.776  9.840  0   0  4 2.808e+03 2.808e+00  4 4.396e+02 4.396e-01  1  0   0  0   0   1         0
9846.902  9.847  0   0  6 4.231e+02 4.231e-01  6 1.353e+04 1.353e+01  1  0   0  0   0   1         0
9843.680  9.844  0   0  3 5.406e+03 5.406e+00  0 3.331e+04 3.331e+01  1  0   0  0   0   1         0
9838.509  9.839  0   0  3 2.827e+04 2.827e+01  0 1.058e+03 1.058e+00  1  0   0  0   0   1         0
9829.118  9.829  0   0  3 5.668e+02 5.668e-01  0 1.050e+03 1.050e+00  1  0   0  0   0   1         0
9840.527  9.841  0   0  2 1.873e+04 1.873e+01  2 5.082e+03 5.082e+00  1  0   0  0   0   1         0
9848.781  9.849  0   0  0 1.921e+03 1.921e+00  0 1.592e+04 1.592e+01  1  0   0  0   0   1         0
9832.009  9.832  0   0  6 1.030e+04 1.030e+01  6 3.369e+04 3.369e+01  1  0   0  0   0   1         0
9812.245  9.812  0   0  6 3.815e+03 3.815e+00  6 3.684e+03 3.684e+00  1  0   0  0   0   1         0
9812.509  9.813  0   0  5 1.010e+04 1.010e+01  0 2.335e+04 2.335e+01  1  0   0  0   0   1         0
9839.900  9.840  0   0  2 5.319e+02 5.319e-01  2 7.856e+03 7.856e+00  1  0   0  0   0   1         0
9849.479  9.849  0   0  4 1.168e+04 1.168e+01  4 2.979e+03 2.979e+00  1  0   0  0   0   1         0
9810.619  9.811  0   0  0 1.003e+03 1.003e+00  0 1.241e+03 1.241e+00  1  0   0  0   0   1         0
9848.522  9.849  0   0  7 4.509e+02 4.509e-01  0 3.336e+02 3.336e-01  1  0   0  0   0   1         0
9813.537  9.814  0   0  3 3.211e+03 3.211e+00  0 1.573e+04 1.573e+01  1  0   0  0   0   1         0
9820.791  9.821  0   0  5 2.014e+04 2.014e+01  0 2.853e+01 2.853e-02  1  0   0  0   0   1         0
9845.459  9.845  0   0  6 2.820e+03 2.820e+00  6 2.452e+03 2.452e+00  1  0   0  0   0   1         0
9848.113  9.848  0   0  5 1.288e+04 1.288e+01  0 5.713e+00 5.713e-03  1  0   0  0   0   1         0
9828.500  9.828  0   0  2 6.888e+03 6.888e+00  2 1.093e+04 1.093e+01  1  0   0  0   0   1         0
9847.534  9.848  0   0  5 1.717e+03 1.717e+00  0 8.411e+03 8.411e+00  1  0   0  0   0   1         0
9842.203  9.842  0   0  2 1.706e+04 1.706e+01  2 7.497e+02 7.497e-01  1  0   0  0   0   1         0
9843.391  9.843  0   0  2 1.672e+03 1.672e+00  2 2.483e+02 2.483e-01  1  0   0  0   0   1         0
9843.483  9.843  0   0  3 8.204e+02 8.204e-01  0 1.205e+03 1.205e+00  1  0   0  0   0   1         0
9819.460  9.819  0   0  3 7.156e+02 7.156e-01  0 1.330e+04 1.330e+01  1  0   0  0   0   1         0
9801.552  9.802  0   0  4 1.690e+03 1.690e+00  4 6.966e+03 6.966e+00  1  0   0  0   0   1         0
9808.319  9.808  0   0  2 4.413e+03 4.413e+00  2 4.064e+03 4.064e+00  1  0   0  0   0   1         0
9803.767  9.804  0   0  4 5.642e+03 5.642e+00  4 1.280e+04 1.280e+01  1  0   0  0   0   1         0
9812.235  9.812  0   0  1 1.241e+04 1.241e+01  0 2.354e+02 2.354e-01  1  0   0  0   0   1         0
9802.797  9.803  0   0  3 1.631e+03 1.631e+00  0 1.703e+03 1.703e+00  1  0   0  0   0   1         0
9813.972  9.814  0   0  4 1.242e+04 1.242e+01  4 3.626e+04 3.626e+01  1  0   0  0   0   1         0
9829.598  9.830  0   0  3 4.572e+03 4.572e+00  0 9.229e+03 9.229e+00  1  0   0  0   0   1         0
9807.129  9.807  0   0  3 7.185e+00 7.185e-03  0 1.234e+04 1.234e+01  1  0   0  0   0   1         0
9815.922  9.816  0   0  3 2.252e+02 2.252e-01  0 1.809e+04 1.809e+01  1  0   0  0   0   1         0
9811.316  9.811  0   0  4 1.320e+04 1.320e+01  4 1.963e+03 1.963e+00  1  0   0  0   0   1         0
9804.809  9.805  0   0  2 2.472e+03 2.472e+00  2 3.039e+03 3.039e+00  1  0   0  0   0   1         0
9833.940  9.834  0   0  0 1.156e+04 1.156e+01  0 7.456e+02 7.456e-01  1  0   0  0   0   1         0
9844.710  9.845  0   0  2 8.000e+03 8.000e+00  2 1.135e+03 1.135e+00  1  0   0  0   0   1         0
9835.925  9.836  0   0  3 2.841e+03 2.841e+00  0 7.602e+03 7.602e+00  1  0   0  0   0   1         0
9834.344  9.834  0   0  8 3.235e+03 3.235e+00  8 2.172e+04 2.172e+01  1  0   0  0   0   1         0
9849.161  9.849  0   0  5 2.952e+02 2.952e-01  0 1.011e+04 1.011e+01  1  0   0  0   0   1         0
9836.685  9.837  0   0  5 5.354e+03 5.354e+00  0 3.556e+04 3.556e+01  1  0   0  0   0   1         0
9802.383  9.802  0   0  2 3.031e+02 3.031e-01  2 1.067e+03 1.067e+00  1  0   0  0   0   1         0
9811.019  9.811  0   0  5 7.654e+02 7.654e-01  0 1.366e+04 1.366e+01  1  0   0  0   0   1         0
9832.016  9.832  0   0  3 3.971e+03 3.971e+00  0 3.621e+04 3.621e+01  1  0   0  0   0   1         0
9832.095  9.832  0   0  1 1.604e+03 1.604e+00  0 3.386e+02 3.386e-01  1  0   0  0   0   1         0
9841.716  9.842  0   0  4 9.647e+03 9.647e+00  4 6.125e+02 6.125e-01  1  0   0  0   0   1         0
9808.026  9.808  0   0  4 9.310e+03 9.310e+00  4 2.857e+02 2.857e-01  1  0   0  0   0   1         0
9849.072  9.849  0   0  2 1.485e+03 1.485e+00  2 2.107e+02 2.107e-01  1  0   0  0   0   1         0
9825.970  9.826  0   0  5 2.365e+02 2.365e-01  0 3.393e+03 3.393e+00  1  0   0  0   0   1         0
9846.066  9.846  0   0  1 8.453e+03 8.453e+00  0 3.849e+03 3.849e+00  1  0   0  0   0   1         0
9826.622  9.827  0   0  0 2.077e-04 2.077e-07  0 3.981e+01 3.981e-02  1  0   0  0   0   1         0
9809.441  9.809  0   0  2 7.441e+03 7.441e+00  2 2.383e+03 2.383e+00  1  0   0  0   0   1         0
9817.693  9.818  0   0  3 9.535e+03 9.535e+00  0 1.829e+02 1.829e-01  1  0   0  0   0   1         0
9811.166  9.811  0   0  4 1.192e+04 1.192e+01  4 4.691e+03 4.691e+00  1  0   0  0   0   1         0
9813.333  9.813  0   0  0 8.199e+01 8.199e-02  0 2.355e+03 2.355e+00  1  0   0  0   0   1         0
9844.578  9.845  0   0  2 1.276e+04 1.276e+01  2 8.114e+02 8.114e-01  1  0   0  0   0   1         0
9819.016  9.819  0   0  5 1.541e+03 1.541e+00  0 2.191e+04 2.191e+01  1  0   0  0   0   1         0
9809.227  9.809  0   0  4 1.777e+03 1.777e+00  4 3.009e+03 3.009e+00  1  0   0  0   0   1         0
9818.372  9.818  0   0  5 1.158e+03 1.158e+00  0 1.433e+04 1.433e+01  1  0   0  0   0   1         0
9831.009  9.831  0   0  8 1.565e+01 1.565e-02  8 1.553e+04 1.553e+01  1  0   0  0   0   1         0
9810.145  9.810  0   0  0 3.454e+03 3.454e+00  0 9.972e+02 9.972e-01  1  0   0  0   0   1         0
9802.579  9.803  0   0  2 1.399e+03 1.399e+00  2 7.152e+01 7.152e-02  1  0   0  0   0   1         0
9843.675  9.844  0   0  1 8.856e+03 8.856e+00  0 1.661e+04 1.661e+01  1  0   0  0   0   1         0
9812.075  9.812  0   0  4 2.886e+02 2.886e-01  4 1.235e+04 1.235e+01  1  0   0  0   0   1         0
9846.855  9.847  0   0  6 9.931e+03 9.931e+00  6 6.354e+03 6.354e+00  1  0   0  0   0   1         0
9802.385  9.802  0   0  0 4.702e+03 4.702e+00  0 1.187e+04 1.187e+01  1  0   0  0   0   1         0
9832.683  9.833  0   0  0 2.172e+02 2.172e-01  0 1.004e+05 1.004e+02  1  0   0  0   0   1         0
9833.400  9.833  0   0  4 9.420e+03 9.420e+00  4 5.417e+03 5.417e+00  1  0   0  0   0   1         0
9807.884  9.808  0   0  4 1.802e+02 1.802e-01  4 1.374e+03 1.374e+00  1  0   0  0   0   1         0
9833.399  9.833  0   0  1 3.575e+04 3.575e+01  0 7.500e+03 7.500e+00  1  0   0  0   0   1         0
9819.530  9.820  0   0  0 1.717e+03 1.717e+00  0 2.568e+00 2.568e-03  1  0   0  0   0   1         0
9819.236  9.819  0   0  2 4.602e+03 4.602e+00  2 8.220e+01 8.220e-02  1  0   0  0   0   1         0
9843.940  9.844  0   0  5 3.307e+02 3.307e-01  0 5.091e+02 5.091e-01  1  0   0  0   0   1         0
9847.649  9.848  0   0  0 8.193e+02 8.193e-01  0 7.011e-01 7.011e-04  1  0   0  0   0   1         0
9808.594  9.809  0   0  5 4.090e+03 4.090e+00  0 4.665e+02 4.665e-01  1  0   0  0   0   1         0
9834.339  9.834  0   0  1 3.933e+03 3.933e+00  0 1.191e+04 1.191e+01  1  0   0  0   0   1         0
9807.818  9.808  0   0  3 2.354e+02 2.354e-01  0 3.920e+03 3.920e+00  1  0   0  0   0   1         0
9801.771  9.802  0   0 11 1.011e+03 1.011e+00  0 5.328e+03 5.328e+00  1  0   0  0   0   1         0
9807.556  9.808  0   0  5 3.975e+02 3.975e-01  0 9.427e+03 9.427e+00  1  0   0  0   0   1         0
9831.876  9.832  0   0  2 2.180e+03 2.180e+00  2 1.189e+04 1.189e+01  1  0   0  0   0   1         0
9836.445  9.836  0   0  3 1.158e+04 1.158e+01  0 3.352e+03 3.352e+00  1  0   0  0   0   1         0
9825.507  9.826  0   0  1 7.677e+02 7.677e-01  0 1.484e+04 1.484e+01  1  0   0  0   0   1         0
9847.612  9.848  0   0  4 5.615e+01 5.615e-02  4 2.060e+03 2.060e+00  1  0   0  0   0   1         0
9838.320  9.838  0   0  1 1.128e+02 1.128e-01  0 3.283e+03 3.283e+00  1  0   0  0   0   1         0
9808.166  9.808  0   0  2 1.239e+03 1.239e+00  2 1.416e+03 1.416e+00  1  0   0  0   0   1         0
9810.500  9.810  0   0  3 1.603e+04 1.603e+01  0 9.754e-01 9.754e-04  1  0   0  0   0   1         0
9829.953  9.830  0   0  6 8.905e+02 8.905e-01  6 9.898e+03 9.898e+00  1  0   0  0   0   1         0
9816.804  9.817  0   0  0 3.835e+02 3.835e-01  0 5.436e+02 5.436e-01  1  0   0  0   0   1         0
9800.045  9.800  0   0  3 6.087e+01 6.087e-02  0 4.633e+02 4.633e-01  1  0   0  0   0   1         0
9801.229  9.801  0   0  3 3.147e+02 3.147e-01  0 1.019e+02 1.019e-01  1  0   0  0   0   1         0
9820.555  9.821  0   0  3 2.531e+03 2.531e+00  0 7.072e+03 7.072e+00  1  0   0  0   0   1         0
9873.764  9.874  0   0  3 3.491e+02 3.491e-01  0 1.077e+04 1.077e+01  1  0   0  0   0   1         0
9874.030  9.874  0   0  2 4.902e+03 4.902e+00  2 5.549e+00 5.549e-03  1  0   0  0   0   1         0
9870.050  9.870  0   0  4 4.516e+02 4.516e-01  4 1.375e+04 1.375e+01  1  0   0  0   0   1         0
9887.793  9.888  0   0  1 3.677e+03 3.677e+00  0 1.983e+04 1.983e+01  1  0   0  0   0   1         0
9855.544  9.856  0   0  2 9.324e+03 9.324e+00  2 8.386e+04 8.386e+01  1  0   0  0   0   1         0
9858.042  9.858  0   0  3 1.335e+03 1.335e+00  0 9.785e+01 9.785e-02  1  0   0  0   0   1         0
9868.752  9.869  0   0  3 5.680e+02 5.680e-01  0 1.852e+04 1.852e+01  1  0   0  0   0   1         0
9853.599  9.854  0   0  3 4.348e+03 4.348e+00  0 1.000e+04 1.000e+01  1  0   0  0   0   1         0
9899.377  9.899  0   0  1 2.478e+04 2.478e+01  0 3.400e+03 3.400e+00  1  0   0  0   0   1         0
9874.941  9.875  0   0  5 1.444e+01 1.444e-02  0 1.140e+04 1.140e+01  1  0   0  0   0   1         0
9852.534  9.853  0   0  1 2.236e+03 2.236e+00  0 3.841e+03 3.841e+00  1  0   0  0   0   1         0
9880.539  9.881  0   0  1 8.913e+03 8.913e+00  0 5.728e+04 5.728e+01  1  0   0  0   0   1         0
9889.158  9.889  0   0  7 6.912e+02 6.912e-01  0 2.960e+01 2.960e-02  1  0   0  0   0   1         0
9870.533  9.871  0   0  2 1.349e+03 1.349e+00  2 4.375e+04 4.375e+01  1  0   0  0   0   1         0
9874.178  9.874  0   0  0 2.638e+03 2.638e+00  0 3.321e+04 3.321e+01  1  0   0  0   0   1         0
9885.157  9.885  0   0  2 5.708e+03 5.708e+00  2 6.031e+03 6.031e+00  1  0   0  0   0   1         0
9861.800  9.862  0   0  2 1.937e+01 1.937e-02  2 1.167e+03 1.167e+00  1  0   0  0   0   1         0
9880.029  9.880  0   0  3 3.092e+03 3.092e+00  0 6.219e+04 6.219e+01  1  0   0  0   0   1         0
9881.688  9.882  0   0  6 8.122e+02 8.122e-01  6 3.308e+03 3.308e+00  1  0   0  0   0   1         0
9890.327  9.890  0   0  0 4.336e+02 4.336e-01  0 2.347e+04 2.347e+01  1  0   0  0   0   1         0
9894.612  9.895  0   0  0 9.360e+01 9.360e-02  0 1.112e+03 1.112e+00  1  0   0  0   0   1         0
9897.078  9.897  0   0  0 5.503e+03 5.503e+00  0 3.883e+01 3.883e-02  1  0   0  0   0   1         0
9856.384  9.856  0   0  6 2.891e+03 2.891e+00  6 4.390e+04 4.390e+01  1  0   0  0   0   1         0
9890.904  9.891  0   0  5 3.502e+03 3.502e+00  0 4.838e+03 4.838e+00  1  0   0  0   0   1         0
9883.904  9.884  0   0  2 1.047e+03 1.047e+00  2 2.159e+03 2.159e+00  1  0   0  0   0   1         0
9868.678  9.869  0   0  1 7.906e+03 7.906e+00  0 2.794e+02 2.794e-01  1  0   0  0   0   1         0
9896.183  9.896  0   0  2 4.268e+03 4.268e+00  2 1.422e+03 1.422e+00  1  0   0  0   0   1         0
9893.078  9.893  0   0  7 1.335e+02 1.335e-01  0 3.635e+04 3.635e+01  1  0   0  0   0   1         0
9888.823  9.889  0   0  7 3.333e+03 3.333e+00  0 1.697e+04 1.697e+01  1  0   0  0   0   1         0
9852.907  9.853  0   0  3 3.564e+03 3.564e+00  0 4.013e+03 4.013e+00  1  0   0  0   0   1         0
9858.939  9.859  0   0  0 1.537e+03 1.537e+00  0 5.974e+02 5.974e-01  1  0   0  0   0   1         0
9895.961  9.896  0   0  0 1.896e+04 1.896e+01  0 8.664e+02 8.664e-01  1  0   0  0   0   1         0
9899.122  9.899  0   0  1 7.246e+00 7.246e-03  0 6.506e+03 6.506e+00  1  0   0  0   0   1         0
9863.987  9.864  0   0  5 8.668e+03 8.668e+00  0 7.547e+03 7.547e+00  1  0   0  0   0   1         0
9863.991  9.864  0   0  3 2.064e+02 2.064e-01  0 1.227e+03 1.227e+00  1  0   0  0   0   1         0
9880.659  9.881  0   0  2 5.776e+03 5.776e+00  2 5.158e+04 5.158e+01  1  0   0  0   0   1         0
9853.852  9.854  0   0  2 2.420e+02 2.420e-01  2 4.774e+02 4.774e-01  1  0   0  0   0   1         0
9879.911  9.880  0   0  1 6.514e+01 6.514e-02  0 1.005e+04 1.005e+01  1  0   0  0   0   1         0
9898.452  9.898  0   0  1 3.619e+01 3.619e-02  0 1.124e+04 1.124e+01  1  0   0  0   0   1         0
9864.975  9.865  0   0  3 5.199e+02 5.199e-01  0 1.255e+04 1.255e+01  1  0   0  0   0   1         0
9887.252  9.887  0   0  2 4.677e+03 4.677e+00  2 1.319e+04 1.319e+01  1  0   0  0   0   1         0
9876.396  9.876  0   0  4 2.444e+02 2.444e-01  4 1.358e+03 1.358e+00  1  0   0  0   0   1         0
9864.490  9.864  0   0  3 4.451e+03 4.451e+00  0 6.665e+03 6.665e+00  1  0   0  0   0   1         0
9870.771  9.871  0   0  2 4.596e+02 4.596e-01  2 1.599e+04 1.599e+01  1  0   0  0   0   1         0
9877.704  9.878  0   0  2 7.061e+02 7.061e-01  2 4.029e+04 4.029e+01  1  0   0  0   0   1         0
9888.189  9.888  0   0  1 7.934e+03 7.934e+00  0 8.930e+02 8.930e-01  1  0   0  0   0   1         0
9877.190  9.877  0   0  2 1.891e+02 1.891e-01  2 5.293e+03 5.293e+00  1  0   0  0   0   1         0
9896.298  9.896  0   0  3 2.444e+04 2.444e+01  0 7.281e+03 7.281e+00  1  0   0  0   0   1         0
9855.911  9.856  0   0  1 1.209e+04 1.209e+01  0 1.796e+04 1.796e+01  1  0   0  0   0   1         0
9897.909  9.898  0   0  3 7.082e+03 7.082e+00  0 2.679e-01 2.679e-04  1  0   0  0   0   1         0
9877.682  9.878  0   0  3 1.025e+04 1.025e+01  0 7.455e+02 7.455e-01  1  0   0  0   0   1         0
9869.736  9.870  0   0  5 5.142e+03 5.142e+00  0 6.868e+03 6.868e+00  1  0   0  0   0   1         0
9853.845  9.854  0   0  7 5.838e+01 5.838e-02  0 1.495e+03 1.495e+00  1  0   0  0   0   1         0
9864.939  9.865  0   0  3 6.229e+02 6.229e-01  0 3.609e+02 3.609e-01  1  0   0  0   0   1         0
9872.046  9.872  0   0  1 1.495e+04 1.495e+01  0 1.771e+04 1.771e+01  1  0   0  0   0   1         0
9896.889  9.897  0   0  0 1.403e+03 1.403e+00  0 1.602e+04 1.602e+01  1  0   0  0   0   1         0
9887.932  9.888  0   0  1 4.381e+03 4.381e+00  0 1.508e+04 1.508e+01  1  0   0  0   0   1         0
9852.986  9.853  0   0  3 7.392e+02 7.392e-01  0 5.382e+03 5.382e+00  1  0   0  0   0   1         0
9866.529  9.867  0   0  3 6.117e+03 6.117e+00  0 9.632e+03 9.632e+00  1  0   0  0   0   1         0
9874.723  9.875  0   0  4 6.292e+03 6.292e+00  4 5.624e+02 5.624e-01  1  0   0  0   0   1         0
9892.581  9.893  0   0  2 1.110e+02 1.110e-01  2 1.099e+04 1.099e+01  1  0   0  0   0   1         0
9888.926  9.889  0   0  0 1.290e+03 1.290e+00  0 3.137e+04 3.137e+01  1  0   0  0   0   1         0
9860.910  9.861  0   0  0 1.031e+04 1.031e+01  0 8.442e+03 8.442e+00  1  0   0  0   0   1         0
9852.552  9.853  0   0  6 1.249e+03 1.249e+00  6 1.555e+03 1.555e+00  1  0   0  0   0   1         0
9856.689  9.857  0   0  3 8.183e+03 8.183e+00  0 3.763e+03 3.763e+00  1  0   0  0   0   1         0
9875.316  9.875  0   0  2 2.427e+03 2.427e+00  2 1.169e+04 1.169e+01  1  0   0  0   0   1         0
9854.544  9.855  0   0  7 1.179e+01 1.179e-02  0 3.533e+03 3.533e+00  1  0   0  0   0   1         0
9862.602  9.863  0   0  1 2.025e+02 2.025e-01  0 3.433e+03 3.433e+00  1  0   0  0   0   1         0
9891.156  9.891  0   0  1 3.702e+03 3.702e+00  0 4.058e+00 4.058e-03  1  0   0  0   0   1         0
9870.244  9.870  0   0  1 4.992e+03 4.992e+00  0 9.612e+03 9.612e+00  1  0   0  0   0   1         0
9899.810  9.900  0   0  6 5.142e+01 5.142e-02  6 8.418e+01 8.418e-02  1  0   0  0   0   1         0
9887.910  9.888  0   0  6 6.501e+02 6.501e-01  6 7.036e+03 7.036e+00  1  0   0  0   0   1         0
9863.365  9.863  0   0  0 2.934e+00 2.934e-03  0 1.384e+04 1.384e+01  1  0   0  0   0   1         0
9850.383  9.850  0   0  4 8.249e+03 8.249e+00  4 2.337e+03 2.337e+00  1  0   0  0   0   1         0
9876.511  9.877  0   0  4 3.596e+02 3.596e-01  4 6.419e+02 6.419e-01  1  0   0  0   0   1         0
9885.418  9.885  0   0  1 3.691e+03 3.691e+00  0 1.251e+05 1.251e+02  1  0   0  0   0   1         0
9873.635  9.874  0   0  5 1.376e+03 1.376e+00  0 2.768e+02 2.768e-01  1  0   0  0   0   1         0
9895.376  9.895  0   0  1 1.001e+04 1.001e+01  0 6.486e+02 6.486e-01  1  0   0  0   0   1         0
9888.505  9.889  0   0  5 2.075e+04 2.075e+01  0 2.889e+04 2.889e+01  1  0   0  0   0   1         0
9876.165  9.876  0   0  3 1.239e+03 1.239e+00  0 1.667e+02 1.667e-01  1  0   0  0   0   1         0
9850.957  9.851  0   0  1 1.094e+04 1.094e+01  0 2.557e+04 2.557e+01  1  0   0  0   0   1         0
9867.049  9.867  0   0  4 1.101e+03 1.101e+00  4 1.456e+03 1.456e+00  1  0   0  0   0   1         0
9874.872  9.875  0   0  2 6.165e+03 6.165e+00  2 8.446e+01 8.446e-02  1  0   0  0   0   1         0
9862.626  9.863  0   0  7 1.394e+03 1.394e+00  0 6.183e+03 6.183e+00  1  0   0  0   0   1         0
9891.964  9.892  0   0  3 1.132e+02 1.132e-01  0 3.399e+04 3.399e+01  1  0   0  0   0   1         0
9871.372  9.871  0   0  4 6.618e+03 6.618e+00  4 1.188e+03 1.188e+00  1  0   0  0   0   1         0
9860.289  9.860  0   0  1 9.564e+03 9.564e+00  0 9.849e+03 9.849e+00  1  0   0  0   0   1         0
9889.059  9.889  0   0  5 2.334e+02 2.334e-01  0 8.905e+02 8.905e-01  1  0   0  0   0   1         0
9925.826  9.926  0   0  4 2.997e+03 2.997e+00  4 4.366e+03 4.366e+00  1  0   0  0   0   1         0
9949.383  9.949  0   0  5 1.318e+03 1.318e+00  0 8.075e+00 8.075e-03  1  0   0  0   0   1         0
9949.094  9.949  0   0  2 6.589e+03 6.589e+00  2 1.025e+04 1.025e+01  1  0   0  0   0   1         0
9928.815  9.929  0   0  0 2.363e+04 2.363e+01  0 2.156e+01 2.156e-02  1  0   0  0   0   1         0
9938.712  9.939  0   0  1 7.463e+00 7.463e-03  0 1.312e+04 1.312e+01  1  0   0  0   0   1         0
9912.595  9.913  0   0  3 3.176e+03 3.176e+00  0 3.746e+03 3.746e+00  1  0   0  0   0   1         0
9911.322  9.911  0   0  6 1.577e+03 1.577e+00  6 4.868e+03 4.868e+00  1  0   0  0   0   1         0
9935.448  9.935  0   0  5 1.283e+04 1.283e+01  0 7.253e+03 7.253e+00  1  0   0  0   0   1         0
9939.399  9.939  0   0  1 2.125e+03 2.125e+00  0 2.849e+03 2.849e+00  1  0   0  0   0   1         0
9937.205  9.937  0   0  4 1.874e+03 1.874e+00  4 4.269e+01 4.269e-02  1  0   0  0   0   1         0
9905.281  9.905  0   0  0 5.966e+03 5.966e+00  0 3.941e+03 3.941e+00  1  0   0  0   0   1         0
9917.950  9.918  0   0  2 1.607e+03 1.607e+00  2 4.393e+02 4.393e-01  1  0   0  0   0   1         0
9902.234  9.902  0   0  5 2.069e+01 2.069e-02  0 3.449e+04 3.449e+01  1  0   0  0   0   1         0
9939.407  9.939  0   0  1 6.160e+03 6.160e+00  0 3.325e+04 3.325e+01  1  0   0  0   0   1         0
9915.715  9.916  0   0  3 6.821e-01 6.821e-04  0 3.295e+03 3.295e+00  1  0   0  0   0   1         0
9921.632  9.922  0   0  3 1.109e+04 1.109e+01  0 2.017e+03 2.017e+00  1  0   0  0   0   1         0
9929.088  9.929  0   0  4 2.269e+03 2.269e+00  4 9.904e+01 9.904e-02  1  0   0  0   0   1         0
9900.028  9.900  0   0  6 8.646e+03 8.646e+00  6 8.329e+03 8.329e+00  1  0   0  0   0   1         0
9917.842  9.918  0   0  5 4.330e-01 4.330e-04  0 2.630e+04 2.630e+01  1  0   0  0   0   1         0
9936.481  9.936  0   0  4 8.586e+02 8.586e-01  4 1.037e+03 1.037e+00  1  0   0  0   0   1         0
9914.425  9.914  0   0  3 2.992e+03 2.992e+00  0 7.347e+03 7.347e+00  1  0   0  0   0   1         0
9928.669  9.929  0   0  1 7.487e+02 7.487e-01  0 4.144e+04 4.144e+01  1  0   0  0   0   1         0
9948.872  9.949  0   0  1 2.973e+03 2.973e+00  0 1.089e+03 1.089e+00  1  0   0  0   0   1         0
9905.970  9.906  0   0  2 8.803e+02 8.803e-01  2 3.687e+03 3.687e+00  1  0   0  0   0   1         0
9913.529  9.914  0   0  0 8.139e+02 8.139e-01  0 8.099e+03 8.099e+00  1  0   0  0   0   1         0
9934.326  9.934  0   0  2 1.119e+04 1.119e+01  2 1.297e+03 1.297e+00  1  0   0  0   0   1         0
9930.061  9.930  0   0  2 1.827e+04 1.827e+01  2 2.081e+03 2.081e+00  1  0   0  0   0   1         0
9948.913  9.949  0   0  2 2.464e+01 2.464e-02  2 8.438e+02 8.438e-01  1  0   0  0   0   1         0
9901.750  9.902  0   0  3 3.343e+00 3.343e-03  0 6.619e+03 6.619e+00  1  0   0  0   0   1         0
9943.962  9.944  0   0  4 3.579e+03 3.579e+00  4 2.898e+00 2.898e-03  1  0   0  0   0   1         0
9924.575  9.925  0   0  5 1.172e+02 1.172e-01  0 8.832e+01 8.832e-02  1  0   0  0   0   1         0
9911.449  9.911  0   0  2 2.417e+03 2.417e+00  2 1.887e+02 1.887e-01  1  0   0  0   0   1         0
9925.316  9.925  0   0  1 2.659e+02 2.659e-01  0 8.020e+03 8.020e+00  1  0   0  0   0   1         0
9920.754  9.921  0   0  3 2.340e+03 2.340e+00  0 8.942e+03 8.942e+00  1  0   0  0   0   1         0
9909.055  9.909  0   0  2 1.141e+03 1.141e+00  2 1.000e+03 1.000e+00  1  0   0  0   0   1         0
9911.072  9.911  0   0  1 9.980e+03 9.980e+00  0 5.851e+02 5.851e-01  1  0   0  0   0   1         0
9914.529  9.915  0   0  2 6.680e+03 6.680e+00  2 3.648e+03 3.648e+00  1  0   0  0   0   1         0
9927.756  9.928  0   0  4 4.869e+03 4.869e+00  4 3.803e+03 3.803e+00  1  0   0  0   0   1         0
9904.200  9.904  0   0  0 5.618e+02 5.618e-01  0 3.376e+01 3.376e-02  1  0   0  0   0   1         0
9904.491  9.904  0   0  1 1.525e+02 1.525e-01  0 3.066e+02 3.066e-01  1  0   0  0   0   1         0
9916.719  9.917  0   0  5 1.348e-01 1.348e-04  0 2.261e+03 2.261e+00  1  0   0  0   0   1         0
9935.486  9.935  0   0  1 3.947e+03 3.947e+00  0 1.018e+03 1.018e+00  1  0   0  0   0   1         0
9948.928  9.949  0   0  0 1.933e+00 1.933e-03  0 2.018e+03 2.018e+00  1  0   0  0   0   1         0
9900.607  9.901  0   0  4 1.388e+03 1.388e+00  4 5.916e+03 5.916e+00  1  0   0  0   0   1         0
9948.633  9.949  0   0  3 4.620e-01 4.620e-04  0 2.663e+03 2.663e+00  1  0   0  0   0   1         0
9934.429  9.934  0   0  3 2.840e+03 2.840e+00  0 2.368e+02 2.368e-01  1  0   0  0   0   1         0
9945.101  9.945  0   0  0 4.928e+02 4.928e-01  0 7.196e+03 7.196e+00  1  0   0  0   0   1         0
9926.964  9.927  0   0  5 2.452e+03 2.452e+00  0 3.036e+04 3.036e+01  1  0   0  0   0   1         0
9923.294  9.923  0   0  4 9.666e+02 9.666e-01  4 3.701e+04 3.701e+01  1  0   0  0   0   1         0
9939.357  9.939  0   0  5 3.175e+03 3.175e+00  0 3.135e+03 3.135e+00  1  0   0  0   0   1         0
9927.702  9.928  0   0  5 1.351e+03 1.351e+00  0 2.005e+04 2.005e+01  1  0   0  0   0   1         0
9944.922  9.945  0   0  0 3.273e+03 3.273e+00  0 9.630e+01 9.630e-02  1  0   0  0   0   1         0
9944.709  9.945  0   0  3 2.305e+03 2.305e+00  0 4.093e+04 4.093e+01  1  0   0  0   0   1         0
9926.670  9.927  0   0  3 4.265e+02 4.265e-01  0 3.112e+04 3.112e+01  1  0   0  0   0   1         0
9928.833  9.929  0   0  3 1.738e+03 1.738e+00  0 1.018e+04 1.018e+01  1  0   0  0   0   1         0
9922.961  9.923  0   0  3 8.910e+03 8.910e+00  0 2.513e+04 2.513e+01  1  0   0  0   0   1         0
9934.597  9.935  0   0  7 3.780e+02 3.780e-01  0 5.455e+02 5.455e-01  1  0   0  0   0   1         0
9934.246  9.934  0   0  2 8.257e+03 8.257e+00  2 2.871e+03 2.871e+00  1  0   0  0   0   1         0
9932.664  9.933  0   0  3 1.514e+03 1.514e+00  0 7.744e+03 7.744e+00  1  0   0  0   0   1         0
9903.152  9.903  0   0  2 4.017e+02 4.017e-01  2 1.095e+03 1.095e+00  1  0   0  0   0   1         0
9948.200  9.948  0   0  1 3.352e+04 3.352e+01  0 5.512e+03 5.512e+00  1  0   0  0   0   1         0
9916.913  9.917  0   0  6 7.177e+02 7.177e-01  6 8.121e+00 8.121e-03  1  0   0  0   0   1         0
9912.421  9.912  0   0  4 1.993e+03 1.993e+00  4 1.512e+04 1.512e+01  1  0   0  0   0   1         0
9910.652  9.911  0   0  1 1.415e+03 1.415e+00  0 1.421e+03 1.421e+00  1  0   0  0   0   1         0
9903.503  9.904  0   0  1 1.983e+04 1.983e+01  0 4.241e+03 4.241e+00  1  0   0  0   0   1         0
9922.999  9.923  0   0  5 8.514e+01 8.514e-02  0 4.068e+03 4.068e+00  1  0   0  0   0   1         0
9902.102  9.902  0   0  2 1.115e+03 1.115e+00  2 2.758e+02 2.758e-01  1  0   0  0   0   1         0
9908.126  9.908  0   0  0 2.341e+03 2.341e+00  0 8.830e+01 8.830e-02  1  0   0  0   0   1         0
9900.267  9.900  0   0  3 1.511e+04 1.511e+01  0 7.046e+03 7.046e+00  1  0   0  0   0   1         0
9908.820  9.909  0   0  1 5.092e+03 5.092e+00  0 9.959e+03 9.959e+00  1  0   0  0   0   1         0
9949.765  9.950  0   0  6 1.567e+03 1.567e+00  6 1.879e+03 1.879e+00  1  0   0  0   0   1         0
9927.220  9.927  0   0  4 4.195e+03 4.195e+00  4 1.853e+03 1.853e+00  1  0   0  0   0   1         0
9903.395  9.903  0   0  4 3.222e+03 3.222e+00  4 1.339e+04 1.339e+01  1  0   0  0   0   1         0
9928.353  9.928  0   0  4 1.178e+04 1.178e+01  4 3.698e+00 3.698e-03  1  0   0  0   0   1         0
9930.181  9.930  0   0  0 1.259e+03 1.259e+00  0 1.236e+02 1.236e-01  1  0   0  0   0   1         0
9927.533  9.928  0   0  1 4.710e+04 4.710e+01  0 2.861e+03 2.861e+00  1  0   0  0   0   1         0
9916.932  9.917  0   0  4 8.955e+01 8.955e-02  4 3.034e+04 3.034e+01  1  0   0  0   0   1         0
9932.995  9.933  0   0  3 5.358e+02 5.358e-01  0 7.471e+02 7.471e-01  1  0   0  0   0   1         0
9907.203  9.907  0   0  0 1.553e+03 1.553e+00  0 1.783e+03 1.783e+00  1  0   0  0   0   1         0
9911.080  9.911  0   0  2 3.733e+03 3.733e+00  2 2.563e+04 2.563e+01  1  0   0  0   0   1         0
9949.739  9.950  0   0  1 6.445e+03 6.445e+00  0 3.852e+04 3.852e+01  1  0   0  0   0   1         0
9920.924  9.921  0   0  4 1.820e+03 1.820e+00  4 2.573e+04 2.573e+01  1  0   0  0   0   1         0
9907.465  9.907  0   0  0 5.689e+02 5.689e-01  0 1.873e+03 1.873e+00  1  0   0  0   0   1         0
9910.953  9.911  0   0  0 3.557e+03 3.557e+00  0 1.663e+04 1.663e+01  1  0   0  0   0   1         0
9936.324  9.936  0   0  2 5.064e+03 5.064e+00  2 3.910e+03 3.910e+00  1  0   0  0   0   1         0
9905.874  9.906  0   0  7 2.539e+04 2.539e+01  0 1.087e+03 1.087e+00  1  0   0  0   0   1         0
9917.835  9.918  0   0  2 9.572e+03 9.572e+00  2 4.504e+03 4.504e+00  1  0   0  0   0   1         0
9916.551  9.917  0   0  5 1.517e+02 1.517e-01  0 1.682e+04 1.682e+01  1  0   0  0   0   1         0
9911.504  9.912  0   0  2 4.942e+02 4.942e-01  2 3.690e+03 3.690e+00  1  0   0  0   0   1         0
9923.990  9.924  0   0  3 9.102e+01 9.102e-02  0 3.254e+04 3.254e+01  1  0   0  0   0   1         0
9905.565  9.906  0   0  1 2.609e+03 2.609e+00  0 4.650e+01 4.650e-02  1  0   0  0   0   1         0
9922.975  9.923  0   0  4 2.426e+03 2.426e+00  4 5.560e+00 5.560e-03  1  0   0  0   0   1         0
9901.650  9.902  0   0  3 9.955e+03 9.955e+00  0 1.276e+04 1.276e+01  1  0   0  0   0   1         0
9948.534  9.949  0   0  4 6.573e+02 6.573e-01  4 4.053e+04 4.053e+01  1  0   0  0   0   1         0
9930.385  9.930  0   0  4 6.865e+03 6.865e+00  4 2.426e+04 2.426e+01  1  0   0  0   0   1         0
9903.795  9.904  0   0  1 3.251e+03 3.251e+00  0 2.160e+04 2.160e+01  1  0   0  0   0   1         0
9909.628  9.910  0   0  4 4.869e+02 4.869e-01  4 3.840e+03 3.840e+00  1  0   0  0   0   1         0
9936.937  9.937  0   0  3 4.092e+01 4.092e-02  0 1.945e+04 1.945e+01  1  0   0  0   0   1         0
9936.699  9.937  0   0  4 6.539e+02 6.539e-01  4 1.109e+04 1.109e+01  1  0   0  0   0   1         0
9918.387  9.918  0   0  4 4.630e+03 4.630e+00  4 3.170e+04 3.170e+01  1  0   0  0   0   1         0
9907.497  9.907  0   0  3 6.145e+01 6.145e-02  0 2.104e+03 2.104e+00  1  0   0  0   0   1         0
9926.944  9.927  0   0  4 1.831e+04 1.831e+01  4 1.333e+04 1.333e+01  1  0   0  0   0   1         0
9913.939  9.914  0   0  4 1.060e+04 1.060e+01  4 6.657e+03 6.657e+00  1  0   0  0   0   1         0
9904.893  9.905  0   0  2 5.533e+02 5.533e-01  2 2.779e+02 2.779e-01  1  0   0  0   0   1         0
9917.434  9.917  0   0  1 2.140e+02 2.140e-01  0 8.951e+03 8.951e+00  1  0   0  0   0   1         0
9937.661  9.938  0   0  6 1.271e+04 1.271e+01  6 5.237e+04 5.237e+01  1  0   0  0   0   1         0
9917.843  9.918  0   0  3 1.984e+02 1.984e-01  0 6.392e+02 6.392e-01  1  0   0  0   0   1         0
9902.062  9.902  0   0  5 8.285e+03 8.285e+00  0 1.075e+03 1.075e+00  1  0   0  0   0   1         0
9906.083  9.906  0   0  3 1.352e+03 1.352e+00  0 2.900e+03 2.900e+00  1  0   0  0   0   1         0
9929.959  9.930  0   0  2 1.643e+03 1.643e+00  2 4.286e+02 4.286e-01  1  0   0  0   0   1         0
9926.255  9.926  0   0  4 1.036e+02 1.036e-01  4 5.102e+01 5.102e-02  1  0   0  0   0   1         0
9982.309  9.982  0   0  2 5.158e+02 5.158e-01  2 9.750e+02 9.750e-01  1  0   0  0   0   1         0
9997.074  9.997  0   0  5 5.732e+02 5.732e-01  0 4.626e+03 4.626e+00  1  0   0  0   0   1         0
9956.733  9.957  0   0  0 6.138e+03 6.138e+00  0 1.961e+04 1.961e+01  1  0   0  0   0   1         0
9964.335  9.964  0   0  2 1.446e+04 1.446e+01  2 4.583e+04 4.583e+01  1  0   0  0   0   1         0
9993.359  9.993  0   0  1 5.002e+02 5.002e-01  0 3.325e+02 3.325e-01  1  0   0  0   0   1         0
9975.428  9.975  0   0  6 7.923e+01 7.923e-02  6 3.153e+03 3.153e+00  1  0   0  0   0   1         0
9971.498  9.971  0   0  3 1.294e+04 1.294e+01  0 6.754e+03 6.754e+00  1  0   0  0   0   1         0
9973.806  9.974  0   0  5 1.574e+03 1.574e+00  0 6.731e+01 6.731e-02  1  0   0  0   0   1         0
9955.109  9.955  0   0  7 3.412e+03 3.412e+00  0 3.793e+03 3.793e+00  1  0   0  0   0   1         0
9961.079  9.961  0   0  1 6.124e+02 6.124e-01  0 1.375e+04 1.375e+01  1  0   0  0   0   1         0
9998.122  9.998  0   0  2 4.503e+01 4.503e-02  2 6.794e+03 6.794e+00  1  0   0  0   0   1         0
9982.304  9.982  0   0  4 1.188e+04 1.188e+01  4 8.817e+04 8.817e+01  1  0   0  0   0   1         0
9964.433  9.964  0   0  0 8.823e+02 8.823e-01  0 2.434e+03 2.434e+00  1  0   0  0   0   1         0
9997.377  9.997  0   0  5 9.670e+03 9.670e+00  0 4.235e+03 4.235e+00  1  0   0  0   0   1         0
9970.014  9.970  0   0  0 2.419e+03 2.419e+00  0 2.198e+04 2.198e+01  1  0   0  0   0   1         0
9957.114  9.957  0   0  1 2.980e+02 2.980e-01  0 2.050e+03 2.050e+00  1  0   0  0   0   1         0
9998.285  9.998  0   0  5 3.765e+00 3.765e-03  0 9.072e+02 9.072e-01  1  0   0  0   0   1         0
9983.425  9.983  0   0  3 1.702e+03 1.702e+00  0 2.808e+04 2.808e+01  1  0   0  0   0   1         0
9987.748  9.988  0   0  4 4.092e+03 4.092e+00  4 1.797e+03 1.797e+00  1  0   0  0   0   1         0
9951.138  9.951  0   0  2 2.990e+03 2.990e+00  2 2.062e+04 2.062e+01  1  0   0  0   0   1         0
9964.275  9.964  0   0  3 1.902e+03 1.902e+00  0 2.106e+03 2.106e+00  1  0   0  0   0   1         0
9997.301  9.997  0   0  5 1.720e+02 1.720e-01  0 3.440e+04 3.440e+01  1  0   0  0   0   1         0
9957.853  9.958  0   0  2 4.250e+02 4.250e-01  2 4.428e+03 4.428e+00  1  0   0  0   0   1         0
9993.737  9.994  0   0  4 6.859e+00 6.859e-03  4 2.110e+03 2.110e+00  1  0   0  0   0   1         0
9988.625  9.989  0   0  2 5.138e+03 5.138e+00  2 6.977e+03 6.977e+00  1  0   0  0   0   1         0
9969.062  9.969  0   0  5 1.633e+04 1.633e+01  0 1.120e+04 1.120e+01  1  0   0  0   0   1         0
9994.394  9.994  0   0  5 1.311e+04 1.311e+01  0 1.172e+04 1.172e+01  1  0   0  0   0   1         0
9996.176  9.996  0   0  3 2.066e+02 2.066e-01  0 1.724e+03 1.724e+00  1  0   0  0   0   1         0
9993.409  9.993  0   0  7 5.807e+03 5.807e+00  0 4.187e+03 4.187e+00  1  0   0  0   0   1         0
9970.514  9.971  0   0  4 1.965e+02 1.965e-01  4 2.500e+04 2.500e+01  1  0   0  0   0   1         0
9979.497  9.979  0   0  4 1.328e+04 1.328e+01  4 4.331e+04 4.331e+01  1  0   0  0   0   1         0
9965.430  9.965  0   0  3 3.109e+00 3.109e-03  0 1.467e+03 1.467e+00  1  0   0  0   0   1         0
9956.564  9.957  0   0  5 1.113e+02 1.113e-01  0 1.466e+04 1.466e+01  1  0   0  0   0   1         0
9995.156  9.995  0   0  3 4.401e+02 4.401e-01  0 1.760e+03 1.760e+00  1  0   0  0   0   1         0
9999.068  9.999  0   0  0 8.299e+01 8.299e-02  0 9.025e+02 9.025e-01  1  0   0  0   0   1         0
9952.961  9.953  0   0  1 1.315e+04 1.315e+01  0 7.925e+03 7.925e+00  1  0   0  0   0   1         0
9984.511  9.985  0   0  0 9.318e+03 9.318e+00  0 3.212e+03 3.212e+00  1  0   0  0   0   1         0
9997.490  9.997  0   0  4 1.308e+04 1.308e+01  4 8.834e+02 8.834e-01  1  0   0  0   0   1         0
9980.533  9.981  0   0  0 1.272e+03 1.272e+00  0 1.227e+03 1.227e+00  1  0   0  0   0   1         0
9952.381  9.952  0   0  8 5.179e+01 5.179e-02  8 1.670e+02 1.670e-01  1  0   0  0   0   1         0
9950.754  9.951  0   0  0 5.505e+02 5.505e-01  0 8.096e+00 8.096e-03  1  0   0  0   0   1         0
9975.350  9.975  0   0  5 1.400e+03 1.400e+00  0 3.109e+04 3.109e+01  1  0   0  0   0   1         0
9997.029  9.997  0   0  3 1.384e+03 1.384e+00  0 1.204e+03 1.204e+00  1  0   0  0   0   1         0
9964.060  9.964  0   0  4 1.521e+03 1.521e+00  4 1.315e+04 1.315e+01  1  0   0  0   0   1         0
9967.648  9.968  0   0  3 3.056e+02 3.056e-01  0 1.969e+04 1.969e+01  1  0   0  0   0   1         0
9989.893  9.990  0   0  6 2.219e+04 2.219e+01  6 2.386e+02 2.386e-01  1  0   0  0   0   1         0
9990.174  9.990  0   0  2 5.733e+03 5.733e+00  2 3.931e+03 3.931e+00  1  0   0  0   0   1         0
9997.212  9.997  0   0  2 1.845e+03 1.845e+00  2 1.846e+02 1.846e-01  1  0   0  0   0   1         0
9992.011  9.992  0   0  0 7.302e+03 7.302e+00  0 1.771e+04 1.771e+01  1  0   0  0   0   1         0
9979.835  9.980  0   0  1 8.067e+02 8.067e-01  0 3.743e+03 3.743e+00  1  0   0  0   0   1         0
9996.970  9.997  0   0  1 1.377e+03 1.377e+00  0 9.202e+01 9.202e-02  1  0   0  0   0   1         0
9980.857  9.981  0   0  4 1.493e+03 1.493e+00  4 1.040e+04 1.040e+01  1  0   0  0   0   1         0
9980.217  9.980  0   0  5 7.284e+03 7.284e+00  0 1.646e+04 1.646e+01  1  0   0  0   0   1         0
9950.784  9.951  0   0  4 8.228e+02 8.228e-01  4 3.845e+03 3.845e+00  1  0   0  0   0   1         0
9972.916  9.973  0   0  3 2.203e+02 2.203e-01  0 1.228e+04 1.228e+01  1  0   0  0   0   1         0
9952.171  9.952  0   0  4 3.408e+03 3.408e+00  4 1.855e+02 1.855e-01  1  0   0  0   0   1         0
9994.990  9.995  0   0  3 1.025e+04 1.025e+01  0 5.725e+02 5.725e-01  1  0   0  0   0   1         0
9950.530  9.951  0   0  3 8.753e+02 8.753e-01  0 2.250e+02 2.250e-01  1  0   0  0   0   1         0
9965.474  9.965  0   0  2 3.026e+02 3.026e-01  2 4.460e+03 4.460e+00  1  0   0  0   0   1         0
9999.756 10.000  0   0  3 3.740e+02 3.740e-01  0 6.718e+04 6.718e+01  1  0   0  0   0   1         0
9989.847  9.990  0   0  3 2.904e+03 2.904e+00  0 1.478e+04 1.478e+01  1  0   0  0   0   1         0
9987.989  9.988  0   0  1 9.452e+02 9.452e-01  0 2.384e+03 2.384e+00  1  0   0  0   0   1         0
9985.762  9.986  0   0  7 5.264e+02 5.264e-01  0 1.184e+04 1.184e+01  1  0   0  0   0   1         0
9952.590  9.953  0   0  1 1.518e+03 1.518e+00  0 2.454e+01 2.454e-02  1  0   0  0   0   1         0
9964.529  9.965  0   0  3 3.994e+03 3.994e+00  0 4.059e+03 4.059e+00  1  0   0  0   0   1         0
9990.015  9.990  0   0  2 1.707e+02 1.707e-01  2 1.803e+03 1.803e+00  1  0   0  0   0   1         0
9994.831  9.995  0   0  2 1.158e+04 1.158e+01  2 1.100e+02 1.100e-01  1  0   0  0   0   1         0
9967.635  9.968  0   0  0 4.624e+01 4.624e-02  0 1.997e+02 1.997e-01  1  0   0  0   0   1         0
9963.082  9.963  0   0  4 3.954e+03 3.954e+00  4 1.613e+04 1.613e+01  1  0   0  0   0   1         0
9961.900  9.962  0   0  5 4.978e+03 4.978e+00  0 5.338e+03 5.338e+00  1  0   0  0   0   1         0
9977.546  9.978  0   0  1 8.781e+03 8.781e+00  0 1.769e+02 1.769e-01  1  0   0  0   0   1         0
9964.694  9.965  0   0  5 3.832e+03 3.832e+00  0 3.429e+04 3.429e+01  1  0   0  0   0   1         0
9951.079  9.951  0   0  2 7.933e+03 7.933e+00  2 4.954e+03 4.954e+00  1  0   0  0   0   1         0
9969.675  9.970  0   0  3 2.111e+03 2.111e+00  0 2.341e+03 2.341e+00  1  0   0  0   0   1         0
9977.829  9.978  0   0  6 5.204e+02 5.204e-01  6 1.108e+02 1.108e-01  1  0   0  0   0   1         0
9981.846  9.982  0   0  2 1.432e+02 1.432e-01  2 1.414e+04 1.414e+01  1  0   0  0   0   1         0
9967.278  9.967  0   0  3 1.458e+02 1.458e-01  0 1.952e+03 1.952e+00  1  0   0  0   0   1         0
9965.820  9.966  0   0  7 7.079e+03 7.079e+00  0 1.223e+04 1.223e+01  1  0   0  0   0   1         0
9964.312  9.964  0   0  2 2.247e+03 2.247e+00  2 2.740e+03 2.740e+00  1  0   0  0   0   1         0
9981.302  9.981  0   0  4 5.504e+02 5.504e-01  4 3.474e+02 3.474e-01  1  0   0  0   0   1         0
9964.299  9.964  0   0  4 8.857e+02 8.857e-01  4 2.076e+03 2.076e+00  1  0   0  0   0   1         0
9995.886  9.996  0   0  4 3.218e+03 3.218e+00  4 1.007e+04 1.007e+01  1  0   0  0   0   1         0
9964.202  9.964  0   0  1 6.337e+03 6.337e+00  0 5.678e+01 5.678e-02  1  0   0  0   0   1         0
9989.642  9.990  0   0  4 6.207e+02 6.207e-01  4 2.225e+04 2.225e+01  1  0   0  0   0   1         0
9966.113  9.966  0   0  3 1.396e+04 1.396e+01  0 1.402e+03 1.402e+00  1  0   0  0   0   1         0
9981.871  9.982  0   0  3 7.974e+03 7.974e+00  0 6.557e+03 6.557e+00  1  0   0  0   0   1         0
9985.072  9.985  0   0  0 3.242e+03 3.242e+00  0 1.109e+02 1.109e-01  1  0   0  0   0   1         0
9958.802  9.959  0   0  0 1.475e+03 1.475e+00  0 1.668e+04 1.668e+01  1  0   0  0   0   1         0
9969.135  9.969  0   0  1 3.257e+03 3.257e+00  0 2.636e+02 2.636e-01  1  0   0  0   0   1         0
9956.444  9.956  0   0  5 1.069e+03 1.069e+00  0 6.970e+02 6.970e-01  1  0   0  0   0   1         0
9975.677  9.976  0   0  3 9.575e+02 9.575e-01  0 3.000e+02 3.000e-01  1  0   0  0   0   1         0
9995.518  9.996  0   0  4 7.402e+02 7.402e-01  4 3.348e+04 3.348e+01  1  0   0  0   0   1         0
9979.951  9.980  0   0  2 8.207e+03 8.207e+00  2 1.040e+04 1.040e+01  1  0   0  0   0   1         0
9985.203  9.985  0   0  4 1.273e+04 1.273e+01  4 1.902e+03 1.902e+00  1  0   0  0   0   1         0
9964.271  9.964  0   0  3 1.098e+01 1.098e-02  0 2.545e+04 2.545e+01  1  0   0  0   0   1         0
9973.555  9.974  0   0  0 5.869e+03 5.869e+00  0 1.719e+04 1.719e+01  1  0   0  0   0   1         0
9987.149  9.987  0   0  0 1.434e+02 1.434e-01  0 4.491e+03 4.491e+00  1  0   0  0   0   1         0
9956.632  9.957  0   0  5 8.322e+03 8.322e+00  0 1.668e+02 1.668e-01  1  0   0  0   0   1         0
9956.148  9.956  0   0  0 7.517e+01 7.517e-02  0 3.970e+04 3.970e+01  1  0   0  0   0   1         0
9961.323  9.961  0   0  0 1.786e+04 1.786e+01  0 7.343e+03 7.343e+00  1  0   0  0   0   1         0
9961.945  9.962  0   0  2 8.126e+02 8.126e-01  2 6.885e+03 6.885e+00  1  0   0  0   0   1         0
9998.141  9.998  0   0  2 2.419e+03 2.419e+00  2 3.082e+02 3.082e-01  1  0   0  0   0   1         0
9958.008  9.958  0   0  9 6.434e+03 6.434e+00  0 1.273e+04 1.273e+01  1  0   0  0   0   1         0
9955.312  9.955  0   0  4 1.463e+00 1.463e-03  4 2.220e+02 2.220e-01  1  0   0  0   0   1         0
9956.953  9.957  0   0  4 6.426e+02 6.426e-01  4 9.529e+03 9.529e+00  1  0   0  0   0   1         0
9960.240  9.960  0   0  0 1.656e+04 1.656e+01  0 7.584e+03 7.584e+00  1  0   0  0   0   1         0
9968.571  9.969  0   0  9 7.428e+03 7.428e+00  0 2.115e+03 2.115e+00  1  0   0  0   0   1         0
9959.950  9.960  0   0  3 1.441e+03 1.441e+00  0 3.216e+03 3.216e+00  1  0   0  0   0   1         0
9954.437  9.954  0   0  7 5.137e+03 5.137e+00  0 3.228e+03 3.228e+00  1  0   0  0   0   1         0
9956.900  9.957  0   0  1 1.039e+02 1.039e-01  0 2.960e+02 2.960e-01  1  0   0  0   0   1         0
9989.579  9.990  0   0  0 4.944e+02 4.944e-01  0 7.041e+03 7.041e+00  1  0   0  0   0   1         0
9976.148  9.976  0   0  2 7.864e+02 7.864e-01  2 5.675e+02 5.675e-01  1  0   0  0   0   1         0
9987.403  9.987  0   0  4 8.377e+03 8.377e+00  4 6.997e+03 6.997e+00  1  0   0  0   0   1         0
9958.920  9.959  0   0  1 8.554e+00 8.554e-03  0 6.616e+03 6.616e+00  1  0   0  0   0   1         0
9965.382  9.965  0   0  0 7.409e+02 7.409e-01  0 6.533e+03 6.533e+00  1  0   0  0   0   1         0
9999.125  9.999  0   0  1 3.889e+03 3.889e+00  0 2.061e+02 2.061e-01  1  0   0  0   0   1         0
9954.329  9.954  0   0  1 8.499e+02 8.499e-01  0 1.702e+04 1.702e+01  1  0   0  0   0   1         0
9972.076  9.972  0   0  2 9.523e+03 9.523e+00  2 4.566e+04 4.566e+01  1  0   0  0   0   1         0
9964.909  9.965  0   0  4 3.414e+03 3.414e+00  4 1.151e+04 1.151e+01  1  0   0  0   0   1         0
9950.371  9.950  0   0  2 5.397e+02 5.397e-01  2 3.105e+03 3.105e+00  1  0   0  0   0   1         0
9977.765  9.978  0   0  1 1.003e+03 1.003e+00  0 7.295e+02 7.295e-01  1  0   0  0   0   1         0
9977.643  9.978  0   0  3 1.410e+03 1.410e+00  0 2.970e+04 2.970e+01  1  0   0  0   0   1         0
9966.150  9.966  0   0  1 1.502e+03 1.502e+00  0 1.250e+03 1.250e+00  1  0   0  0   0   1         0
9973.757  9.974  0   0  3 2.785e+02 2.785e-01  0 1.066e+02 1.066e-01  1  0   0  0   0   1         0
9969.736  9.970  0   0  3 2.101e+02 2.101e-01  0 2.212e+02 2.212e-01  1  0   0  0   0   1         0
9973.354  9.973  0   0  1 5.473e+03 5.473e+00  0 3.279e+03 3.279e+00  1  0   0  0   0   1         0
9992.476  9.992  0   0  6 6.538e+03 6.538e+00  6 1.655e+03 1.655e+00  1  0   0  0   0   1         0
9985.816  9.986  0   0  2 2.301e+03 2.301e+00  2 3.972e+03 3.972e+00  1  0   0  0   0   1         0
*************************************************** *************************************************** **********
Upper Limits of Resonances
Note: enter partial width upper limit by chosing non-zero va lue for PT, where PT=<theta^2> for particles and...
Note: ...PT=<B> for g-rays [enter: "upper_limit 0.0"]; for each resonance: # upper limits < # open channels!
Ecm DEcm Jr G1 DG1 L1 PT DPT G2 DG2 L2 PT DPT G3 DG3 L3 PT DPT Exf Int
497.38 0.08 2 9.28e-12 0 2 0.01 0 2.58e3 2.4e1 0 0 0 1.73 3e-2 1 0 0 0.0 1
548.16 0.10 2 3.80e-8 0 2 0.01 0 4.64e3 1.0e2 1 0 0 4.56 0.29 1 0 0 0.0 1
556.28 0.16 2 1.50e-8 0 2 0.01 0 1.44 1.6e-1 2 0 0 3.0 1.5 1 0 0 0.0 0
568.27 0.19 1 2.08e-7 0 1 0.01 0 5.40e-1 8.8e-2 1 0 0 3.0 1.5 1 0 0 0.0 0
628.43 0.10 2 2.40e-8 0 2 0.01 0 4.51e3 1.1e2 1 0 0 7.42 0.60 1 0 0 0.0 1
659.32 0.12 2 2.20e-8 0 2 0.01 0 5.40e2 5.4e1 0 0 0 3.24 0.35 1 0 0 0.0 1
665.11 0.11 4 1.44e-8 0 4 0.01 0 1.51e3 3.4e1 1 0 0 5.9e-1 2.4e-1 1 0 0 0.0 1
670.81 0.13 1 2.57e-8 0 1 0.01 0 1.26e3 1.0e2 1 0 0 7.9e-1 4.6e-1 1 0 0 0.0 1
671.59 0.12 2 1.54e-8 0 2 0.01 0 1.28e1 6.0 2 0 0 4.26 0.60 1 0 0 0.0 1
674.36 0.25 2 1.54e-8 0 2 0.01 0 1.54 0.46 1 0 0 3.0 1.5 1 0 0 0.0 0
681.21 0.13 3 1.43e-8 0 3 0.01 0 8.06e3 1.2e2 1 0 0 3.31 0.73 1 0 0 0.0 1
695.95 0.35 1 5.34e-9 0 1 0.01 0 1.12 0.40 1 0 0 3.0 1.5 1 0 0 0.0 0
711.34 0.54 1 4.11e-8 0 1 0.01 0 6.0e-1 3.2e-1 1 0 0 3.0 1.5 1 0 0 0.0 0
713.40 0.14 1 1.67e-7 0 1 0.01 0 4.24e2 8.6e1 1 0 0 3.63 0.47 1 0 0 0.0 1
714.34 0.55 1 4.12e-8 0 1 0.01 0 2.8 1.0 1 0 0 3.0 1.5 1 0 0 0.0 0
722.12 0.56 1 4.17e-8 0 1 0.01 0 1.42 0.56 1 0 0 3.0 1.5 1 0 0 0.0 0
729.15 0.15 2 4.00e-8 0 2 0.01 0 1.53e2 4.2e1 1 0 0 1.18 0.27 1 0 0 0.0 1
730.03 0.16 4 4.68e-9 0 4 0.01 0 4.13e3 1.9e2 3 0 0 1.82 0.38 1 0 0 0.0 1
777.78 0.16 5 3.34e-9 0 5 0.01 0 2.90e2 1.9e1 2 0 0 3.0 1.5 1 0 0 0.0 1
*************************************************** *************************************************** **********
Interference between Resonances [numerical integration o nly]
Note: + for positive, - for negative interference; +- if inte rference sign is unknown
Ecm DEcm Jr G1 DG1 L1 PT DPT G2 DG2 L2 PT DPT G3 DG3 L3 PT DPT Exf
!+-
0.0 0.0 0.0 0.0 0.0 0 0 0 0.0 0.0 0 0 0 0.0 0.0 0 0 0 0.0
0.0 0.0 0.0 0.0 0.0 0 0 0 0.0 0.0 0 0 0 0.0 0.0 0 0 0 0.0
*************************************************** *************************************************** **********
Comments:
1. Including results from Longland et al. 2009.
2. The 704 keV resonance is considered to be the same as the one seen in the 22Ne(a,g)26Mg reaction.
References: Longland et al. [135].
