34Ar(a,p)37K
*************************************************** *************************************************** **********
2 ! Zproj
18 ! Ztarget
1 ! Zexitparticle (=0 when only 2 channels open)
4.003 ! Aproj
34 ! Atarget
1.009 ! Aexitparticle (=0 when only 2 channels open)
0.0 ! Jproj
0.0 ! Jtarget
0.5 ! Jexitparticle (=0 when only 2 channels open)
6105.12587 ! projectile separation energy (keV)
4547.273064 ! exit particle separation energy (=0 when only 2 channels open)
1.25 ! Radius parameter R0 (fm)
3 ! Gamma-ray channel number (=2 if ejectile is a g-ray; =3 otherwise)
*************************************************** *************************************************** **********
1.0 ! Minimum energy for numerical integration (keV)
1 ! Number of random samples (>5000 for better statistics )
0 ! =0 for rate output at all temperatures; =NT for rate output at selected temperatures
0 0 ! (Res, E) =0 for no correlation. =1 for correlation
*************************************************** *************************************************** **********
Nonresonant Contribution
S(keVb) S’(b) S’’(b/keV) fracErr Cutoff Energy (keV)
0.0 0.0 0.0 0.0 0.0
0.0 0.0 0.0 0.0 0.0
*************************************************** *************************************************** **********
Resonant Contribution
Note: G1 = entrance channel, G2 = exit channel, G3 = spectator channel !! Ecm, Exf in (keV); wg, Gx in (eV) !!
Note: if Er<0, theta^2=C2S*theta_sp^2 must be entered inst ead of entrance channel partial width
Ecm      DEcm   wg Dwg Jr G1        DG1       L1 G2        DG2       L2 G3 DG3 L3 Exf Int Corr/Frac
 105.170  0.105  0   0  4 2.514e+03 2.514e+00  4 2.638e+01 2.638e-02  1  0   0  0   0   1         0
 132.830  0.133  0   0  0 1.979e+03 1.979e+00  0 2.558e+02 2.558e-01  1  0   0  0   0   1         0
 153.072  0.153  0   0  2 4.095e+02 4.095e-01  2 3.190e+03 3.190e+00  1  0   0  0   0   1         0
 200.084  0.200  0   0  0 2.468e+03 2.468e+00  0 2.279e+03 2.279e+00  1  0   0  0   0   1         0
 205.680  0.206  0   0  3 1.101e+04 1.101e+01  0 2.136e+03 2.136e+00  1  0   0  0   0   1         0
 243.228  0.243  0   0  1 5.068e+03 5.068e+00  0 2.246e+03 2.246e+00  1  0   0  0   0   1         0
 252.463  0.252  0   0  1 5.740e+03 5.740e+00  0 4.609e+01 4.609e-02  1  0   0  0   0   1         0
 345.994  0.346  0   0  0 1.170e+02 1.170e-01  0 1.199e+03 1.199e+00  1  0   0  0   0   1         0
 300.470  0.300  0   0  2 1.184e+04 1.184e+01  2 5.439e+02 5.439e-01  1  0   0  0   0   1         0
 309.527  0.310  0   0  3 6.178e+02 6.178e-01  0 4.241e+03 4.241e+00  1  0   0  0   0   1         0
 449.243  0.449  0   0  1 9.407e+03 9.407e+00  0 1.878e+04 1.878e+01  1  0   0  0   0   1         0
 460.931  0.461  0   0  0 8.506e+00 8.506e-03  0 7.440e+00 7.440e-03  1  0   0  0   0   1         0
 470.863  0.471  0   0  3 5.652e+03 5.652e+00  0 2.066e+03 2.066e+00  1  0   0  0   0   1         0
 466.026  0.466  0   0  2 1.518e+02 1.518e-01  2 1.137e+04 1.137e+01  1  0   0  0   0   1         0
 525.433  0.525  0   0  0 1.539e+02 1.539e-01  0 3.032e+04 3.032e+01  1  0   0  0   0   1         0
 549.591  0.550  0   0  2 7.132e+02 7.132e-01  2 1.001e+04 1.001e+01  1  0   0  0   0   1         0
 500.201  0.500  0   0  0 1.350e+04 1.350e+01  0 8.028e+03 8.028e+00  1  0   0  0   0   1         0
 569.873  0.570  0   0  2 6.121e+03 6.121e+00  2 1.532e+04 1.532e+01  1  0   0  0   0   1         0
 671.028  0.671  0   0  3 2.590e+03 2.590e+00  0 1.817e+02 1.817e-01  1  0   0  0   0   1         0
 675.795  0.676  0   0  1 5.053e+03 5.053e+00  0 6.526e+04 6.526e+01  1  0   0  0   0   1         0
 650.627  0.651  0   0  0 1.226e+04 1.226e+01  0 9.243e+02 9.243e-01  1  0   0  0   0   1         0
 736.726  0.737  0   0  4 1.373e+03 1.373e+00  4 1.416e+04 1.416e+01  1  0   0  0   0   1         0
 889.191  0.889  0   0  2 1.046e+02 1.046e-01  2 2.748e+04 2.748e+01  1  0   0  0   0   1         0
 905.016  0.905  0   0  0 5.944e+03 5.944e+00  0 3.198e+03 3.198e+00  1  0   0  0   0   1         0
 910.261  0.910  0   0  2 3.308e+03 3.308e+00  2 7.737e+03 7.737e+00  1  0   0  0   0   1         0
 937.228  0.937  0   0  1 3.699e+02 3.699e-01  0 3.190e+03 3.190e+00  1  0   0  0   0   1         0
 958.177  0.958  0   0  4 5.670e+02 5.670e-01  4 1.496e+04 1.496e+01  1  0   0  0   0   1         0
 984.282  0.984  0   0  1 3.903e+02 3.903e-01  0 5.607e+03 5.607e+00  1  0   0  0   0   1         0
 967.030  0.967  0   0  1 1.950e+01 1.950e-02  0 6.322e+04 6.322e+01  1  0   0  0   0   1         0
1025.196  1.025  0   0  1 8.303e+02 8.303e-01  0 2.957e+04 2.957e+01  1  0   0  0   0   1         0
1005.704  1.006  0   0  4 4.929e+01 4.929e-02  4 1.904e+03 1.904e+00  1  0   0  0   0   1         0
1054.990  1.055  0   0  3 3.829e+03 3.829e+00  0 5.612e+02 5.612e-01  1  0   0  0   0   1         0
1108.219  1.108  0   0  1 1.317e+03 1.317e+00  0 1.544e+04 1.544e+01  1  0   0  0   0   1         0
1142.780  1.143  0   0  0 2.365e+04 2.365e+01  0 3.395e+04 3.395e+01  1  0   0  0   0   1         0
1129.570  1.130  0   0  1 1.136e+04 1.136e+01  0 1.235e+03 1.235e+00  1  0   0  0   0   1         0
1137.041  1.137  0   0  3 1.356e+04 1.356e+01  0 5.809e+03 5.809e+00  1  0   0  0   0   1         0
1162.502  1.163  0   0  0 2.326e+04 2.326e+01  0 1.680e+04 1.680e+01  1  0   0  0   0   1         0
1274.845  1.275  0   0  0 1.509e+02 1.509e-01  0 5.495e+02 5.495e-01  1  0   0  0   0   1         0
1276.800  1.277  0   0  0 6.126e+02 6.126e-01  0 2.906e+02 2.906e-01  1  0   0  0   0   1         0
1277.141  1.277  0   0  1 3.695e+03 3.695e+00  0 3.293e+03 3.293e+00  1  0   0  0   0   1         0
1272.039  1.272  0   0  0 6.584e+03 6.584e+00  0 4.800e+02 4.800e-01  1  0   0  0   0   1         0
1317.341  1.317  0   0  3 3.924e+03 3.924e+00  0 1.824e+04 1.824e+01  1  0   0  0   0   1         0
1302.563  1.303  0   0  4 1.833e+03 1.833e+00  4 1.095e-01 1.095e-04  1  0   0  0   0   1         0
1317.392  1.317  0   0  0 2.217e+02 2.217e-01  0 3.171e+03 3.171e+00  1  0   0  0   0   1         0
1366.208  1.366  0   0  1 4.586e+03 4.586e+00  0 4.590e+03 4.590e+00  1  0   0  0   0   1         0
1386.534  1.387  0   0  1 3.002e+02 3.002e-01  0 2.435e+04 2.435e+01  1  0   0  0   0   1         0
1422.753  1.423  0   0  3 4.587e+03 4.587e+00  0 5.438e+04 5.438e+01  1  0   0  0   0   1         0
1444.728  1.445  0   0  3 1.553e+03 1.553e+00  0 1.280e+04 1.280e+01  1  0   0  0   0   1         0
1495.441  1.495  0   0  3 1.120e+03 1.120e+00  0 3.977e+03 3.977e+00  1  0   0  0   0   1         0
1471.221  1.471  0   0  0 4.736e+03 4.736e+00  0 2.190e+03 2.190e+00  1  0   0  0   0   1         0
1538.954  1.539  0   0  1 1.837e+02 1.837e-01  0 1.050e+04 1.050e+01  1  0   0  0   0   1         0
1543.063  1.543  0   0  0 2.827e+03 2.827e+00  0 5.806e+04 5.806e+01  1  0   0  0   0   1         0
1512.384  1.512  0   0  0 3.969e+03 3.969e+00  0 8.388e+04 8.388e+01  1  0   0  0   0   1         0
1533.452  1.533  0   0  3 5.156e+00 5.156e-03  0 2.926e+04 2.926e+01  1  0   0  0   0   1         0
1506.498  1.506  0   0  1 2.229e+04 2.229e+01  0 2.132e+03 2.132e+00  1  0   0  0   0   1         0
1624.557  1.625  0   0  1 5.699e+02 5.699e-01  0 4.265e+04 4.265e+01  1  0   0  0   0   1         0
1631.671  1.632  0   0  5 6.689e+03 6.689e+00  0 1.563e+04 1.563e+01  1  0   0  0   0   1         0
1672.887  1.673  0   0  3 7.999e+02 7.999e-01  0 7.254e+03 7.254e+00  1  0   0  0   0   1         0
1662.059  1.662  0   0  0 9.556e+03 9.556e+00  0 2.320e+03 2.320e+00  1  0   0  0   0   1         0
1741.993  1.742  0   0  0 1.454e+03 1.454e+00  0 3.671e+03 3.671e+00  1  0   0  0   0   1         0
1706.947  1.707  0   0  4 1.820e+02 1.820e-01  4 1.504e+03 1.504e+00  1  0   0  0   0   1         0
1738.761  1.739  0   0  3 1.195e+02 1.195e-01  0 6.387e+02 6.387e-01  1  0   0  0   0   1         0
1777.672  1.778  0   0  3 4.447e+03 4.447e+00  0 1.861e+02 1.861e-01  1  0   0  0   0   1         0
1775.102  1.775  0   0  1 4.833e+03 4.833e+00  0 1.768e+04 1.768e+01  1  0   0  0   0   1         0
1841.098  1.841  0   0  3 2.306e+03 2.306e+00  0 4.253e+02 4.253e-01  1  0   0  0   0   1         0
1820.894  1.821  0   0  0 2.252e+02 2.252e-01  0 9.362e+01 9.362e-02  1  0   0  0   0   1         0
1816.132  1.816  0   0  0 1.819e+03 1.819e+00  0 2.493e+01 2.493e-02  1  0   0  0   0   1         0
1837.488  1.837  0   0  4 2.697e+02 2.697e-01  4 2.666e+04 2.666e+01  1  0   0  0   0   1         0
1877.009  1.877  0   0  1 6.924e+03 6.924e+00  0 1.474e+04 1.474e+01  1  0   0  0   0   1         0
1890.997  1.891  0   0  1 4.591e+02 4.591e-01  0 1.482e+04 1.482e+01  1  0   0  0   0   1         0
1854.659  1.855  0   0  0 2.970e+02 2.970e-01  0 2.135e+04 2.135e+01  1  0   0  0   0   1         0
1869.783  1.870  0   0  5 1.799e+02 1.799e-01  0 4.135e+03 4.135e+00  1  0   0  0   0   1         0
1886.938  1.887  0   0  4 3.860e+04 3.860e+01  4 7.594e+02 7.594e-01  1  0   0  0   0   1         0
1932.859  1.933  0   0  2 2.930e+03 2.930e+00  2 1.228e+04 1.228e+01  1  0   0  0   0   1         0
1914.505  1.915  0   0  0 3.597e+03 3.597e+00  0 1.390e+03 1.390e+00  1  0   0  0   0   1         0
1936.784  1.937  0   0  3 1.013e+04 1.013e+01  0 3.050e+03 3.050e+00  1  0   0  0   0   1         0
1976.157  1.976  0   0  0 1.089e-02 1.089e-05  0 3.354e+04 3.354e+01  1  0   0  0   0   1         0
1965.790  1.966  0   0  0 1.513e+04 1.513e+01  0 4.655e+03 4.655e+00  1  0   0  0   0   1         0
1978.265  1.978  0   0  0 4.424e+02 4.424e-01  0 7.848e+02 7.848e-01  1  0   0  0   0   1         0
1983.886  1.984  0   0  0 9.395e+01 9.395e-02  0 3.726e+02 3.726e-01  1  0   0  0   0   1         0
2016.222  2.016  0   0  1 3.731e+03 3.731e+00  0 3.207e+04 3.207e+01  1  0   0  0   0   1         0
2018.251  2.018  0   0  0 1.102e+02 1.102e-01  0 2.530e+04 2.530e+01  1  0   0  0   0   1         0
2002.812  2.003  0   0  4 2.652e+03 2.652e+00  4 2.155e+03 2.155e+00  1  0   0  0   0   1         0
2018.081  2.018  0   0  2 9.063e+03 9.063e+00  2 5.005e+03 5.005e+00  1  0   0  0   0   1         0
2069.247  2.069  0   0  1 9.852e+02 9.852e-01  0 2.191e+02 2.191e-01  1  0   0  0   0   1         0
2129.674  2.130  0   0  1 1.779e+03 1.779e+00  0 4.381e+04 4.381e+01  1  0   0  0   0   1         0
2118.132  2.118  0   0  1 1.036e+03 1.036e+00  0 6.743e+03 6.743e+00  1  0   0  0   0   1         0
2183.123  2.183  0   0  1 1.142e+03 1.142e+00  0 1.839e+02 1.839e-01  1  0   0  0   0   1         0
2177.924  2.178  0   0  3 1.447e+03 1.447e+00  0 6.601e+03 6.601e+00  1  0   0  0   0   1         0
2213.026  2.213  0   0  3 2.641e+01 2.641e-02  0 3.164e+03 3.164e+00  1  0   0  0   0   1         0
2241.453  2.241  0   0  0 1.420e+01 1.420e-02  0 1.427e+04 1.427e+01  1  0   0  0   0   1         0
2246.428  2.246  0   0  2 8.191e+03 8.191e+00  2 2.999e+04 2.999e+01  1  0   0  0   0   1         0
2230.062  2.230  0   0  2 6.984e+02 6.984e-01  2 1.660e+04 1.660e+01  1  0   0  0   0   1         0
2277.018  2.277  0   0  0 3.491e+03 3.491e+00  0 2.880e+03 2.880e+00  1  0   0  0   0   1         0
2298.296  2.298  0   0  4 2.218e+03 2.218e+00  4 3.709e+03 3.709e+00  1  0   0  0   0   1         0
2298.206  2.298  0   0  1 1.340e+02 1.340e-01  0 2.319e+04 2.319e+01  1  0   0  0   0   1         0
2292.877  2.293  0   0  1 2.593e+03 2.593e+00  0 1.122e+04 1.122e+01  1  0   0  0   0   1         0
2333.583  2.334  0   0  2 4.390e+02 4.390e-01  2 7.295e+02 7.295e-01  1  0   0  0   0   1         0
2319.014  2.319  0   0  0 2.524e+04 2.524e+01  0 1.977e+04 1.977e+01  1  0   0  0   0   1         0
2331.113  2.331  0   0  0 4.428e+03 4.428e+00  0 8.846e+03 8.846e+00  1  0   0  0   0   1         0
2302.034  2.302  0   0  1 1.231e+01 1.231e-02  0 3.352e+01 3.352e-02  1  0   0  0   0   1         0
2323.274  2.323  0   0  1 1.665e+04 1.665e+01  0 4.788e+04 4.788e+01  1  0   0  0   0   1         0
2355.952  2.356  0   0  4 2.318e+02 2.318e-01  4 3.970e+04 3.970e+01  1  0   0  0   0   1         0
2353.033  2.353  0   0  1 3.427e+02 3.427e-01  0 2.779e+04 2.779e+01  1  0   0  0   0   1         0
2441.600  2.442  0   0  0 8.583e+03 8.583e+00  0 6.111e+03 6.111e+00  1  0   0  0   0   1         0
2448.811  2.449  0   0  5 5.571e+03 5.571e+00  0 4.278e+03 4.278e+00  1  0   0  0   0   1         0
2442.201  2.442  0   0  1 1.465e+03 1.465e+00  0 1.231e+02 1.231e-01  1  0   0  0   0   1         0
2447.206  2.447  0   0  1 2.116e+04 2.116e+01  0 2.541e+01 2.541e-02  1  0   0  0   0   1         0
2460.405  2.460  0   0  5 2.255e+02 2.255e-01  0 7.819e+02 7.819e-01  1  0   0  0   0   1         0
2498.803  2.499  0   0  4 2.773e+03 2.773e+00  4 8.369e+02 8.369e-01  1  0   0  0   0   1         0
2461.054  2.461  0   0  2 1.267e+04 1.267e+01  2 2.486e+03 2.486e+00  1  0   0  0   0   1         0
2475.960  2.476  0   0  0 1.832e+03 1.832e+00  0 2.939e+03 2.939e+00  1  0   0  0   0   1         0
2496.849  2.497  0   0  2 3.193e+02 3.193e-01  2 9.578e+03 9.578e+00  1  0   0  0   0   1         0
2521.904  2.522  0   0  3 2.725e+02 2.725e-01  0 7.251e+02 7.251e-01  1  0   0  0   0   1         0
2511.552  2.512  0   0  2 2.583e+03 2.583e+00  2 3.916e+03 3.916e+00  1  0   0  0   0   1         0
2574.061  2.574  0   0  0 1.587e+04 1.587e+01  0 7.475e+01 7.475e-02  1  0   0  0   0   1         0
2571.248  2.571  0   0  3 7.992e+03 7.992e+00  0 8.984e+03 8.984e+00  1  0   0  0   0   1         0
2553.383  2.553  0   0  3 1.155e+03 1.155e+00  0 1.037e+04 1.037e+01  1  0   0  0   0   1         0
2579.806  2.580  0   0  1 1.727e+03 1.727e+00  0 5.254e+03 5.254e+00  1  0   0  0   0   1         0
2561.515  2.562  0   0  2 4.438e+02 4.438e-01  2 3.533e+02 3.533e-01  1  0   0  0   0   1         0
2582.031  2.582  0   0  3 6.761e+03 6.761e+00  0 8.024e+02 8.024e-01  1  0   0  0   0   1         0
2626.629  2.627  0   0  0 1.223e+03 1.223e+00  0 4.464e+02 4.464e-01  1  0   0  0   0   1         0
2644.207  2.644  0   0  1 1.548e+02 1.548e-01  0 1.198e+04 1.198e+01  1  0   0  0   0   1         0
2638.143  2.638  0   0  2 8.010e+03 8.010e+00  2 2.043e+04 2.043e+01  1  0   0  0   0   1         0
2635.539  2.636  0   0  3 5.539e+02 5.539e-01  0 6.387e+02 6.387e-01  1  0   0  0   0   1         0
2669.752  2.670  0   0  3 2.102e+04 2.102e+01  0 9.176e+03 9.176e+00  1  0   0  0   0   1         0
2662.161  2.662  0   0  6 3.778e+03 3.778e+00  6 3.741e+04 3.741e+01  1  0   0  0   0   1         0
2687.704  2.688  0   0  2 6.293e+01 6.293e-02  2 4.677e+03 4.677e+00  1  0   0  0   0   1         0
2665.827  2.666  0   0  1 3.141e+03 3.141e+00  0 2.304e+04 2.304e+01  1  0   0  0   0   1         0
2663.764  2.664  0   0  0 8.461e+03 8.461e+00  0 3.243e+04 3.243e+01  1  0   0  0   0   1         0
2656.616  2.657  0   0  1 6.868e+02 6.868e-01  0 4.936e+04 4.936e+01  1  0   0  0   0   1         0
2672.095  2.672  0   0  2 8.389e+02 8.389e-01  2 7.824e+02 7.824e-01  1  0   0  0   0   1         0
2665.280  2.665  0   0  5 1.551e+03 1.551e+00  0 1.080e+04 1.080e+01  1  0   0  0   0   1         0
2668.609  2.669  0   0  0 9.348e+03 9.348e+00  0 3.888e+04 3.888e+01  1  0   0  0   0   1         0
2661.913  2.662  0   0  3 9.474e+03 9.474e+00  0 1.567e+03 1.567e+00  1  0   0  0   0   1         0
2713.349  2.713  0   0  3 7.608e+03 7.608e+00  0 2.285e+04 2.285e+01  1  0   0  0   0   1         0
2721.647  2.722  0   0  0 3.179e+03 3.179e+00  0 8.885e+02 8.885e-01  1  0   0  0   0   1         0
2721.775  2.722  0   0  3 7.576e+01 7.576e-02  0 1.452e+04 1.452e+01  1  0   0  0   0   1         0
2712.767  2.713  0   0  0 3.652e+02 3.652e-01  0 4.720e+03 4.720e+00  1  0   0  0   0   1         0
2782.248  2.782  0   0  1 1.555e+03 1.555e+00  0 1.504e+04 1.504e+01  1  0   0  0   0   1         0
2784.646  2.785  0   0  2 3.844e+02 3.844e-01  2 1.847e+04 1.847e+01  1  0   0  0   0   1         0
2799.159  2.799  0   0  3 6.763e+02 6.763e-01  0 1.037e+03 1.037e+00  1  0   0  0   0   1         0
2820.099  2.820  0   0  4 1.149e+04 1.149e+01  4 5.245e+01 5.245e-02  1  0   0  0   0   1         0
2801.776  2.802  0   0  1 3.863e+03 3.863e+00  0 3.380e+02 3.380e-01  1  0   0  0   0   1         0
2808.176  2.808  0   0  5 6.194e+03 6.194e+00  0 2.957e+04 2.957e+01  1  0   0  0   0   1         0
2832.096  2.832  0   0  3 9.791e+03 9.791e+00  0 1.702e+03 1.702e+00  1  0   0  0   0   1         0
2839.243  2.839  0   0  0 2.417e+03 2.417e+00  0 7.157e+03 7.157e+00  1  0   0  0   0   1         0
2810.644  2.811  0   0  3 6.430e+03 6.430e+00  0 1.839e+04 1.839e+01  1  0   0  0   0   1         0
2845.913  2.846  0   0  4 4.185e+03 4.185e+00  4 3.492e+03 3.492e+00  1  0   0  0   0   1         0
2864.318  2.864  0   0  3 1.400e+03 1.400e+00  0 3.099e+04 3.099e+01  1  0   0  0   0   1         0
2938.607  2.939  0   0  3 5.713e+00 5.713e-03  0 1.236e+04 1.236e+01  1  0   0  0   0   1         0
2916.967  2.917  0   0  2 2.913e+01 2.913e-02  2 2.740e+04 2.740e+01  1  0   0  0   0   1         0
2930.450  2.930  0   0  1 6.839e+03 6.839e+00  0 2.767e+04 2.767e+01  1  0   0  0   0   1         0
2933.048  2.933  0   0  4 4.455e+02 4.455e-01  4 1.696e+04 1.696e+01  1  0   0  0   0   1         0
2961.634  2.962  0   0  2 2.166e+03 2.166e+00  2 3.200e+04 3.200e+01  1  0   0  0   0   1         0
2951.373  2.951  0   0  1 3.276e+03 3.276e+00  0 7.788e+04 7.788e+01  1  0   0  0   0   1         0
2997.947  2.998  0   0  4 1.054e+03 1.054e+00  4 9.210e+02 9.210e-01  1  0   0  0   0   1         0
2985.612  2.986  0   0  0 4.858e+01 4.858e-02  0 1.126e+02 1.126e-01  1  0   0  0   0   1         0
2981.903  2.982  0   0  3 3.298e+03 3.298e+00  0 8.724e+03 8.724e+00  1  0   0  0   0   1         0
2987.302  2.987  0   0  3 2.610e+03 2.610e+00  0 4.111e+03 4.111e+00  1  0   0  0   0   1         0
3023.556  3.024  0   0  3 1.207e+04 1.207e+01  0 1.582e+04 1.582e+01  1  0   0  0   0   1         0
3008.584  3.009  0   0  0 5.194e+03 5.194e+00  0 1.787e+03 1.787e+00  1  0   0  0   0   1         0
3039.940  3.040  0   0  1 2.970e+03 2.970e+00  0 8.013e+03 8.013e+00  1  0   0  0   0   1         0
3013.170  3.013  0   0  0 5.300e+03 5.300e+00  0 1.086e+04 1.086e+01  1  0   0  0   0   1         0
3007.767  3.008  0   0  2 1.599e+03 1.599e+00  2 1.015e+03 1.015e+00  1  0   0  0   0   1         0
3012.447  3.012  0   0  3 5.370e+02 5.370e-01  0 6.168e+03 6.168e+00  1  0   0  0   0   1         0
3042.195  3.042  0   0  2 2.381e+03 2.381e+00  2 4.430e+04 4.430e+01  1  0   0  0   0   1         0
3016.664  3.017  0   0  2 3.603e+03 3.603e+00  2 1.060e+02 1.060e-01  1  0   0  0   0   1         0
3074.248  3.074  0   0  5 4.496e+02 4.496e-01  0 6.629e-03 6.629e-06  1  0   0  0   0   1         0
3096.132  3.096  0   0  3 6.340e+03 6.340e+00  0 6.799e+03 6.799e+00  1  0   0  0   0   1         0
3074.844  3.075  0   0  5 2.677e+02 2.677e-01  0 2.186e+03 2.186e+00  1  0   0  0   0   1         0
3073.584  3.074  0   0  1 7.170e+03 7.170e+00  0 3.658e+04 3.658e+01  1  0   0  0   0   1         0
3137.925  3.138  0   0  1 3.327e+03 3.327e+00  0 9.025e+03 9.025e+00  1  0   0  0   0   1         0
3142.570  3.143  0   0  5 3.971e+02 3.971e-01  0 2.255e+04 2.255e+01  1  0   0  0   0   1         0
3149.942  3.150  0   0  2 4.943e+04 4.943e+01  2 1.487e+03 1.487e+00  1  0   0  0   0   1         0
3111.312  3.111  0   0  2 3.048e+03 3.048e+00  2 8.936e+03 8.936e+00  1  0   0  0   0   1         0
3114.480  3.114  0   0  3 1.063e+03 1.063e+00  0 3.324e+02 3.324e-01  1  0   0  0   0   1         0
3112.646  3.113  0   0  4 1.903e+03 1.903e+00  4 1.539e+04 1.539e+01  1  0   0  0   0   1         0
3151.071  3.151  0   0  2 4.509e+00 4.509e-03  2 4.959e+02 4.959e-01  1  0   0  0   0   1         0
3165.957  3.166  0   0  2 8.900e+03 8.900e+00  2 2.492e+00 2.492e-03  1  0   0  0   0   1         0
3158.944  3.159  0   0  4 2.913e+03 2.913e+00  4 8.445e+02 8.445e-01  1  0   0  0   0   1         0
3182.938  3.183  0   0  3 3.566e+03 3.566e+00  0 5.013e+03 5.013e+00  1  0   0  0   0   1         0
3163.880  3.164  0   0  2 1.236e+03 1.236e+00  2 4.339e+01 4.339e-02  1  0   0  0   0   1         0
3153.287  3.153  0   0  3 3.249e+00 3.249e-03  0 9.215e+03 9.215e+00  1  0   0  0   0   1         0
3152.780  3.153  0   0  3 9.274e+03 9.274e+00  0 2.170e+02 2.170e-01  1  0   0  0   0   1         0
3230.319  3.230  0   0  4 2.004e+04 2.004e+01  4 2.983e+00 2.983e-03  1  0   0  0   0   1         0
3212.395  3.212  0   0  6 1.703e+04 1.703e+01  6 2.491e+04 2.491e+01  1  0   0  0   0   1         0
3202.153  3.202  0   0  3 1.664e+03 1.664e+00  0 4.844e+02 4.844e-01  1  0   0  0   0   1         0
3211.289  3.211  0   0  0 6.234e+03 6.234e+00  0 4.584e+03 4.584e+00  1  0   0  0   0   1         0
3222.900  3.223  0   0  1 1.301e+03 1.301e+00  0 9.902e+02 9.902e-01  1  0   0  0   0   1         0
3220.848  3.221  0   0  5 6.360e+03 6.360e+00  0 2.645e+04 2.645e+01  1  0   0  0   0   1         0
3208.925  3.209  0   0  4 5.582e+02 5.582e-01  4 1.136e+04 1.136e+01  1  0   0  0   0   1         0
3257.608  3.258  0   0  2 6.972e+03 6.972e+00  2 2.305e+03 2.305e+00  1  0   0  0   0   1         0
3254.470  3.254  0   0  2 1.111e+04 1.111e+01  2 5.810e+04 5.810e+01  1  0   0  0   0   1         0
3283.843  3.284  0   0  0 1.458e+04 1.458e+01  0 4.120e+02 4.120e-01  1  0   0  0   0   1         0
3267.124  3.267  0   0  3 2.144e+01 2.144e-02  0 4.013e+02 4.013e-01  1  0   0  0   0   1         0
3253.603  3.254  0   0  2 9.812e+00 9.812e-03  2 2.868e+03 2.868e+00  1  0   0  0   0   1         0
3305.491  3.305  0   0  1 2.698e+03 2.698e+00  0 9.788e+00 9.788e-03  1  0   0  0   0   1         0
3300.697  3.301  0   0  1 8.034e+03 8.034e+00  0 1.018e+01 1.018e-02  1  0   0  0   0   1         0
3312.526  3.313  0   0  3 7.751e+02 7.751e-01  0 8.777e+03 8.777e+00  1  0   0  0   0   1         0
3322.975  3.323  0   0  6 1.714e+01 1.714e-02  6 6.198e+03 6.198e+00  1  0   0  0   0   1         0
3319.846  3.320  0   0  1 1.957e+03 1.957e+00  0 2.155e+03 2.155e+00  1  0   0  0   0   1         0
3340.606  3.341  0   0  6 2.155e+03 2.155e+00  6 5.494e+01 5.494e-02  1  0   0  0   0   1         0
3363.404  3.363  0   0  0 1.715e+03 1.715e+00  0 5.184e+03 5.184e+00  1  0   0  0   0   1         0
3375.348  3.375  0   0  1 2.433e+03 2.433e+00  0 2.579e+04 2.579e+01  1  0   0  0   0   1         0
3426.677  3.427  0   0  0 1.467e+03 1.467e+00  0 1.074e+04 1.074e+01  1  0   0  0   0   1         0
3448.839  3.449  0   0  3 6.634e+02 6.634e-01  0 2.499e+03 2.499e+00  1  0   0  0   0   1         0
3409.411  3.409  0   0  2 1.247e+03 1.247e+00  2 6.853e+03 6.853e+00  1  0   0  0   0   1         0
3415.190  3.415  0   0  4 1.122e+03 1.122e+00  4 1.168e+03 1.168e+00  1  0   0  0   0   1         0
3456.601  3.457  0   0  3 2.534e+02 2.534e-01  0 5.865e+03 5.865e+00  1  0   0  0   0   1         0
3490.433  3.490  0   0  3 1.906e+00 1.906e-03  0 1.438e+03 1.438e+00  1  0   0  0   0   1         0
3496.878  3.497  0   0  0 5.516e+02 5.516e-01  0 2.211e+01 2.211e-02  1  0   0  0   0   1         0
3480.459  3.480  0   0  1 1.370e+03 1.370e+00  0 2.360e+03 2.360e+00  1  0   0  0   0   1         0
3485.632  3.486  0   0  0 6.071e+00 6.071e-03  0 1.519e+04 1.519e+01  1  0   0  0   0   1         0
3526.726  3.527  0   0  4 1.572e+04 1.572e+01  4 1.596e+04 1.596e+01  1  0   0  0   0   1         0
3515.847  3.516  0   0  1 2.087e+04 2.087e+01  0 1.787e+02 1.787e-01  1  0   0  0   0   1         0
3538.791  3.539  0   0  0 7.547e+03 7.547e+00  0 7.757e+03 7.757e+00  1  0   0  0   0   1         0
3538.335  3.538  0   0  0 7.275e+02 7.275e-01  0 3.702e+01 3.702e-02  1  0   0  0   0   1         0
3563.365  3.563  0   0  1 1.552e+04 1.552e+01  0 2.207e+03 2.207e+00  1  0   0  0   0   1         0
3569.764  3.570  0   0  2 6.330e+02 6.330e-01  2 4.732e+02 4.732e-01  1  0   0  0   0   1         0
3571.385  3.571  0   0  2 1.633e+03 1.633e+00  2 1.353e+03 1.353e+00  1  0   0  0   0   1         0
3594.026  3.594  0   0  4 3.335e+04 3.335e+01  4 4.147e+02 4.147e-01  1  0   0  0   0   1         0
3608.573  3.609  0   0  0 2.509e+03 2.509e+00  0 9.981e+03 9.981e+00  1  0   0  0   0   1         0
3640.988  3.641  0   0  5 9.986e+02 9.986e-01  0 1.270e+04 1.270e+01  1  0   0  0   0   1         0
3629.334  3.629  0   0  1 1.037e+02 1.037e-01  0 4.779e+03 4.779e+00  1  0   0  0   0   1         0
3613.274  3.613  0   0  0 1.242e+02 1.242e-01  0 5.435e+04 5.435e+01  1  0   0  0   0   1         0
3646.514  3.647  0   0  2 1.956e+03 1.956e+00  2 7.417e+02 7.417e-01  1  0   0  0   0   1         0
3605.813  3.606  0   0  1 5.582e+03 5.582e+00  0 3.084e+01 3.084e-02  1  0   0  0   0   1         0
3628.321  3.628  0   0  2 2.601e+04 2.601e+01  2 2.949e+04 2.949e+01  1  0   0  0   0   1         0
3636.156  3.636  0   0  1 1.297e+03 1.297e+00  0 1.810e+03 1.810e+00  1  0   0  0   0   1         0
3602.971  3.603  0   0  2 6.192e+02 6.192e-01  2 7.967e+02 7.967e-01  1  0   0  0   0   1         0
3630.018  3.630  0   0  3 1.440e+03 1.440e+00  0 5.881e+03 5.881e+00  1  0   0  0   0   1         0
3640.873  3.641  0   0  2 3.397e+03 3.397e+00  2 5.606e+03 5.606e+00  1  0   0  0   0   1         0
3689.767  3.690  0   0  2 1.531e+02 1.531e-01  2 5.294e+03 5.294e+00  1  0   0  0   0   1         0
3652.964  3.653  0   0  4 4.027e+03 4.027e+00  4 1.504e+04 1.504e+01  1  0   0  0   0   1         0
3671.580  3.672  0   0  4 1.268e+01 1.268e-02  4 9.605e+02 9.605e-01  1  0   0  0   0   1         0
3685.023  3.685  0   0  3 1.687e+03 1.687e+00  0 2.360e+03 2.360e+00  1  0   0  0   0   1         0
3699.342  3.699  0   0  1 8.369e+01 8.369e-02  0 1.575e+04 1.575e+01  1  0   0  0   0   1         0
3673.045  3.673  0   0  1 3.606e+04 3.606e+01  0 8.020e+03 8.020e+00  1  0   0  0   0   1         0
3654.683  3.655  0   0  1 1.493e+01 1.493e-02  0 3.828e+01 3.828e-02  1  0   0  0   0   1         0
3736.573  3.737  0   0  3 1.604e+04 1.604e+01  0 3.039e+03 3.039e+00  1  0   0  0   0   1         0
3747.468  3.747  0   0  2 7.325e+03 7.325e+00  2 9.213e+01 9.213e-02  1  0   0  0   0   1         0
3737.917  3.738  0   0  0 6.596e+02 6.596e-01  0 6.900e+03 6.900e+00  1  0   0  0   0   1         0
3723.707  3.724  0   0  2 1.356e+03 1.356e+00  2 3.944e+02 3.944e-01  1  0   0  0   0   1         0
3724.427  3.724  0   0  3 1.301e+04 1.301e+01  0 6.738e+03 6.738e+00  1  0   0  0   0   1         0
3721.930  3.722  0   0  1 4.568e+01 4.568e-02  0 1.704e+03 1.704e+00  1  0   0  0   0   1         0
3716.342  3.716  0   0  0 1.254e+04 1.254e+01  0 1.624e+02 1.624e-01  1  0   0  0   0   1         0
3726.210  3.726  0   0  0 1.186e+04 1.186e+01  0 1.842e+04 1.842e+01  1  0   0  0   0   1         0
3721.680  3.722  0   0  2 1.036e+04 1.036e+01  2 4.685e+03 4.685e+00  1  0   0  0   0   1         0
3783.369  3.783  0   0  4 5.308e+03 5.308e+00  4 1.525e+00 1.525e-03  1  0   0  0   0   1         0
3784.366  3.784  0   0  3 6.786e+03 6.786e+00  0 7.438e+03 7.438e+00  1  0   0  0   0   1         0
3763.261  3.763  0   0  2 1.143e+00 1.143e-03  2 7.374e+02 7.374e-01  1  0   0  0   0   1         0
3771.048  3.771  0   0  2 3.523e+03 3.523e+00  2 1.493e+04 1.493e+01  1  0   0  0   0   1         0
3768.443  3.768  0   0  4 5.843e+02 5.843e-01  4 1.817e+03 1.817e+00  1  0   0  0   0   1         0
3776.194  3.776  0   0  5 5.038e+03 5.038e+00  0 3.570e+03 3.570e+00  1  0   0  0   0   1         0
3773.233  3.773  0   0  2 1.100e+02 1.100e-01  2 8.050e+02 8.050e-01  1  0   0  0   0   1         0
3766.453  3.766  0   0  0 1.630e+04 1.630e+01  0 9.670e+01 9.670e-02  1  0   0  0   0   1         0
3765.378  3.765  0   0  3 7.092e+03 7.092e+00  0 1.272e+04 1.272e+01  1  0   0  0   0   1         0
3762.635  3.763  0   0  1 5.388e+03 5.388e+00  0 7.300e+03 7.300e+00  1  0   0  0   0   1         0
3768.366  3.768  0   0  2 7.051e+03 7.051e+00  2 6.012e+03 6.012e+00  1  0   0  0   0   1         0
3757.560  3.758  0   0  2 2.301e+01 2.301e-02  2 7.167e+03 7.167e+00  1  0   0  0   0   1         0
3832.975  3.833  0   0  2 3.666e+03 3.666e+00  2 1.532e+03 1.532e+00  1  0   0  0   0   1         0
3836.107  3.836  0   0  4 3.463e+03 3.463e+00  4 1.366e+04 1.366e+01  1  0   0  0   0   1         0
3832.187  3.832  0   0  3 3.450e+03 3.450e+00  0 4.090e+03 4.090e+00  1  0   0  0   0   1         0
3839.591  3.840  0   0  3 2.585e+03 2.585e+00  0 5.212e+01 5.212e-02  1  0   0  0   0   1         0
3831.350  3.831  0   0  1 1.332e+03 1.332e+00  0 5.241e+03 5.241e+00  1  0   0  0   0   1         0
3855.332  3.855  0   0  0 1.974e+04 1.974e+01  0 5.610e+03 5.610e+00  1  0   0  0   0   1         0
3867.021  3.867  0   0  1 9.734e+03 9.734e+00  0 2.357e+01 2.357e-02  1  0   0  0   0   1         0
3890.857  3.891  0   0  5 1.027e+04 1.027e+01  0 5.840e+01 5.840e-02  1  0   0  0   0   1         0
3869.279  3.869  0   0  5 2.720e+03 2.720e+00  0 4.395e+03 4.395e+00  1  0   0  0   0   1         0
3888.708  3.889  0   0  1 8.945e+01 8.945e-02  0 2.305e+04 2.305e+01  1  0   0  0   0   1         0
3890.209  3.890  0   0  1 2.903e+03 2.903e+00  0 5.470e+02 5.470e-01  1  0   0  0   0   1         0
3855.588  3.856  0   0  2 3.980e+03 3.980e+00  2 4.682e+02 4.682e-01  1  0   0  0   0   1         0
3880.545  3.881  0   0  4 4.066e+03 4.066e+00  4 9.032e+03 9.032e+00  1  0   0  0   0   1         0
3897.973  3.898  0   0  0 2.892e+04 2.892e+01  0 1.715e+04 1.715e+01  1  0   0  0   0   1         0
3870.220  3.870  0   0  0 1.825e+03 1.825e+00  0 1.282e+03 1.282e+00  1  0   0  0   0   1         0
3918.873  3.919  0   0  3 5.992e+00 5.992e-03  0 8.259e+03 8.259e+00  1  0   0  0   0   1         0
3948.510  3.949  0   0  3 2.553e+03 2.553e+00  0 2.052e+02 2.052e-01  1  0   0  0   0   1         0
3908.713  3.909  0   0  7 2.386e+00 2.386e-03  0 1.479e+04 1.479e+01  1  0   0  0   0   1         0
3916.084  3.916  0   0  2 3.879e+03 3.879e+00  2 2.635e+04 2.635e+01  1  0   0  0   0   1         0
3914.794  3.915  0   0  5 6.468e+00 6.468e-03  0 1.209e+02 1.209e-01  1  0   0  0   0   1         0
3927.280  3.927  0   0  0 1.894e+03 1.894e+00  0 5.659e+02 5.659e-01  1  0   0  0   0   1         0
3925.080  3.925  0   0  2 7.454e+03 7.454e+00  2 9.553e+03 9.553e+00  1  0   0  0   0   1         0
3932.293  3.932  0   0  1 1.810e+04 1.810e+01  0 3.399e+03 3.399e+00  1  0   0  0   0   1         0
3947.522  3.948  0   0  5 1.616e+03 1.616e+00  0 4.284e+03 4.284e+00  1  0   0  0   0   1         0
3914.356  3.914  0   0  0 1.986e+02 1.986e-01  0 1.111e+03 1.111e+00  1  0   0  0   0   1         0
3967.665  3.968  0   0  4 1.654e+04 1.654e+01  4 4.598e+04 4.598e+01  1  0   0  0   0   1         0
3994.378  3.994  0   0  2 3.043e+03 3.043e+00  2 1.710e+03 1.710e+00  1  0   0  0   0   1         0
3991.030  3.991  0   0  1 2.356e+03 2.356e+00  0 8.697e+03 8.697e+00  1  0   0  0   0   1         0
3974.755  3.975  0   0  2 9.923e+03 9.923e+00  2 1.262e+04 1.262e+01  1  0   0  0   0   1         0
3988.724  3.989  0   0  2 1.257e+04 1.257e+01  2 3.058e+04 3.058e+01  1  0   0  0   0   1         0
3963.647  3.964  0   0  4 4.677e+03 4.677e+00  4 2.030e+04 2.030e+01  1  0   0  0   0   1         0
3974.826  3.975  0   0  2 3.106e+03 3.106e+00  2 1.047e+03 1.047e+00  1  0   0  0   0   1         0
3959.947  3.960  0   0  2 1.484e+03 1.484e+00  2 4.963e+03 4.963e+00  1  0   0  0   0   1         0
3993.098  3.993  0   0  5 4.698e+01 4.698e-02  0 4.108e+03 4.108e+00  1  0   0  0   0   1         0
4023.797  4.024  0   0  3 7.779e+02 7.779e-01  0 1.171e+03 1.171e+00  1  0   0  0   0   1         0
4029.298  4.029  0   0  1 2.498e+03 2.498e+00  0 2.986e+03 2.986e+00  1  0   0  0   0   1         0
4025.253  4.025  0   0  6 1.359e+04 1.359e+01  6 2.094e+04 2.094e+01  1  0   0  0   0   1         0
4023.810  4.024  0   0  2 1.322e+04 1.322e+01  2 5.853e+03 5.853e+00  1  0   0  0   0   1         0
4041.012  4.041  0   0  4 5.689e+03 5.689e+00  4 3.304e+04 3.304e+01  1  0   0  0   0   1         0
4037.436  4.037  0   0  1 4.266e+03 4.266e+00  0 1.256e+03 1.256e+00  1  0   0  0   0   1         0
4017.253  4.017  0   0  1 1.239e+04 1.239e+01  0 5.200e+03 5.200e+00  1  0   0  0   0   1         0
4040.157  4.040  0   0  2 2.509e+03 2.509e+00  2 2.592e+03 2.592e+00  1  0   0  0   0   1         0
4042.783  4.043  0   0  1 6.560e+03 6.560e+00  0 3.836e+02 3.836e-01  1  0   0  0   0   1         0
4007.781  4.008  0   0  5 7.004e-02 7.004e-05  0 1.520e+03 1.520e+00  1  0   0  0   0   1         0
4059.194  4.059  0   0  1 3.330e+02 3.330e-01  0 2.228e+01 2.228e-02  1  0   0  0   0   1         0
4076.678  4.077  0   0  3 1.077e+04 1.077e+01  0 3.068e+04 3.068e+01  1  0   0  0   0   1         0
4085.497  4.085  0   0  4 5.415e+03 5.415e+00  4 5.676e+03 5.676e+00  1  0   0  0   0   1         0
4078.957  4.079  0   0  5 9.656e+01 9.656e-02  0 1.078e+02 1.078e-01  1  0   0  0   0   1         0
4054.723  4.055  0   0  2 4.898e+03 4.898e+00  2 1.881e+04 1.881e+01  1  0   0  0   0   1         0
4092.323  4.092  0   0  0 6.983e+03 6.983e+00  0 9.394e+03 9.394e+00  1  0   0  0   0   1         0
4058.864  4.059  0   0  1 1.747e+02 1.747e-01  0 2.192e+02 2.192e-01  1  0   0  0   0   1         0
4088.381  4.088  0   0  2 4.485e+02 4.485e-01  2 1.106e+04 1.106e+01  1  0   0  0   0   1         0
4068.211  4.068  0   0  5 1.419e+03 1.419e+00  0 1.159e+02 1.159e-01  1  0   0  0   0   1         0
4089.271  4.089  0   0  6 1.137e+04 1.137e+01  6 8.576e+03 8.576e+00  1  0   0  0   0   1         0
4134.140  4.134  0   0  4 7.649e+00 7.649e-03  4 1.639e+03 1.639e+00  1  0   0  0   0   1         0
4138.654  4.139  0   0  2 4.979e+03 4.979e+00  2 6.031e+04 6.031e+01  1  0   0  0   0   1         0
4149.913  4.150  0   0  3 2.068e+03 2.068e+00  0 2.015e+04 2.015e+01  1  0   0  0   0   1         0
4124.814  4.125  0   0  1 1.946e+03 1.946e+00  0 2.174e+04 2.174e+01  1  0   0  0   0   1         0
4103.110  4.103  0   0  3 4.394e+03 4.394e+00  0 1.763e+04 1.763e+01  1  0   0  0   0   1         0
4129.977  4.130  0   0  2 5.753e+02 5.753e-01  2 7.309e+03 7.309e+00  1  0   0  0   0   1         0
4106.032  4.106  0   0  0 7.448e+03 7.448e+00  0 2.969e+03 2.969e+00  1  0   0  0   0   1         0
4112.381  4.112  0   0  4 9.836e+02 9.836e-01  4 4.974e+04 4.974e+01  1  0   0  0   0   1         0
4116.609  4.117  0   0  2 6.777e+03 6.777e+00  2 3.527e+03 3.527e+00  1  0   0  0   0   1         0
4136.701  4.137  0   0  2 1.039e+02 1.039e-01  2 3.150e+02 3.150e-01  1  0   0  0   0   1         0
4109.306  4.109  0   0  2 3.904e+03 3.904e+00  2 8.431e+00 8.431e-03  1  0   0  0   0   1         0
4108.394  4.108  0   0  1 4.491e+02 4.491e-01  0 3.307e+03 3.307e+00  1  0   0  0   0   1         0
4102.281  4.102  0   0  0 2.504e+02 2.504e-01  0 1.206e+01 1.206e-02  1  0   0  0   0   1         0
4155.488  4.155  0   0  0 3.930e+03 3.930e+00  0 3.027e+03 3.027e+00  1  0   0  0   0   1         0
4156.426  4.156  0   0  1 4.374e+03 4.374e+00  0 6.814e+01 6.814e-02  1  0   0  0   0   1         0
4157.421  4.157  0   0  3 5.560e+03 5.560e+00  0 5.868e+03 5.868e+00  1  0   0  0   0   1         0
4199.077  4.199  0   0  2 2.295e+02 2.295e-01  2 2.562e+04 2.562e+01  1  0   0  0   0   1         0
4181.057  4.181  0   0  3 2.478e+02 2.478e-01  0 7.391e+01 7.391e-02  1  0   0  0   0   1         0
4180.690  4.181  0   0  3 3.405e+03 3.405e+00  0 1.158e+04 1.158e+01  1  0   0  0   0   1         0
4199.344  4.199  0   0  1 3.077e+03 3.077e+00  0 1.015e+04 1.015e+01  1  0   0  0   0   1         0
4216.237  4.216  0   0  1 9.495e+03 9.495e+00  0 2.161e+03 2.161e+00  1  0   0  0   0   1         0
4204.351  4.204  0   0  6 1.363e+04 1.363e+01  6 1.675e+04 1.675e+01  1  0   0  0   0   1         0
4212.365  4.212  0   0  5 2.566e+03 2.566e+00  0 1.263e+03 1.263e+00  1  0   0  0   0   1         0
4200.567  4.201  0   0  4 3.462e+03 3.462e+00  4 6.098e+03 6.098e+00  1  0   0  0   0   1         0
4249.341  4.249  0   0  1 3.213e+03 3.213e+00  0 4.520e+03 4.520e+00  1  0   0  0   0   1         0
4256.488  4.256  0   0  3 4.207e+01 4.207e-02  0 7.568e+01 7.568e-02  1  0   0  0   0   1         0
4296.574  4.297  0   0  1 3.730e+03 3.730e+00  0 2.120e+04 2.120e+01  1  0   0  0   0   1         0
4275.461  4.275  0   0  2 3.076e+03 3.076e+00  2 9.656e+03 9.656e+00  1  0   0  0   0   1         0
4291.079  4.291  0   0  6 9.192e+01 9.192e-02  6 7.498e+03 7.498e+00  1  0   0  0   0   1         0
4282.853  4.283  0   0  4 6.820e+01 6.820e-02  4 7.374e+03 7.374e+00  1  0   0  0   0   1         0
4285.643  4.286  0   0  0 6.876e+03 6.876e+00  0 3.229e+04 3.229e+01  1  0   0  0   0   1         0
4285.948  4.286  0   0  3 7.417e+02 7.417e-01  0 2.185e+03 2.185e+00  1  0   0  0   0   1         0
4293.831  4.294  0   0  2 6.606e+03 6.606e+00  2 6.820e+03 6.820e+00  1  0   0  0   0   1         0
4280.846  4.281  0   0  1 6.809e+02 6.809e-01  0 7.757e+03 7.757e+00  1  0   0  0   0   1         0
4264.052  4.264  0   0  4 3.970e+01 3.970e-02  4 1.087e+03 1.087e+00  1  0   0  0   0   1         0
4255.039  4.255  0   0  0 3.246e+02 3.246e-01  0 2.961e+03 2.961e+00  1  0   0  0   0   1         0
4338.358  4.338  0   0  1 1.473e+04 1.473e+01  0 9.388e+03 9.388e+00  1  0   0  0   0   1         0
4322.538  4.323  0   0  3 2.346e+03 2.346e+00  0 4.724e+02 4.724e-01  1  0   0  0   0   1         0
4337.603  4.338  0   0  1 3.542e+03 3.542e+00  0 1.227e+03 1.227e+00  1  0   0  0   0   1         0
4348.786  4.349  0   0  2 1.901e+03 1.901e+00  2 6.798e+02 6.798e-01  1  0   0  0   0   1         0
4323.218  4.323  0   0  2 2.526e+00 2.526e-03  2 2.050e+04 2.050e+01  1  0   0  0   0   1         0
4332.282  4.332  0   0  5 1.716e+04 1.716e+01  0 8.034e+03 8.034e+00  1  0   0  0   0   1         0
4345.984  4.346  0   0  1 4.707e+02 4.707e-01  0 9.829e+03 9.829e+00  1  0   0  0   0   1         0
4388.167  4.388  0   0  2 2.154e+01 2.154e-02  2 3.128e+03 3.128e+00  1  0   0  0   0   1         0
4365.958  4.366  0   0  1 4.233e+03 4.233e+00  0 2.256e+03 2.256e+00  1  0   0  0   0   1         0
4360.372  4.360  0   0  1 2.270e+04 2.270e+01  0 1.337e+03 1.337e+00  1  0   0  0   0   1         0
4372.845  4.373  0   0  3 1.946e+03 1.946e+00  0 5.224e+02 5.224e-01  1  0   0  0   0   1         0
4377.505  4.378  0   0  1 1.056e+03 1.056e+00  0 4.236e+03 4.236e+00  1  0   0  0   0   1         0
4396.003  4.396  0   0  1 2.824e+03 2.824e+00  0 1.116e+04 1.116e+01  1  0   0  0   0   1         0
4393.813  4.394  0   0  2 1.641e+04 1.641e+01  2 3.790e+01 3.790e-02  1  0   0  0   0   1         0
4395.853  4.396  0   0  4 1.113e+04 1.113e+01  4 1.676e+04 1.676e+01  1  0   0  0   0   1         0
4392.597  4.393  0   0  1 2.861e+02 2.861e-01  0 2.182e+04 2.182e+01  1  0   0  0   0   1         0
4398.251  4.398  0   0  4 5.744e+03 5.744e+00  4 7.635e+03 7.635e+00  1  0   0  0   0   1         0
4406.260  4.406  0   0  6 5.828e+03 5.828e+00  6 1.125e+04 1.125e+01  1  0   0  0   0   1         0
4409.406  4.409  0   0  1 5.613e+01 5.613e-02  0 1.095e+05 1.095e+02  1  0   0  0   0   1         0
4416.731  4.417  0   0  3 4.793e+04 4.793e+01  0 3.316e+01 3.316e-02  1  0   0  0   0   1         0
4403.554  4.404  0   0  2 1.820e-01 1.820e-04  2 4.844e+04 4.844e+01  1  0   0  0   0   1         0
4402.881  4.403  0   0  2 6.155e+03 6.155e+00  2 4.217e+02 4.217e-01  1  0   0  0   0   1         0
4445.850  4.446  0   0  1 6.892e+00 6.892e-03  0 1.172e+04 1.172e+01  1  0   0  0   0   1         0
4415.744  4.416  0   0  2 2.978e+03 2.978e+00  2 4.890e+02 4.890e-01  1  0   0  0   0   1         0
4488.189  4.488  0   0  0 1.145e+02 1.145e-01  0 2.540e+03 2.540e+00  1  0   0  0   0   1         0
4496.181  4.496  0   0  4 3.434e+03 3.434e+00  4 1.457e+04 1.457e+01  1  0   0  0   0   1         0
4495.881  4.496  0   0  0 7.523e+02 7.523e-01  0 1.545e+03 1.545e+00  1  0   0  0   0   1         0
4482.613  4.483  0   0  4 5.347e+03 5.347e+00  4 1.965e+04 1.965e+01  1  0   0  0   0   1         0
4496.453  4.496  0   0  1 4.362e+03 4.362e+00  0 3.964e+03 3.964e+00  1  0   0  0   0   1         0
4470.989  4.471  0   0  2 9.543e+01 9.543e-02  2 3.608e+02 3.608e-01  1  0   0  0   0   1         0
4450.183  4.450  0   0  1 1.206e+03 1.206e+00  0 3.450e+04 3.450e+01  1  0   0  0   0   1         0
4546.003  4.546  0   0  4 9.832e+01 9.832e-02  4 1.292e+02 1.292e-01  1  0   0  0   0   1         0
4515.126  4.515  0   0  0 2.175e+03 2.175e+00  0 1.068e+03 1.068e+00  1  0   0  0   0   1         0
4505.805  4.506  0   0  4 4.246e+03 4.246e+00  4 1.193e+04 1.193e+01  1  0   0  0   0   1         0
4527.962  4.528  0   0  2 2.730e+03 2.730e+00  2 2.275e+02 2.275e-01  1  0   0  0   0   1         0
4517.416  4.517  0   0  0 7.260e+02 7.260e-01  0 7.471e+02 7.471e-01  1  0   0  0   0   1         0
4540.192  4.540  0   0  3 1.795e+03 1.795e+00  0 4.962e+03 4.962e+00  1  0   0  0   0   1         0
4544.036  4.544  0   0  6 7.056e+03 7.056e+00  6 5.136e+04 5.136e+01  1  0   0  0   0   1         0
4523.782  4.524  0   0  1 2.144e+01 2.144e-02  0 1.336e+01 1.336e-02  1  0   0  0   0   1         0
4548.585  4.549  0   0  0 2.173e+04 2.173e+01  0 6.174e+03 6.174e+00  1  0   0  0   0   1         0
4527.802  4.528  0   0  1 3.911e+01 3.911e-02  0 2.128e+02 2.128e-01  1  0   0  0   0   1         0
4513.668  4.514  0   0  2 1.485e+00 1.485e-03  2 1.213e+04 1.213e+01  1  0   0  0   0   1         0
4524.602  4.525  0   0  3 1.139e+04 1.139e+01  0 2.475e+04 2.475e+01  1  0   0  0   0   1         0
4501.888  4.502  0   0  1 2.434e+04 2.434e+01  0 1.410e+01 1.410e-02  1  0   0  0   0   1         0
4568.474  4.568  0   0  4 3.426e+03 3.426e+00  4 2.768e+02 2.768e-01  1  0   0  0   0   1         0
4567.705  4.568  0   0  2 3.046e+03 3.046e+00  2 1.064e+04 1.064e+01  1  0   0  0   0   1         0
4576.383  4.576  0   0  2 1.145e+03 1.145e+00  2 7.570e+03 7.570e+00  1  0   0  0   0   1         0
4594.217  4.594  0   0  2 5.312e+03 5.312e+00  2 3.746e+02 3.746e-01  1  0   0  0   0   1         0
4564.741  4.565  0   0  5 1.260e+01 1.260e-02  0 5.285e+03 5.285e+00  1  0   0  0   0   1         0
4576.188  4.576  0   0  0 1.842e+04 1.842e+01  0 2.761e+04 2.761e+01  1  0   0  0   0   1         0
4567.142  4.567  0   0  3 3.925e+02 3.925e-01  0 6.247e+03 6.247e+00  1  0   0  0   0   1         0
4591.176  4.591  0   0  2 6.890e+02 6.890e-01  2 1.165e+04 1.165e+01  1  0   0  0   0   1         0
4557.960  4.558  0   0  0 6.548e+03 6.548e+00  0 1.148e+02 1.148e-01  1  0   0  0   0   1         0
4555.232  4.555  0   0  3 1.059e+04 1.059e+01  0 3.699e+04 3.699e+01  1  0   0  0   0   1         0
4575.300  4.575  0   0  4 2.447e+03 2.447e+00  4 9.810e+03 9.810e+00  1  0   0  0   0   1         0
4583.726  4.584  0   0  2 2.826e+01 2.826e-02  2 1.106e+03 1.106e+00  1  0   0  0   0   1         0
4639.437  4.639  0   0  1 5.512e+01 5.512e-02  0 2.220e+03 2.220e+00  1  0   0  0   0   1         0
4602.897  4.603  0   0  0 3.520e+03 3.520e+00  0 7.248e+02 7.248e-01  1  0   0  0   0   1         0
4642.588  4.643  0   0  2 1.397e+04 1.397e+01  2 1.070e+04 1.070e+01  1  0   0  0   0   1         0
4643.108  4.643  0   0  2 9.852e+03 9.852e+00  2 2.529e+01 2.529e-02  1  0   0  0   0   1         0
4617.246  4.617  0   0  5 8.411e+03 8.411e+00  0 1.787e+04 1.787e+01  1  0   0  0   0   1         0
4633.081  4.633  0   0  1 6.892e+03 6.892e+00  0 8.329e+03 8.329e+00  1  0   0  0   0   1         0
4620.272  4.620  0   0  2 3.290e+04 3.290e+01  2 4.106e+03 4.106e+00  1  0   0  0   0   1         0
4607.786  4.608  0   0  2 2.950e+03 2.950e+00  2 2.178e+04 2.178e+01  1  0   0  0   0   1         0
4626.579  4.627  0   0  5 3.092e+03 3.092e+00  0 1.199e+04 1.199e+01  1  0   0  0   0   1         0
4604.364  4.604  0   0  3 5.453e+03 5.453e+00  0 1.057e+04 1.057e+01  1  0   0  0   0   1         0
4643.985  4.644  0   0  1 2.373e+03 2.373e+00  0 1.261e-01 1.261e-04  1  0   0  0   0   1         0
4646.255  4.646  0   0  3 1.594e+02 1.594e-01  0 1.264e+04 1.264e+01  1  0   0  0   0   1         0
4641.166  4.641  0   0  2 1.191e+04 1.191e+01  2 9.248e+03 9.248e+00  1  0   0  0   0   1         0
4628.270  4.628  0   0  3 2.356e+03 2.356e+00  0 1.080e+04 1.080e+01  1  0   0  0   0   1         0
4628.024  4.628  0   0  6 5.631e+03 5.631e+00  6 7.635e+04 7.635e+01  1  0   0  0   0   1         0
4649.239  4.649  0   0  4 3.715e+03 3.715e+00  4 2.796e+04 2.796e+01  1  0   0  0   0   1         0
4669.182  4.669  0   0  0 5.578e+03 5.578e+00  0 1.070e+03 1.070e+00  1  0   0  0   0   1         0
4675.441  4.675  0   0  1 8.807e+02 8.807e-01  0 6.126e+03 6.126e+00  1  0   0  0   0   1         0
4671.757  4.672  0   0  1 1.041e+03 1.041e+00  0 4.733e+03 4.733e+00  1  0   0  0   0   1         0
4655.485  4.655  0   0  5 1.263e+04 1.263e+01  0 2.431e+03 2.431e+00  1  0   0  0   0   1         0
4657.751  4.658  0   0  1 8.732e+03 8.732e+00  0 4.343e+04 4.343e+01  1  0   0  0   0   1         0
4691.958  4.692  0   0  2 5.728e+03 5.728e+00  2 7.937e+04 7.937e+01  1  0   0  0   0   1         0
4674.362  4.674  0   0  5 8.993e+02 8.993e-01  0 4.051e+02 4.051e-01  1  0   0  0   0   1         0
4652.463  4.652  0   0  2 9.928e+02 9.928e-01  2 2.100e+04 2.100e+01  1  0   0  0   0   1         0
4737.370  4.737  0   0  4 1.028e+03 1.028e+00  4 1.547e+02 1.547e-01  1  0   0  0   0   1         0
4703.724  4.704  0   0  8 1.311e+04 1.311e+01  8 5.688e+04 5.688e+01  1  0   0  0   0   1         0
4738.387  4.738  0   0  1 1.616e+02 1.616e-01  0 9.944e+02 9.944e-01  1  0   0  0   0   1         0
4739.693  4.740  0   0  0 1.959e+02 1.959e-01  0 8.129e+02 8.129e-01  1  0   0  0   0   1         0
4720.220  4.720  0   0  3 1.025e+03 1.025e+00  0 3.251e+04 3.251e+01  1  0   0  0   0   1         0
4736.235  4.736  0   0  3 9.821e+02 9.821e-01  0 8.401e+03 8.401e+00  1  0   0  0   0   1         0
4745.800  4.746  0   0  2 1.065e+04 1.065e+01  2 6.548e+03 6.548e+00  1  0   0  0   0   1         0
4740.124  4.740  0   0  3 4.265e+03 4.265e+00  0 2.324e+02 2.324e-01  1  0   0  0   0   1         0
4719.656  4.720  0   0  2 9.879e+03 9.879e+00  2 1.931e+04 1.931e+01  1  0   0  0   0   1         0
4724.350  4.724  0   0  1 8.721e+00 8.721e-03  0 6.395e+02 6.395e-01  1  0   0  0   0   1         0
4739.063  4.739  0   0  4 1.171e+03 1.171e+00  4 1.254e+03 1.254e+00  1  0   0  0   0   1         0
4714.746  4.715  0   0  1 4.222e+02 4.222e-01  0 8.475e+02 8.475e-01  1  0   0  0   0   1         0
4754.189  4.754  0   0  3 1.238e+03 1.238e+00  0 1.802e+03 1.802e+00  1  0   0  0   0   1         0
4758.000  4.758  0   0  4 1.391e+04 1.391e+01  4 6.841e+03 6.841e+00  1  0   0  0   0   1         0
4770.986  4.771  0   0  0 6.470e+03 6.470e+00  0 3.722e+03 3.722e+00  1  0   0  0   0   1         0
4794.031  4.794  0   0  1 8.544e+01 8.544e-02  0 5.760e+04 5.760e+01  1  0   0  0   0   1         0
4752.894  4.753  0   0  2 1.447e+01 1.447e-02  2 1.748e+02 1.748e-01  1  0   0  0   0   1         0
4760.726  4.761  0   0  4 1.715e+03 1.715e+00  4 4.611e+01 4.611e-02  1  0   0  0   0   1         0
4795.462  4.795  0   0  2 1.440e+04 1.440e+01  2 6.912e+03 6.912e+00  1  0   0  0   0   1         0
4794.554  4.795  0   0  0 2.240e+02 2.240e-01  0 1.029e+04 1.029e+01  1  0   0  0   0   1         0
4784.091  4.784  0   0  4 1.296e+04 1.296e+01  4 2.527e+04 2.527e+01  1  0   0  0   0   1         0
4762.124  4.762  0   0  4 8.856e+03 8.856e+00  4 4.638e+03 4.638e+00  1  0   0  0   0   1         0
4771.124  4.771  0   0  2 1.168e+04 1.168e+01  2 2.095e+04 2.095e+01  1  0   0  0   0   1         0
4760.653  4.761  0   0  6 5.921e+02 5.921e-01  6 1.521e+04 1.521e+01  1  0   0  0   0   1         0
4756.491  4.756  0   0  5 3.209e+03 3.209e+00  0 5.747e+02 5.747e-01  1  0   0  0   0   1         0
4769.129  4.769  0   0  1 6.092e+03 6.092e+00  0 9.160e+02 9.160e-01  1  0   0  0   0   1         0
4842.890  4.843  0   0  2 6.891e+03 6.891e+00  2 2.428e+03 2.428e+00  1  0   0  0   0   1         0
4825.671  4.826  0   0  1 2.059e+04 2.059e+01  0 1.604e+02 1.604e-01  1  0   0  0   0   1         0
4804.551  4.805  0   0  0 8.333e+03 8.333e+00  0 2.332e+03 2.332e+00  1  0   0  0   0   1         0
4835.959  4.836  0   0  3 2.323e+04 2.323e+01  0 1.077e+04 1.077e+01  1  0   0  0   0   1         0
4812.609  4.813  0   0  4 2.307e+03 2.307e+00  4 1.258e+02 1.258e-01  1  0   0  0   0   1         0
4843.877  4.844  0   0  6 6.900e+01 6.900e-02  6 4.650e+04 4.650e+01  1  0   0  0   0   1         0
4815.593  4.816  0   0  2 2.059e+04 2.059e+01  2 3.359e+02 3.359e-01  1  0   0  0   0   1         0
4810.100  4.810  0   0  3 4.691e+02 4.691e-01  0 1.114e+01 1.114e-02  1  0   0  0   0   1         0
4804.285  4.804  0   0  3 4.455e+03 4.455e+00  0 1.689e+04 1.689e+01  1  0   0  0   0   1         0
4825.710  4.826  0   0  1 2.320e+00 2.320e-03  0 8.334e+00 8.334e-03  1  0   0  0   0   1         0
4883.421  4.883  0   0  3 6.042e+03 6.042e+00  0 1.505e+03 1.505e+00  1  0   0  0   0   1         0
4881.601  4.882  0   0  5 3.951e+03 3.951e+00  0 8.371e+03 8.371e+00  1  0   0  0   0   1         0
4896.815  4.897  0   0  2 8.054e+02 8.054e-01  2 1.837e+04 1.837e+01  1  0   0  0   0   1         0
4889.992  4.890  0   0  3 4.265e+03 4.265e+00  0 7.941e+03 7.941e+00  1  0   0  0   0   1         0
4878.516  4.879  0   0  2 6.307e+03 6.307e+00  2 1.146e+03 1.146e+00  1  0   0  0   0   1         0
4856.940  4.857  0   0  2 7.369e+02 7.369e-01  2 3.139e+03 3.139e+00  1  0   0  0   0   1         0
4878.332  4.878  0   0  1 8.972e+03 8.972e+00  0 1.205e+04 1.205e+01  1  0   0  0   0   1         0
4853.110  4.853  0   0  2 7.610e+00 7.610e-03  2 2.426e+03 2.426e+00  1  0   0  0   0   1         0
4871.673  4.872  0   0  2 3.882e+03 3.882e+00  2 2.821e+03 2.821e+00  1  0   0  0   0   1         0
4869.638  4.870  0   0  0 1.674e+03 1.674e+00  0 3.932e+04 3.932e+01  1  0   0  0   0   1         0
4871.519  4.872  0   0  2 2.080e+04 2.080e+01  2 4.168e+02 4.168e-01  1  0   0  0   0   1         0
4864.097  4.864  0   0  2 2.621e+03 2.621e+00  2 8.342e+03 8.342e+00  1  0   0  0   0   1         0
4884.404  4.884  0   0  2 1.703e+02 1.703e-01  2 4.220e+02 4.220e-01  1  0   0  0   0   1         0
4892.117  4.892  0   0  4 2.697e+03 2.697e+00  4 1.022e+04 1.022e+01  1  0   0  0   0   1         0
4888.519  4.889  0   0  5 2.884e+03 2.884e+00  0 5.372e+03 5.372e+00  1  0   0  0   0   1         0
4943.331  4.943  0   0  0 2.361e+03 2.361e+00  0 2.412e+03 2.412e+00  1  0   0  0   0   1         0
4919.441  4.919  0   0  2 8.304e+01 8.304e-02  2 7.079e+02 7.079e-01  1  0   0  0   0   1         0
4919.919  4.920  0   0  3 3.021e+02 3.021e-01  0 9.036e+02 9.036e-01  1  0   0  0   0   1         0
4915.355  4.915  0   0  5 8.334e+02 8.334e-01  0 6.295e+04 6.295e+01  1  0   0  0   0   1         0
4926.063  4.926  0   0  4 4.541e+01 4.541e-02  4 2.308e+02 2.308e-01  1  0   0  0   0   1         0
4927.370  4.927  0   0  2 1.608e+02 1.608e-01  2 1.540e+03 1.540e+00  1  0   0  0   0   1         0
4933.138  4.933  0   0  0 2.370e+03 2.370e+00  0 5.604e+03 5.604e+00  1  0   0  0   0   1         0
4921.651  4.922  0   0  0 3.911e+02 3.911e-01  0 3.991e+02 3.991e-01  1  0   0  0   0   1         0
4910.980  4.911  0   0  3 7.289e+01 7.289e-02  0 7.116e+03 7.116e+00  1  0   0  0   0   1         0
4943.401  4.943  0   0  2 4.931e+01 4.931e-02  2 4.474e+03 4.474e+00  1  0   0  0   0   1         0
4917.416  4.917  0   0  2 6.220e+01 6.220e-02  2 1.863e+02 1.863e-01  1  0   0  0   0   1         0
4946.183  4.946  0   0  2 3.108e+02 3.108e-01  2 2.619e+03 2.619e+00  1  0   0  0   0   1         0
4910.453  4.910  0   0  1 2.495e+02 2.495e-01  0 1.429e+03 1.429e+00  1  0   0  0   0   1         0
4928.129  4.928  0   0  5 1.767e+01 1.767e-02  0 6.229e+03 6.229e+00  1  0   0  0   0   1         0
4926.958  4.927  0   0  2 7.356e+01 7.356e-02  2 1.009e+03 1.009e+00  1  0   0  0   0   1         0
4941.505  4.942  0   0  2 1.657e+04 1.657e+01  2 5.397e+04 5.397e+01  1  0   0  0   0   1         0
4907.004  4.907  0   0  3 2.202e+03 2.202e+00  0 5.362e+03 5.362e+00  1  0   0  0   0   1         0
4945.538  4.946  0   0  3 1.474e+03 1.474e+00  0 2.447e+04 2.447e+01  1  0   0  0   0   1         0
4926.699  4.927  0   0  4 1.870e+03 1.870e+00  4 3.758e+02 3.758e-01  1  0   0  0   0   1         0
4929.430  4.929  0   0  2 6.450e+02 6.450e-01  2 1.443e+03 1.443e+00  1  0   0  0   0   1         0
4925.636  4.926  0   0  4 2.593e+04 2.593e+01  4 6.202e+03 6.202e+00  1  0   0  0   0   1         0
4991.481  4.991  0   0  4 1.475e+03 1.475e+00  4 3.617e+03 3.617e+00  1  0   0  0   0   1         0
4992.547  4.993  0   0  0 1.580e+03 1.580e+00  0 6.910e+03 6.910e+00  1  0   0  0   0   1         0
4964.756  4.965  0   0  2 1.304e+03 1.304e+00  2 1.337e+04 1.337e+01  1  0   0  0   0   1         0
4997.693  4.998  0   0  3 1.973e+04 1.973e+01  0 8.237e+03 8.237e+00  1  0   0  0   0   1         0
4969.876  4.970  0   0  1 9.738e+01 9.738e-02  0 2.295e+04 2.295e+01  1  0   0  0   0   1         0
4990.084  4.990  0   0  1 9.982e+02 9.982e-01  0 8.401e+03 8.401e+00  1  0   0  0   0   1         0
4998.357  4.998  0   0  5 8.318e+02 8.318e-01  0 6.523e+03 6.523e+00  1  0   0  0   0   1         0
4985.287  4.985  0   0  5 8.712e+01 8.712e-02  0 1.328e+04 1.328e+01  1  0   0  0   0   1         0
4958.146  4.958  0   0  2 9.885e+02 9.885e-01  2 1.627e+04 1.627e+01  1  0   0  0   0   1         0
4979.429  4.979  0   0  4 6.857e+02 6.857e-01  4 2.741e+04 2.741e+01  1  0   0  0   0   1         0
4955.992  4.956  0   0  2 1.478e+04 1.478e+01  2 5.535e+03 5.535e+00  1  0   0  0   0   1         0
4989.540  4.990  0   0  4 1.741e+04 1.741e+01  4 8.577e+03 8.577e+00  1  0   0  0   0   1         0
4964.168  4.964  0   0  2 2.418e+03 2.418e+00  2 1.221e+04 1.221e+01  1  0   0  0   0   1         0
5019.742  5.020  0   0  2 1.943e+03 1.943e+00  2 5.647e+03 5.647e+00  1  0   0  0   0   1         0
5026.676  5.027  0   0  5 1.501e+03 1.501e+00  0 3.354e+03 3.354e+00  1  0   0  0   0   1         0
5001.704  5.002  0   0  2 3.057e+04 3.057e+01  2 1.782e+04 1.782e+01  1  0   0  0   0   1         0
5019.367  5.019  0   0  3 4.979e+04 4.979e+01  0 3.464e+04 3.464e+01  1  0   0  0   0   1         0
5023.949  5.024  0   0  0 5.439e+03 5.439e+00  0 4.076e+04 4.076e+01  1  0   0  0   0   1         0
5012.935  5.013  0   0  0 1.714e+02 1.714e-01  0 1.303e+04 1.303e+01  1  0   0  0   0   1         0
5001.590  5.002  0   0  5 7.481e+02 7.481e-01  0 2.834e+02 2.834e-01  1  0   0  0   0   1         0
5034.714  5.035  0   0  1 1.001e+02 1.001e-01  0 1.948e+04 1.948e+01  1  0   0  0   0   1         0
5021.979  5.022  0   0  3 6.726e+03 6.726e+00  0 1.168e+04 1.168e+01  1  0   0  0   0   1         0
5021.006  5.021  0   0  2 1.231e+02 1.231e-01  2 7.069e+02 7.069e-01  1  0   0  0   0   1         0
5012.672  5.013  0   0  0 3.884e+04 3.884e+01  0 6.782e+02 6.782e-01  1  0   0  0   0   1         0
5027.118  5.027  0   0  2 2.231e+02 2.231e-01  2 2.880e+04 2.880e+01  1  0   0  0   0   1         0
5022.126  5.022  0   0  1 2.998e+03 2.998e+00  0 1.355e+04 1.355e+01  1  0   0  0   0   1         0
5053.414  5.053  0   0  2 5.909e+03 5.909e+00  2 2.563e+04 2.563e+01  1  0   0  0   0   1         0
5058.720  5.059  0   0  1 8.782e+03 8.782e+00  0 4.610e+02 4.610e-01  1  0   0  0   0   1         0
5069.424  5.069  0   0  3 1.134e+04 1.134e+01  0 1.908e+01 1.908e-02  1  0   0  0   0   1         0
5093.507  5.094  0   0  6 7.439e+02 7.439e-01  6 3.192e+04 3.192e+01  1  0   0  0   0   1         0
5077.069  5.077  0   0  4 5.126e+03 5.126e+00  4 3.673e+03 3.673e+00  1  0   0  0   0   1         0
5082.963  5.083  0   0  4 7.078e+03 7.078e+00  4 2.694e+04 2.694e+01  1  0   0  0   0   1         0
5089.299  5.089  0   0  0 1.565e+03 1.565e+00  0 1.716e+03 1.716e+00  1  0   0  0   0   1         0
5091.530  5.092  0   0  0 1.207e+03 1.207e+00  0 3.458e+02 3.458e-01  1  0   0  0   0   1         0
5074.034  5.074  0   0  1 1.758e+04 1.758e+01  0 1.461e+02 1.461e-01  1  0   0  0   0   1         0
5103.806  5.104  0   0  0 1.508e+02 1.508e-01  0 2.434e+03 2.434e+00  1  0   0  0   0   1         0
5129.700  5.130  0   0  3 2.592e+03 2.592e+00  0 1.373e+03 1.373e+00  1  0   0  0   0   1         0
5140.609  5.141  0   0  0 3.875e+03 3.875e+00  0 1.771e+04 1.771e+01  1  0   0  0   0   1         0
5120.354  5.120  0   0  2 9.995e+03 9.995e+00  2 8.343e+02 8.343e-01  1  0   0  0   0   1         0
5122.452  5.122  0   0  0 6.579e+03 6.579e+00  0 4.615e+03 4.615e+00  1  0   0  0   0   1         0
5129.670  5.130  0   0  0 3.176e+00 3.176e-03  0 5.371e+03 5.371e+00  1  0   0  0   0   1         0
5126.863  5.127  0   0  0 1.484e+02 1.484e-01  0 1.127e+03 1.127e+00  1  0   0  0   0   1         0
5134.584  5.135  0   0  6 7.395e+03 7.395e+00  6 5.553e+03 5.553e+00  1  0   0  0   0   1         0
5123.801  5.124  0   0  1 4.464e+01 4.464e-02  0 5.543e+01 5.543e-02  1  0   0  0   0   1         0
5135.866  5.136  0   0  4 2.677e+04 2.677e+01  4 1.210e+03 1.210e+00  1  0   0  0   0   1         0
5149.868  5.150  0   0  3 4.136e+04 4.136e+01  0 2.866e+02 2.866e-01  1  0   0  0   0   1         0
5117.709  5.118  0   0  3 2.054e+02 2.054e-01  0 7.390e+03 7.390e+00  1  0   0  0   0   1         0
5186.343  5.186  0   0  3 1.234e+03 1.234e+00  0 6.679e+02 6.679e-01  1  0   0  0   0   1         0
5159.893  5.160  0   0  1 7.855e+03 7.855e+00  0 1.532e+03 1.532e+00  1  0   0  0   0   1         0
5194.890  5.195  0   0  3 1.904e+04 1.904e+01  0 1.421e+04 1.421e+01  1  0   0  0   0   1         0
5151.332  5.151  0   0  1 7.736e+03 7.736e+00  0 4.010e+00 4.010e-03  1  0   0  0   0   1         0
5176.305  5.176  0   0  2 8.887e+02 8.887e-01  2 8.122e+03 8.122e+00  1  0   0  0   0   1         0
5166.185  5.166  0   0  3 1.375e+03 1.375e+00  0 3.917e+02 3.917e-01  1  0   0  0   0   1         0
5161.399  5.161  0   0  0 9.072e+02 9.072e-01  0 2.236e+04 2.236e+01  1  0   0  0   0   1         0
5173.786  5.174  0   0  3 3.130e+03 3.130e+00  0 1.147e+03 1.147e+00  1  0   0  0   0   1         0
5192.209  5.192  0   0  1 1.596e+01 1.596e-02  0 2.982e+04 2.982e+01  1  0   0  0   0   1         0
5195.827  5.196  0   0  0 2.005e+03 2.005e+00  0 4.918e+03 4.918e+00  1  0   0  0   0   1         0
5165.337  5.165  0   0  0 1.108e+04 1.108e+01  0 9.586e+03 9.586e+00  1  0   0  0   0   1         0
5157.821  5.158  0   0  3 1.068e+03 1.068e+00  0 2.151e+04 2.151e+01  1  0   0  0   0   1         0
5186.172  5.186  0   0  2 1.023e+03 1.023e+00  2 6.283e+02 6.283e-01  1  0   0  0   0   1         0
5179.300  5.179  0   0  1 4.558e+03 4.558e+00  0 1.594e+03 1.594e+00  1  0   0  0   0   1         0
5160.184  5.160  0   0  0 2.348e+03 2.348e+00  0 5.938e+03 5.938e+00  1  0   0  0   0   1         0
5188.163  5.188  0   0  5 3.482e+04 3.482e+01  0 8.908e+03 8.908e+00  1  0   0  0   0   1         0
5176.152  5.176  0   0  1 1.270e+04 1.270e+01  0 1.668e+04 1.668e+01  1  0   0  0   0   1         0
5214.584  5.215  0   0  2 1.631e+02 1.631e-01  2 3.480e+03 3.480e+00  1  0   0  0   0   1         0
5226.879  5.227  0   0  4 9.871e+02 9.871e-01  4 5.468e+03 5.468e+00  1  0   0  0   0   1         0
5226.444  5.226  0   0  0 1.248e+02 1.248e-01  0 3.819e+03 3.819e+00  1  0   0  0   0   1         0
5242.622  5.243  0   0  4 1.636e+03 1.636e+00  4 2.502e+04 2.502e+01  1  0   0  0   0   1         0
5249.809  5.250  0   0  3 6.077e+03 6.077e+00  0 1.128e+03 1.128e+00  1  0   0  0   0   1         0
5205.438  5.205  0   0  4 9.610e+02 9.610e-01  4 4.761e+03 4.761e+00  1  0   0  0   0   1         0
5213.728  5.214  0   0  0 4.710e+03 4.710e+00  0 4.108e+02 4.108e-01  1  0   0  0   0   1         0
5218.064  5.218  0   0  0 8.390e+00 8.390e-03  0 2.596e+03 2.596e+00  1  0   0  0   0   1         0
5224.145  5.224  0   0  6 6.080e+02 6.080e-01  6 1.654e+03 1.654e+00  1  0   0  0   0   1         0
5224.895  5.225  0   0  4 2.542e-02 2.542e-05  4 1.287e+03 1.287e+00  1  0   0  0   0   1         0
5242.907  5.243  0   0  4 6.074e+03 6.074e+00  4 1.191e+04 1.191e+01  1  0   0  0   0   1         0
5238.667  5.239  0   0  1 7.187e+02 7.187e-01  0 5.283e+02 5.283e-01  1  0   0  0   0   1         0
5200.957  5.201  0   0  4 1.320e+01 1.320e-02  4 6.963e+03 6.963e+00  1  0   0  0   0   1         0
5222.949  5.223  0   0  5 2.531e+02 2.531e-01  0 2.474e+04 2.474e+01  1  0   0  0   0   1         0
5231.091  5.231  0   0  4 5.974e+01 5.974e-02  4 1.165e+02 1.165e-01  1  0   0  0   0   1         0
5289.657  5.290  0   0  1 3.159e+02 3.159e-01  0 3.243e+03 3.243e+00  1  0   0  0   0   1         0
5292.590  5.293  0   0  5 5.451e+03 5.451e+00  0 2.606e+04 2.606e+01  1  0   0  0   0   1         0
5299.077  5.299  0   0  0 8.810e+02 8.810e-01  0 4.479e+03 4.479e+00  1  0   0  0   0   1         0
5283.770  5.284  0   0  1 1.768e+02 1.768e-01  0 4.096e+03 4.096e+00  1  0   0  0   0   1         0
5288.589  5.289  0   0  1 2.292e+04 2.292e+01  0 3.485e+04 3.485e+01  1  0   0  0   0   1         0
5275.481  5.275  0   0  3 1.157e+04 1.157e+01  0 7.821e+02 7.821e-01  1  0   0  0   0   1         0
5295.697  5.296  0   0  1 1.911e+03 1.911e+00  0 1.511e+03 1.511e+00  1  0   0  0   0   1         0
5282.364  5.282  0   0  0 1.107e+03 1.107e+00  0 6.351e+02 6.351e-01  1  0   0  0   0   1         0
5294.256  5.294  0   0  1 8.196e-03 8.196e-06  0 3.117e+01 3.117e-02  1  0   0  0   0   1         0
5261.913  5.262  0   0  7 1.890e+04 1.890e+01  0 1.974e+03 1.974e+00  1  0   0  0   0   1         0
5275.030  5.275  0   0  5 8.895e+03 8.895e+00  0 3.181e+02 3.181e-01  1  0   0  0   0   1         0
5286.642  5.287  0   0  5 1.428e+04 1.428e+01  0 1.103e+04 1.103e+01  1  0   0  0   0   1         0
5260.262  5.260  0   0  2 6.596e+01 6.596e-02  2 1.997e+04 1.997e+01  1  0   0  0   0   1         0
5343.826  5.344  0   0  4 6.449e+03 6.449e+00  4 4.216e+03 4.216e+00  1  0   0  0   0   1         0
5313.835  5.314  0   0  4 2.125e+03 2.125e+00  4 1.323e+04 1.323e+01  1  0   0  0   0   1         0
5307.976  5.308  0   0  2 4.758e+03 4.758e+00  2 4.702e+03 4.702e+00  1  0   0  0   0   1         0
5315.484  5.315  0   0  4 1.120e+03 1.120e+00  4 3.681e+02 3.681e-01  1  0   0  0   0   1         0
5301.771  5.302  0   0  0 1.147e+03 1.147e+00  0 1.242e+03 1.242e+00  1  0   0  0   0   1         0
5314.215  5.314  0   0  5 3.125e+03 3.125e+00  0 2.441e+03 2.441e+00  1  0   0  0   0   1         0
5333.173  5.333  0   0  3 2.111e+02 2.111e-01  0 6.101e+03 6.101e+00  1  0   0  0   0   1         0
5307.206  5.307  0   0  3 4.704e+01 4.704e-02  0 1.928e+04 1.928e+01  1  0   0  0   0   1         0
5305.643  5.306  0   0  3 1.607e+03 1.607e+00  0 3.983e+04 3.983e+01  1  0   0  0   0   1         0
5306.706  5.307  0   0  1 1.751e+04 1.751e+01  0 3.535e+02 3.535e-01  1  0   0  0   0   1         0
5303.932  5.304  0   0  1 7.888e+03 7.888e+00  0 1.052e+02 1.052e-01  1  0   0  0   0   1         0
5343.813  5.344  0   0  2 3.834e+03 3.834e+00  2 2.521e+02 2.521e-01  1  0   0  0   0   1         0
5347.245  5.347  0   0  3 1.267e+03 1.267e+00  0 4.275e+04 4.275e+01  1  0   0  0   0   1         0
5302.362  5.302  0   0  2 2.145e+04 2.145e+01  2 5.212e+03 5.212e+00  1  0   0  0   0   1         0
5375.548  5.376  0   0  1 3.366e+03 3.366e+00  0 2.792e+04 2.792e+01  1  0   0  0   0   1         0
5372.100  5.372  0   0  4 1.789e+02 1.789e-01  4 1.544e+03 1.544e+00  1  0   0  0   0   1         0
5363.770  5.364  0   0  1 3.146e+02 3.146e-01  0 4.716e+03 4.716e+00  1  0   0  0   0   1         0
5383.103  5.383  0   0  4 1.824e+03 1.824e+00  4 4.358e+01 4.358e-02  1  0   0  0   0   1         0
5378.660  5.379  0   0  4 6.231e+03 6.231e+00  4 7.517e+03 7.517e+00  1  0   0  0   0   1         0
5360.841  5.361  0   0  3 2.562e+03 2.562e+00  0 1.147e+03 1.147e+00  1  0   0  0   0   1         0
5385.620  5.386  0   0  3 2.947e+03 2.947e+00  0 1.549e+03 1.549e+00  1  0   0  0   0   1         0
5382.370  5.382  0   0  4 1.616e+03 1.616e+00  4 6.575e+02 6.575e-01  1  0   0  0   0   1         0
5370.041  5.370  0   0  4 1.746e+04 1.746e+01  4 1.841e+03 1.841e+00  1  0   0  0   0   1         0
5350.223  5.350  0   0  4 1.055e+03 1.055e+00  4 1.115e+02 1.115e-01  1  0   0  0   0   1         0
5372.509  5.373  0   0  0 2.326e+02 2.326e-01  0 3.709e+03 3.709e+00  1  0   0  0   0   1         0
5350.307  5.350  0   0  2 1.490e+03 1.490e+00  2 3.905e+02 3.905e-01  1  0   0  0   0   1         0
5353.801  5.354  0   0  0 7.744e+03 7.744e+00  0 1.350e+04 1.350e+01  1  0   0  0   0   1         0
5371.709  5.372  0   0  0 7.191e+01 7.191e-02  0 4.403e+03 4.403e+00  1  0   0  0   0   1         0
5354.151  5.354  0   0  0 7.423e+02 7.423e-01  0 3.159e+04 3.159e+01  1  0   0  0   0   1         0
5363.930  5.364  0   0  4 4.630e+03 4.630e+00  4 1.768e+03 1.768e+00  1  0   0  0   0   1         0
5382.938  5.383  0   0  2 4.135e+03 4.135e+00  2 1.228e+03 1.228e+00  1  0   0  0   0   1         0
5429.395  5.429  0   0  4 1.482e+03 1.482e+00  4 4.014e+03 4.014e+00  1  0   0  0   0   1         0
5426.142  5.426  0   0  4 2.210e+03 2.210e+00  4 5.267e+03 5.267e+00  1  0   0  0   0   1         0
5427.895  5.428  0   0  4 2.378e+03 2.378e+00  4 6.645e+02 6.645e-01  1  0   0  0   0   1         0
5411.218  5.411  0   0  4 3.192e+03 3.192e+00  4 3.041e+02 3.041e-01  1  0   0  0   0   1         0
5434.174  5.434  0   0  1 1.389e+02 1.389e-01  0 3.082e+03 3.082e+00  1  0   0  0   0   1         0
5419.543  5.420  0   0  1 9.496e+03 9.496e+00  0 1.020e+04 1.020e+01  1  0   0  0   0   1         0
5418.337  5.418  0   0  2 1.451e+03 1.451e+00  2 1.562e+03 1.562e+00  1  0   0  0   0   1         0
5407.578  5.408  0   0  2 1.113e+03 1.113e+00  2 4.830e+03 4.830e+00  1  0   0  0   0   1         0
5430.011  5.430  0   0  1 7.105e+03 7.105e+00  0 1.769e+04 1.769e+01  1  0   0  0   0   1         0
5430.302  5.430  0   0  3 2.258e+02 2.258e-01  0 1.307e+04 1.307e+01  1  0   0  0   0   1         0
5417.174  5.417  0   0  1 1.221e+04 1.221e+01  0 7.533e+03 7.533e+00  1  0   0  0   0   1         0
5443.077  5.443  0   0  3 8.803e+03 8.803e+00  0 1.729e+04 1.729e+01  1  0   0  0   0   1         0
5442.364  5.442  0   0  4 4.959e+02 4.959e-01  4 1.162e+03 1.162e+00  1  0   0  0   0   1         0
5405.522  5.406  0   0  1 5.353e+02 5.353e-01  0 1.213e+03 1.213e+00  1  0   0  0   0   1         0
5485.871  5.486  0   0  4 1.820e+04 1.820e+01  4 1.030e+03 1.030e+00  1  0   0  0   0   1         0
5458.030  5.458  0   0  1 9.018e+02 9.018e-01  0 8.804e+03 8.804e+00  1  0   0  0   0   1         0
5458.046  5.458  0   0  5 1.016e+02 1.016e-01  0 2.570e+04 2.570e+01  1  0   0  0   0   1         0
5474.490  5.474  0   0  2 3.509e+03 3.509e+00  2 5.823e+02 5.823e-01  1  0   0  0   0   1         0
5462.312  5.462  0   0  2 3.805e+03 3.805e+00  2 9.981e+03 9.981e+00  1  0   0  0   0   1         0
5461.907  5.462  0   0  1 1.838e+01 1.838e-02  0 1.653e+04 1.653e+01  1  0   0  0   0   1         0
5450.468  5.450  0   0  4 6.133e+03 6.133e+00  4 1.742e+03 1.742e+00  1  0   0  0   0   1         0
5468.683  5.469  0   0  2 3.586e+03 3.586e+00  2 4.100e+04 4.100e+01  1  0   0  0   0   1         0
5466.062  5.466  0   0  5 4.036e+03 4.036e+00  0 7.976e+03 7.976e+00  1  0   0  0   0   1         0
5451.579  5.452  0   0  1 5.313e-01 5.313e-04  0 4.426e+01 4.426e-02  1  0   0  0   0   1         0
5481.223  5.481  0   0  3 3.753e+02 3.753e-01  0 7.421e+02 7.421e-01  1  0   0  0   0   1         0
5481.493  5.481  0   0  4 5.538e+02 5.538e-01  4 2.054e+03 2.054e+00  1  0   0  0   0   1         0
5453.586  5.454  0   0  1 1.036e+04 1.036e+01  0 3.652e+03 3.652e+00  1  0   0  0   0   1         0
5466.001  5.466  0   0  0 9.595e+03 9.595e+00  0 6.255e+03 6.255e+00  1  0   0  0   0   1         0
5493.716  5.494  0   0  3 2.942e+01 2.942e-02  0 5.336e+02 5.336e-01  1  0   0  0   0   1         0
5479.275  5.479  0   0  0 1.950e+04 1.950e+01  0 8.463e+03 8.463e+00  1  0   0  0   0   1         0
5470.766  5.471  0   0  1 2.420e+03 2.420e+00  0 2.425e+03 2.425e+00  1  0   0  0   0   1         0
5473.426  5.473  0   0  3 1.171e+03 1.171e+00  0 6.251e+02 6.251e-01  1  0   0  0   0   1         0
5460.528  5.461  0   0  2 2.542e+01 2.542e-02  2 3.513e+03 3.513e+00  1  0   0  0   0   1         0
5520.978  5.521  0   0  3 1.073e+04 1.073e+01  0 8.073e+03 8.073e+00  1  0   0  0   0   1         0
5546.907  5.547  0   0  6 1.301e+02 1.301e-01  6 7.727e+03 7.727e+00  1  0   0  0   0   1         0
5514.662  5.515  0   0  0 2.448e+03 2.448e+00  0 1.933e+03 1.933e+00  1  0   0  0   0   1         0
5520.774  5.521  0   0  3 1.862e+04 1.862e+01  0 1.844e+03 1.844e+00  1  0   0  0   0   1         0
5538.065  5.538  0   0  1 2.181e+03 2.181e+00  0 3.267e+01 3.267e-02  1  0   0  0   0   1         0
5517.335  5.517  0   0  5 3.904e+03 3.904e+00  0 2.089e+03 2.089e+00  1  0   0  0   0   1         0
5518.373  5.518  0   0  2 1.062e+04 1.062e+01  2 4.798e+03 4.798e+00  1  0   0  0   0   1         0
5549.744  5.550  0   0  1 4.557e+03 4.557e+00  0 8.090e+01 8.090e-02  1  0   0  0   0   1         0
5527.946  5.528  0   0  1 3.425e+03 3.425e+00  0 3.539e+03 3.539e+00  1  0   0  0   0   1         0
5534.611  5.535  0   0  4 1.283e+03 1.283e+00  4 3.165e+02 3.165e-01  1  0   0  0   0   1         0
5532.326  5.532  0   0  4 3.972e+03 3.972e+00  4 4.509e+01 4.509e-02  1  0   0  0   0   1         0
5541.490  5.541  0   0  0 2.430e+03 2.430e+00  0 9.770e+03 9.770e+00  1  0   0  0   0   1         0
5543.170  5.543  0   0  0 1.284e+04 1.284e+01  0 5.800e+03 5.800e+00  1  0   0  0   0   1         0
5528.327  5.528  0   0  3 3.699e+03 3.699e+00  0 3.077e+02 3.077e-01  1  0   0  0   0   1         0
5514.867  5.515  0   0  5 3.756e+04 3.756e+01  0 2.437e+03 2.437e+00  1  0   0  0   0   1         0
5501.155  5.501  0   0  3 6.326e+02 6.326e-01  0 5.951e+02 5.951e-01  1  0   0  0   0   1         0
5530.878  5.531  0   0  1 3.716e+00 3.716e-03  0 4.512e+04 4.512e+01  1  0   0  0   0   1         0
5541.369  5.541  0   0  0 1.945e+03 1.945e+00  0 6.637e+04 6.637e+01  1  0   0  0   0   1         0
5522.693  5.523  0   0  2 1.924e+03 1.924e+00  2 2.945e+01 2.945e-02  1  0   0  0   0   1         0
5508.328  5.508  0   0  0 1.001e+02 1.001e-01  0 2.003e+02 2.003e-01  1  0   0  0   0   1         0
5514.542  5.515  0   0  2 1.869e+03 1.869e+00  2 4.065e-01 4.065e-04  1  0   0  0   0   1         0
5561.913  5.562  0   0  1 1.013e+02 1.013e-01  0 1.926e+04 1.926e+01  1  0   0  0   0   1         0
5590.116  5.590  0   0  5 3.605e+03 3.605e+00  0 3.738e+03 3.738e+00  1  0   0  0   0   1         0
5595.822  5.596  0   0  3 1.464e+04 1.464e+01  0 5.081e+01 5.081e-02  1  0   0  0   0   1         0
5570.455  5.570  0   0  5 1.867e+04 1.867e+01  0 2.160e+04 2.160e+01  1  0   0  0   0   1         0
5570.409  5.570  0   0  2 7.062e+03 7.062e+00  2 1.280e+04 1.280e+01  1  0   0  0   0   1         0
5585.757  5.586  0   0  4 3.812e+02 3.812e-01  4 1.745e+04 1.745e+01  1  0   0  0   0   1         0
5581.498  5.581  0   0  1 3.700e+03 3.700e+00  0 4.128e+03 4.128e+00  1  0   0  0   0   1         0
5559.306  5.559  0   0  3 7.266e+03 7.266e+00  0 1.413e+03 1.413e+00  1  0   0  0   0   1         0
5555.448  5.555  0   0  3 3.775e+03 3.775e+00  0 8.772e+03 8.772e+00  1  0   0  0   0   1         0
5572.041  5.572  0   0  1 1.729e+03 1.729e+00  0 2.472e+03 2.472e+00  1  0   0  0   0   1         0
5578.401  5.578  0   0  2 1.883e+04 1.883e+01  2 2.211e+03 2.211e+00  1  0   0  0   0   1         0
5557.014  5.557  0   0  3 1.264e+04 1.264e+01  0 4.334e+02 4.334e-01  1  0   0  0   0   1         0
5564.799  5.565  0   0  3 1.938e+04 1.938e+01  0 2.427e+03 2.427e+00  1  0   0  0   0   1         0
5565.436  5.565  0   0  4 5.818e+02 5.818e-01  4 2.629e+03 2.629e+00  1  0   0  0   0   1         0
5563.191  5.563  0   0  4 4.703e+03 4.703e+00  4 1.577e+03 1.577e+00  1  0   0  0   0   1         0
5573.200  5.573  0   0  0 1.305e+04 1.305e+01  0 1.825e+03 1.825e+00  1  0   0  0   0   1         0
5582.800  5.583  0   0  4 6.808e+03 6.808e+00  4 8.528e+02 8.528e-01  1  0   0  0   0   1         0
5575.632  5.576  0   0  4 4.543e+03 4.543e+00  4 3.616e+04 3.616e+01  1  0   0  0   0   1         0
5629.934  5.630  0   0  4 4.475e+02 4.475e-01  4 9.860e+02 9.860e-01  1  0   0  0   0   1         0
5620.988  5.621  0   0  4 3.411e+02 3.411e-01  4 1.695e+04 1.695e+01  1  0   0  0   0   1         0
5618.334  5.618  0   0  1 1.983e+03 1.983e+00  0 6.580e+03 6.580e+00  1  0   0  0   0   1         0
5641.047  5.641  0   0  7 1.619e+03 1.619e+00  0 2.178e+03 2.178e+00  1  0   0  0   0   1         0
5632.375  5.632  0   0  0 5.037e+03 5.037e+00  0 3.032e+03 3.032e+00  1  0   0  0   0   1         0
5603.909  5.604  0   0  3 6.222e+03 6.222e+00  0 5.484e+02 5.484e-01  1  0   0  0   0   1         0
5607.187  5.607  0   0  4 6.845e+02 6.845e-01  4 2.253e+03 2.253e+00  1  0   0  0   0   1         0
5645.066  5.645  0   0  4 1.193e+03 1.193e+00  4 4.919e+03 4.919e+00  1  0   0  0   0   1         0
5644.289  5.644  0   0  0 2.153e+04 2.153e+01  0 5.644e+04 5.644e+01  1  0   0  0   0   1         0
5647.620  5.648  0   0  6 3.589e+03 3.589e+00  6 4.029e+03 4.029e+00  1  0   0  0   0   1         0
5621.548  5.622  0   0  2 6.288e+03 6.288e+00  2 2.219e+04 2.219e+01  1  0   0  0   0   1         0
5639.310  5.639  0   0  6 2.312e+02 2.312e-01  6 2.008e+04 2.008e+01  1  0   0  0   0   1         0
5641.501  5.642  0   0  4 1.013e+04 1.013e+01  4 5.963e+03 5.963e+00  1  0   0  0   0   1         0
5615.923  5.616  0   0  0 3.222e+03 3.222e+00  0 6.257e+02 6.257e-01  1  0   0  0   0   1         0
5607.346  5.607  0   0  3 3.036e+02 3.036e-01  0 7.565e+02 7.565e-01  1  0   0  0   0   1         0
5649.853  5.650  0   0  4 1.171e+02 1.171e-01  4 1.404e+04 1.404e+01  1  0   0  0   0   1         0
5601.530  5.602  0   0  4 8.599e+03 8.599e+00  4 5.526e+03 5.526e+00  1  0   0  0   0   1         0
5630.019  5.630  0   0  3 3.784e+01 3.784e-02  0 8.862e+02 8.862e-01  1  0   0  0   0   1         0
5632.654  5.633  0   0  0 4.198e+02 4.198e-01  0 2.030e-03 2.030e-06  1  0   0  0   0   1         0
5634.226  5.634  0   0  2 1.445e+04 1.445e+01  2 3.035e+04 3.035e+01  1  0   0  0   0   1         0
5612.903  5.613  0   0  2 6.717e+03 6.717e+00  2 9.995e+03 9.995e+00  1  0   0  0   0   1         0
5666.307  5.666  0   0  7 2.961e+02 2.961e-01  0 4.353e+02 4.353e-01  1  0   0  0   0   1         0
5693.095  5.693  0   0  2 5.951e+02 5.951e-01  2 1.044e+04 1.044e+01  1  0   0  0   0   1         0
5662.642  5.663  0   0  5 8.968e+02 8.968e-01  0 5.929e+04 5.929e+01  1  0   0  0   0   1         0
5698.237  5.698  0   0  2 1.103e+04 1.103e+01  2 2.469e+03 2.469e+00  1  0   0  0   0   1         0
5665.445  5.665  0   0  4 8.479e+02 8.479e-01  4 7.632e+03 7.632e+00  1  0   0  0   0   1         0
5651.191  5.651  0   0  3 8.039e+02 8.039e-01  0 1.033e+04 1.033e+01  1  0   0  0   0   1         0
5662.863  5.663  0   0  1 3.957e+01 3.957e-02  0 6.368e+02 6.368e-01  1  0   0  0   0   1         0
5658.649  5.659  0   0  5 8.759e+02 8.759e-01  0 1.030e+04 1.030e+01  1  0   0  0   0   1         0
5675.496  5.675  0   0  6 2.916e+02 2.916e-01  6 1.254e+03 1.254e+00  1  0   0  0   0   1         0
5655.698  5.656  0   0  0 3.600e+02 3.600e-01  0 5.160e+03 5.160e+00  1  0   0  0   0   1         0
5681.447  5.681  0   0  1 1.570e+02 1.570e-01  0 1.059e+04 1.059e+01  1  0   0  0   0   1         0
5693.812  5.694  0   0  4 5.411e+03 5.411e+00  4 2.160e+03 2.160e+00  1  0   0  0   0   1         0
5668.269  5.668  0   0  4 2.624e+04 2.624e+01  4 1.783e+03 1.783e+00  1  0   0  0   0   1         0
5658.512  5.659  0   0  3 1.740e+03 1.740e+00  0 6.795e+03 6.795e+00  1  0   0  0   0   1         0
5670.150  5.670  0   0  5 1.636e+03 1.636e+00  0 4.634e+03 4.634e+00  1  0   0  0   0   1         0
5689.402  5.689  0   0  0 1.593e+04 1.593e+01  0 6.224e+03 6.224e+00  1  0   0  0   0   1         0
5679.723  5.680  0   0  0 3.544e+03 3.544e+00  0 1.220e+04 1.220e+01  1  0   0  0   0   1         0
5655.114  5.655  0   0  4 7.865e+02 7.865e-01  4 3.984e+03 3.984e+00  1  0   0  0   0   1         0
5677.013  5.677  0   0  3 4.515e+01 4.515e-02  0 1.996e+03 1.996e+00  1  0   0  0   0   1         0
5673.558  5.674  0   0  3 1.033e+00 1.033e-03  0 1.371e+04 1.371e+01  1  0   0  0   0   1         0
5666.492  5.666  0   0  0 8.811e+02 8.811e-01  0 6.637e+02 6.637e-01  1  0   0  0   0   1         0
5655.569  5.656  0   0  0 1.225e+02 1.225e-01  0 1.416e+03 1.416e+00  1  0   0  0   0   1         0
5702.433  5.702  0   0  4 2.676e+03 2.676e+00  4 9.051e+02 9.051e-01  1  0   0  0   0   1         0
5728.284  5.728  0   0  1 1.531e+04 1.531e+01  0 2.248e+04 2.248e+01  1  0   0  0   0   1         0
5719.717  5.720  0   0  5 1.250e+03 1.250e+00  0 5.471e+03 5.471e+00  1  0   0  0   0   1         0
5739.946  5.740  0   0  1 3.269e+03 3.269e+00  0 2.812e+03 2.812e+00  1  0   0  0   0   1         0
5739.299  5.739  0   0  2 2.870e+02 2.870e-01  2 1.002e+02 1.002e-01  1  0   0  0   0   1         0
5718.920  5.719  0   0  4 1.533e+04 1.533e+01  4 2.289e+02 2.289e-01  1  0   0  0   0   1         0
5731.277  5.731  0   0  5 6.832e+03 6.832e+00  0 3.152e+02 3.152e-01  1  0   0  0   0   1         0
5711.484  5.711  0   0  5 2.757e+01 2.757e-02  0 1.941e+02 1.941e-01  1  0   0  0   0   1         0
5729.167  5.729  0   0  4 2.763e+03 2.763e+00  4 3.602e+04 3.602e+01  1  0   0  0   0   1         0
5704.109  5.704  0   0  0 3.818e+03 3.818e+00  0 6.285e+03 6.285e+00  1  0   0  0   0   1         0
5721.879  5.722  0   0  4 1.036e+02 1.036e-01  4 2.172e+04 2.172e+01  1  0   0  0   0   1         0
5709.227  5.709  0   0  4 3.958e+01 3.958e-02  4 3.218e+04 3.218e+01  1  0   0  0   0   1         0
5744.231  5.744  0   0  5 4.407e+03 4.407e+00  0 1.559e+03 1.559e+00  1  0   0  0   0   1         0
5722.395  5.722  0   0  4 1.574e+04 1.574e+01  4 5.760e+04 5.760e+01  1  0   0  0   0   1         0
5729.684  5.730  0   0  3 1.821e+04 1.821e+01  0 1.279e+04 1.279e+01  1  0   0  0   0   1         0
5718.159  5.718  0   0  4 1.589e+04 1.589e+01  4 9.396e+01 9.396e-02  1  0   0  0   0   1         0
5714.562  5.715  0   0  6 3.394e+04 3.394e+01  6 2.781e+01 2.781e-02  1  0   0  0   0   1         0
5710.244  5.710  0   0  4 6.943e+03 6.943e+00  4 4.996e+03 4.996e+00  1  0   0  0   0   1         0
5745.642  5.746  0   0  0 6.119e+01 6.119e-02  0 1.435e+04 1.435e+01  1  0   0  0   0   1         0
5740.069  5.740  0   0  2 1.632e+03 1.632e+00  2 8.213e+03 8.213e+00  1  0   0  0   0   1         0
5706.733  5.707  0   0  4 8.833e+03 8.833e+00  4 1.211e+03 1.211e+00  1  0   0  0   0   1         0
5761.275  5.761  0   0  3 1.722e+04 1.722e+01  0 3.223e+03 3.223e+00  1  0   0  0   0   1         0
5751.899  5.752  0   0  3 7.192e+03 7.192e+00  0 5.317e+03 5.317e+00  1  0   0  0   0   1         0
5785.513  5.786  0   0  4 1.034e+04 1.034e+01  4 1.507e+04 1.507e+01  1  0   0  0   0   1         0
5777.595  5.778  0   0  0 4.976e+03 4.976e+00  0 5.643e+03 5.643e+00  1  0   0  0   0   1         0
5786.314  5.786  0   0  1 3.896e+02 3.896e-01  0 3.453e+03 3.453e+00  1  0   0  0   0   1         0
5754.429  5.754  0   0  5 5.987e+03 5.987e+00  0 2.754e+03 2.754e+00  1  0   0  0   0   1         0
5799.779  5.800  0   0  4 5.885e+02 5.885e-01  4 1.807e+04 1.807e+01  1  0   0  0   0   1         0
5799.721  5.800  0   0  1 1.059e+03 1.059e+00  0 2.904e+04 2.904e+01  1  0   0  0   0   1         0
5773.397  5.773  0   0  2 3.763e+02 3.763e-01  2 2.275e+03 2.275e+00  1  0   0  0   0   1         0
5793.371  5.793  0   0  3 2.042e+03 2.042e+00  0 5.071e+04 5.071e+01  1  0   0  0   0   1         0
5762.288  5.762  0   0  0 8.137e+03 8.137e+00  0 1.297e+03 1.297e+00  1  0   0  0   0   1         0
5786.992  5.787  0   0  4 3.313e+03 3.313e+00  4 6.386e+03 6.386e+00  1  0   0  0   0   1         0
5794.023  5.794  0   0  3 8.987e+00 8.987e-03  0 1.369e+04 1.369e+01  1  0   0  0   0   1         0
5790.822  5.791  0   0  1 1.011e+04 1.011e+01  0 3.380e+02 3.380e-01  1  0   0  0   0   1         0
5790.678  5.791  0   0  3 8.004e+02 8.004e-01  0 4.932e+02 4.932e-01  1  0   0  0   0   1         0
5773.298  5.773  0   0  2 5.764e+03 5.764e+00  2 1.748e+04 1.748e+01  1  0   0  0   0   1         0
5791.086  5.791  0   0  3 1.688e+01 1.688e-02  0 5.130e+02 5.130e-01  1  0   0  0   0   1         0
5784.661  5.785  0   0  0 3.275e+04 3.275e+01  0 5.512e+03 5.512e+00  1  0   0  0   0   1         0
5756.691  5.757  0   0  0 7.810e+03 7.810e+00  0 2.361e+04 2.361e+01  1  0   0  0   0   1         0
5755.769  5.756  0   0  0 1.052e+04 1.052e+01  0 3.932e+02 3.932e-01  1  0   0  0   0   1         0
5788.699  5.789  0   0  2 1.421e+04 1.421e+01  2 8.461e+03 8.461e+00  1  0   0  0   0   1         0
5781.411  5.781  0   0  0 6.667e+02 6.667e-01  0 1.865e+04 1.865e+01  1  0   0  0   0   1         0
5843.505  5.844  0   0  0 4.734e+03 4.734e+00  0 9.532e+03 9.532e+00  1  0   0  0   0   1         0
5814.765  5.815  0   0  2 1.769e+03 1.769e+00  2 1.020e+04 1.020e+01  1  0   0  0   0   1         0
5823.431  5.823  0   0  0 2.313e+02 2.313e-01  0 1.979e+03 1.979e+00  1  0   0  0   0   1         0
5800.472  5.800  0   0  1 7.644e+03 7.644e+00  0 8.369e+03 8.369e+00  1  0   0  0   0   1         0
5837.451  5.837  0   0  2 2.093e+01 2.093e-02  2 1.003e+03 1.003e+00  1  0   0  0   0   1         0
5815.239  5.815  0   0  2 2.455e+02 2.455e-01  2 5.152e+03 5.152e+00  1  0   0  0   0   1         0
5828.216  5.828  0   0  4 1.082e+03 1.082e+00  4 2.935e+03 2.935e+00  1  0   0  0   0   1         0
5808.547  5.809  0   0  2 1.119e+02 1.119e-01  2 6.706e+04 6.706e+01  1  0   0  0   0   1         0
5841.055  5.841  0   0  3 1.353e+03 1.353e+00  0 2.052e+04 2.052e+01  1  0   0  0   0   1         0
5840.949  5.841  0   0  4 3.153e+03 3.153e+00  4 7.631e+01 7.631e-02  1  0   0  0   0   1         0
5843.934  5.844  0   0  3 1.190e+04 1.190e+01  0 2.607e+04 2.607e+01  1  0   0  0   0   1         0
5802.322  5.802  0   0  4 9.821e-01 9.821e-04  4 2.981e+02 2.981e-01  1  0   0  0   0   1         0
5849.627  5.850  0   0  0 9.943e+03 9.943e+00  0 5.518e+04 5.518e+01  1  0   0  0   0   1         0
5812.497  5.812  0   0  5 1.688e+02 1.688e-01  0 2.331e+04 2.331e+01  1  0   0  0   0   1         0
5815.595  5.816  0   0  0 1.303e+02 1.303e-01  0 6.205e+02 6.205e-01  1  0   0  0   0   1         0
5812.575  5.813  0   0  2 1.480e+02 1.480e-01  2 3.858e+04 3.858e+01  1  0   0  0   0   1         0
5813.490  5.813  0   0  1 1.733e+03 1.733e+00  0 6.439e-01 6.439e-04  1  0   0  0   0   1         0
5827.775  5.828  0   0  8 2.680e+03 2.680e+00  8 1.455e+03 1.455e+00  1  0   0  0   0   1         0
5812.096  5.812  0   0  2 2.861e+03 2.861e+00  2 1.042e+03 1.042e+00  1  0   0  0   0   1         0
5819.826  5.820  0   0  0 1.720e+02 1.720e-01  0 1.968e+04 1.968e+01  1  0   0  0   0   1         0
5832.910  5.833  0   0  3 1.540e+03 1.540e+00  0 2.829e+04 2.829e+01  1  0   0  0   0   1         0
5841.880  5.842  0   0  1 7.970e+02 7.970e-01  0 3.389e+00 3.389e-03  1  0   0  0   0   1         0
5834.759  5.835  0   0  4 2.624e+03 2.624e+00  4 2.628e+03 2.628e+00  1  0   0  0   0   1         0
5829.855  5.830  0   0  5 8.763e+01 8.763e-02  0 4.963e+03 4.963e+00  1  0   0  0   0   1         0
5807.460  5.807  0   0  2 6.218e+03 6.218e+00  2 2.786e+02 2.786e-01  1  0   0  0   0   1         0
5840.892  5.841  0   0  3 4.047e+01 4.047e-02  0 8.999e+03 8.999e+00  1  0   0  0   0   1         0
5877.782  5.878  0   0  3 1.300e+02 1.300e-01  0 9.107e+03 9.107e+00  1  0   0  0   0   1         0
5859.978  5.860  0   0  1 1.036e+03 1.036e+00  0 6.114e+04 6.114e+01  1  0   0  0   0   1         0
5892.310  5.892  0   0  1 2.347e+02 2.347e-01  0 9.068e+03 9.068e+00  1  0   0  0   0   1         0
5891.835  5.892  0   0  3 7.663e+03 7.663e+00  0 4.063e+04 4.063e+01  1  0   0  0   0   1         0
5871.620  5.872  0   0  4 5.988e+03 5.988e+00  4 1.645e+03 1.645e+00  1  0   0  0   0   1         0
5898.355  5.898  0   0  0 1.488e-01 1.488e-04  0 1.118e+04 1.118e+01  1  0   0  0   0   1         0
5899.000  5.899  0   0  2 3.171e+03 3.171e+00  2 9.545e+03 9.545e+00  1  0   0  0   0   1         0
5856.526  5.857  0   0  2 1.142e+03 1.142e+00  2 3.159e+03 3.159e+00  1  0   0  0   0   1         0
5868.517  5.869  0   0  2 1.233e+03 1.233e+00  2 5.739e+03 5.739e+00  1  0   0  0   0   1         0
5880.151  5.880  0   0  3 3.762e+02 3.762e-01  0 1.278e+04 1.278e+01  1  0   0  0   0   1         0
5854.286  5.854  0   0  3 3.738e+03 3.738e+00  0 3.802e+02 3.802e-01  1  0   0  0   0   1         0
5869.266  5.869  0   0  3 1.862e+01 1.862e-02  0 1.774e+04 1.774e+01  1  0   0  0   0   1         0
5863.168  5.863  0   0  2 2.373e+03 2.373e+00  2 7.105e+02 7.105e-01  1  0   0  0   0   1         0
5897.628  5.898  0   0  4 1.497e+03 1.497e+00  4 2.024e+01 2.024e-02  1  0   0  0   0   1         0
5870.716  5.871  0   0  0 6.848e+03 6.848e+00  0 7.640e+03 7.640e+00  1  0   0  0   0   1         0
5888.235  5.888  0   0  0 2.731e+03 2.731e+00  0 7.849e+02 7.849e-01  1  0   0  0   0   1         0
5869.469  5.869  0   0  2 4.457e+02 4.457e-01  2 4.374e+02 4.374e-01  1  0   0  0   0   1         0
5856.656  5.857  0   0  0 2.253e+03 2.253e+00  0 4.200e+03 4.200e+00  1  0   0  0   0   1         0
5893.223  5.893  0   0  5 2.294e+03 2.294e+00  0 1.046e+03 1.046e+00  1  0   0  0   0   1         0
5850.021  5.850  0   0  0 1.692e+03 1.692e+00  0 2.325e+04 2.325e+01  1  0   0  0   0   1         0
5852.827  5.853  0   0  3 3.003e+02 3.003e-01  0 1.806e+04 1.806e+01  1  0   0  0   0   1         0
5868.350  5.868  0   0  0 2.267e+04 2.267e+01  0 8.211e+03 8.211e+00  1  0   0  0   0   1         0
5884.466  5.884  0   0  4 4.005e+02 4.005e-01  4 2.618e+03 2.618e+00  1  0   0  0   0   1         0
5867.212  5.867  0   0  0 1.456e+04 1.456e+01  0 6.057e+01 6.057e-02  1  0   0  0   0   1         0
5853.351  5.853  0   0  2 1.083e+04 1.083e+01  2 1.896e+04 1.896e+01  1  0   0  0   0   1         0
5866.014  5.866  0   0  0 2.034e+03 2.034e+00  0 2.572e+01 2.572e-02  1  0   0  0   0   1         0
5862.354  5.862  0   0  1 4.518e+03 4.518e+00  0 7.229e+01 7.229e-02  1  0   0  0   0   1         0
5850.274  5.850  0   0  1 1.450e+03 1.450e+00  0 2.331e+04 2.331e+01  1  0   0  0   0   1         0
5925.371  5.925  0   0  3 2.503e+02 2.503e-01  0 1.622e+02 1.622e-01  1  0   0  0   0   1         0
5948.444  5.948  0   0  5 1.167e+03 1.167e+00  0 5.048e+02 5.048e-01  1  0   0  0   0   1         0
5916.848  5.917  0   0  6 2.228e+02 2.228e-01  6 5.255e+03 5.255e+00  1  0   0  0   0   1         0
5944.592  5.945  0   0  4 2.283e+03 2.283e+00  4 1.095e+03 1.095e+00  1  0   0  0   0   1         0
5936.095  5.936  0   0  5 1.154e+02 1.154e-01  0 6.975e+02 6.975e-01  1  0   0  0   0   1         0
5946.463  5.946  0   0  3 1.552e+03 1.552e+00  0 3.919e+03 3.919e+00  1  0   0  0   0   1         0
5945.436  5.945  0   0  3 2.106e+03 2.106e+00  0 2.951e+03 2.951e+00  1  0   0  0   0   1         0
5949.556  5.950  0   0  2 2.177e+02 2.177e-01  2 2.885e+04 2.885e+01  1  0   0  0   0   1         0
5906.647  5.907  0   0  5 1.950e+03 1.950e+00  0 8.983e+03 8.983e+00  1  0   0  0   0   1         0
5939.890  5.940  0   0  4 2.340e+03 2.340e+00  4 1.641e+04 1.641e+01  1  0   0  0   0   1         0
5940.311  5.940  0   0  4 1.793e+03 1.793e+00  4 5.132e+03 5.132e+00  1  0   0  0   0   1         0
5932.345  5.932  0   0  6 2.466e+03 2.466e+00  6 2.490e+03 2.490e+00  1  0   0  0   0   1         0
5914.054  5.914  0   0  3 1.591e+02 1.591e-01  0 2.647e+03 2.647e+00  1  0   0  0   0   1         0
5948.276  5.948  0   0  1 2.959e+03 2.959e+00  0 3.049e+04 3.049e+01  1  0   0  0   0   1         0
5910.311  5.910  0   0  7 3.995e+02 3.995e-01  0 2.938e+04 2.938e+01  1  0   0  0   0   1         0
5925.116  5.925  0   0  2 5.593e+03 5.593e+00  2 9.798e+03 9.798e+00  1  0   0  0   0   1         0
5958.744  5.959  0   0  3 2.370e+02 2.370e-01  0 8.454e+02 8.454e-01  1  0   0  0   0   1         0
5993.928  5.994  0   0  4 1.113e+03 1.113e+00  4 1.026e+04 1.026e+01  1  0   0  0   0   1         0
5963.894  5.964  0   0  0 4.846e+00 4.846e-03  0 3.204e+03 3.204e+00  1  0   0  0   0   1         0
5956.480  5.956  0   0  0 1.615e+03 1.615e+00  0 2.444e+02 2.444e-01  1  0   0  0   0   1         0
5998.824  5.999  0   0  3 1.443e+03 1.443e+00  0 2.027e+03 2.027e+00  1  0   0  0   0   1         0
5960.169  5.960  0   0  3 2.340e+03 2.340e+00  0 2.323e+04 2.323e+01  1  0   0  0   0   1         0
5956.897  5.957  0   0  1 2.241e+02 2.241e-01  0 4.510e+03 4.510e+00  1  0   0  0   0   1         0
5981.427  5.981  0   0  4 8.334e+02 8.334e-01  4 4.948e+03 4.948e+00  1  0   0  0   0   1         0
5966.061  5.966  0   0  4 6.744e+03 6.744e+00  4 1.304e+04 1.304e+01  1  0   0  0   0   1         0
5956.730  5.957  0   0  4 4.836e+02 4.836e-01  4 1.254e+04 1.254e+01  1  0   0  0   0   1         0
5980.185  5.980  0   0  3 1.199e+04 1.199e+01  0 1.378e+04 1.378e+01  1  0   0  0   0   1         0
5988.047  5.988  0   0  5 1.541e+03 1.541e+00  0 2.717e+02 2.717e-01  1  0   0  0   0   1         0
5989.748  5.990  0   0  4 1.715e+03 1.715e+00  4 2.482e+03 2.482e+00  1  0   0  0   0   1         0
5957.847  5.958  0   0  2 1.303e+04 1.303e+01  2 8.039e+04 8.039e+01  1  0   0  0   0   1         0
5977.976  5.978  0   0  1 4.681e+03 4.681e+00  0 5.288e+02 5.288e-01  1  0   0  0   0   1         0
5990.765  5.991  0   0  0 1.867e+03 1.867e+00  0 2.874e+03 2.874e+00  1  0   0  0   0   1         0
5958.128  5.958  0   0  6 1.022e+03 1.022e+00  6 2.973e+04 2.973e+01  1  0   0  0   0   1         0
5960.473  5.960  0   0  0 3.414e+03 3.414e+00  0 1.758e+04 1.758e+01  1  0   0  0   0   1         0
5950.122  5.950  0   0  1 6.917e+03 6.917e+00  0 4.526e+03 4.526e+00  1  0   0  0   0   1         0
5976.366  5.976  0   0  3 4.238e+02 4.238e-01  0 4.059e+01 4.059e-02  1  0   0  0   0   1         0
5959.819  5.960  0   0  2 6.658e+00 6.658e-03  2 1.435e+02 1.435e-01  1  0   0  0   0   1         0
5986.319  5.986  0   0  7 1.924e+03 1.924e+00  0 3.104e+02 3.104e-01  1  0   0  0   0   1         0
5998.130  5.998  0   0  3 6.623e+03 6.623e+00  0 1.250e+03 1.250e+00  1  0   0  0   0   1         0
5960.527  5.961  0   0  3 6.402e+02 6.402e-01  0 2.592e+01 2.592e-02  1  0   0  0   0   1         0
5982.577  5.983  0   0  4 7.491e+02 7.491e-01  4 1.186e+03 1.186e+00  1  0   0  0   0   1         0
5960.682  5.961  0   0  0 2.444e+02 2.444e-01  0 2.556e+04 2.556e+01  1  0   0  0   0   1         0
5950.910  5.951  0   0  5 5.043e+02 5.043e-01  0 1.123e+04 1.123e+01  1  0   0  0   0   1         0
5988.026  5.988  0   0  3 3.826e+03 3.826e+00  0 1.168e+04 1.168e+01  1  0   0  0   0   1         0
5971.833  5.972  0   0  3 3.669e+03 3.669e+00  0 8.505e+03 8.505e+00  1  0   0  0   0   1         0
5997.366  5.997  0   0  4 3.409e+04 3.409e+01  4 2.107e+04 2.107e+01  1  0   0  0   0   1         0
6037.561  6.038  0   0  1 6.302e+03 6.302e+00  0 2.756e+04 2.756e+01  1  0   0  0   0   1         0
6008.977  6.009  0   0  0 9.761e-01 9.761e-04  0 1.352e+03 1.352e+00  1  0   0  0   0   1         0
6024.077  6.024  0   0  0 1.621e+03 1.621e+00  0 1.232e+03 1.232e+00  1  0   0  0   0   1         0
6012.962  6.013  0   0  4 1.758e+04 1.758e+01  4 7.168e+03 7.168e+00  1  0   0  0   0   1         0
6000.176  6.000  0   0  4 1.416e+04 1.416e+01  4 1.813e+04 1.813e+01  1  0   0  0   0   1         0
6048.353  6.048  0   0  0 5.512e+03 5.512e+00  0 2.078e+04 2.078e+01  1  0   0  0   0   1         0
6043.251  6.043  0   0  2 4.015e+03 4.015e+00  2 1.064e+02 1.064e-01  1  0   0  0   0   1         0
6025.811  6.026  0   0  6 9.265e+02 9.265e-01  6 5.677e+03 5.677e+00  1  0   0  0   0   1         0
6012.804  6.013  0   0  2 3.571e+03 3.571e+00  2 1.773e+04 1.773e+01  1  0   0  0   0   1         0
6034.756  6.035  0   0  1 1.442e+04 1.442e+01  0 2.488e+04 2.488e+01  1  0   0  0   0   1         0
6021.864  6.022  0   0  4 9.064e+03 9.064e+00  4 7.593e+02 7.593e-01  1  0   0  0   0   1         0
6040.247  6.040  0   0  2 9.827e+02 9.827e-01  2 3.888e+03 3.888e+00  1  0   0  0   0   1         0
6049.976  6.050  0   0  0 1.814e+03 1.814e+00  0 2.671e+01 2.671e-02  1  0   0  0   0   1         0
6017.569  6.018  0   0  3 1.485e+04 1.485e+01  0 2.151e+04 2.151e+01  1  0   0  0   0   1         0
6012.314  6.012  0   0  2 2.380e+04 2.380e+01  2 3.302e+04 3.302e+01  1  0   0  0   0   1         0
6013.469  6.013  0   0  2 7.462e+02 7.462e-01  2 3.115e+02 3.115e-01  1  0   0  0   0   1         0
6004.710  6.005  0   0  3 5.237e+02 5.237e-01  0 4.317e+03 4.317e+00  1  0   0  0   0   1         0
6019.823  6.020  0   0  1 2.711e+03 2.711e+00  0 5.084e+02 5.084e-01  1  0   0  0   0   1         0
6000.880  6.001  0   0  5 9.266e+02 9.266e-01  0 8.576e+03 8.576e+00  1  0   0  0   0   1         0
6005.771  6.006  0   0  4 1.097e+04 1.097e+01  4 4.149e+03 4.149e+00  1  0   0  0   0   1         0
6013.685  6.014  0   0  2 1.673e+03 1.673e+00  2 3.691e+03 3.691e+00  1  0   0  0   0   1         0
6051.745  6.052  0   0  0 3.737e+03 3.737e+00  0 4.260e+03 4.260e+00  1  0   0  0   0   1         0
6063.856  6.064  0   0  0 7.017e+02 7.017e-01  0 3.783e+04 3.783e+01  1  0   0  0   0   1         0
6087.687  6.088  0   0  0 8.715e+03 8.715e+00  0 3.514e+03 3.514e+00  1  0   0  0   0   1         0
6079.018  6.079  0   0  0 3.446e+03 3.446e+00  0 1.064e+04 1.064e+01  1  0   0  0   0   1         0
6090.385  6.090  0   0  3 1.045e+04 1.045e+01  0 2.095e+04 2.095e+01  1  0   0  0   0   1         0
6077.257  6.077  0   0  2 1.418e+03 1.418e+00  2 6.221e+03 6.221e+00  1  0   0  0   0   1         0
6092.766  6.093  0   0  4 1.385e+03 1.385e+00  4 9.666e+03 9.666e+00  1  0   0  0   0   1         0
6089.883  6.090  0   0  2 5.942e+03 5.942e+00  2 2.439e+04 2.439e+01  1  0   0  0   0   1         0
6054.958  6.055  0   0  1 5.812e+03 5.812e+00  0 8.757e+03 8.757e+00  1  0   0  0   0   1         0
6098.861  6.099  0   0  4 3.451e+02 3.451e-01  4 5.133e+02 5.133e-01  1  0   0  0   0   1         0
6050.745  6.051  0   0  4 2.323e+03 2.323e+00  4 3.131e+04 3.131e+01  1  0   0  0   0   1         0
6079.961  6.080  0   0  3 2.607e+04 2.607e+01  0 1.773e+04 1.773e+01  1  0   0  0   0   1         0
6089.706  6.090  0   0  1 1.092e+03 1.092e+00  0 5.171e+03 5.171e+00  1  0   0  0   0   1         0
6066.705  6.067  0   0  3 3.453e+02 3.453e-01  0 7.349e+04 7.349e+01  1  0   0  0   0   1         0
6080.047  6.080  0   0  6 3.220e+03 3.220e+00  6 4.606e+00 4.606e-03  1  0   0  0   0   1         0
6068.221  6.068  0   0  3 6.680e+03 6.680e+00  0 8.284e+03 8.284e+00  1  0   0  0   0   1         0
6053.059  6.053  0   0  7 1.534e+03 1.534e+00  0 6.421e+01 6.421e-02  1  0   0  0   0   1         0
6050.427  6.050  0   0  7 1.576e+04 1.576e+01  0 2.364e+03 2.364e+00  1  0   0  0   0   1         0
6054.786  6.055  0   0  0 4.696e+02 4.696e-01  0 8.365e+02 8.365e-01  1  0   0  0   0   1         0
6149.782  6.150  0   0  0 3.780e+01 3.780e-02  0 3.249e+03 3.249e+00  1  0   0  0   0   1         0
6118.660  6.119  0   0  6 2.851e+04 2.851e+01  6 1.435e+03 1.435e+00  1  0   0  0   0   1         0
6135.561  6.136  0   0  3 3.918e+03 3.918e+00  0 8.347e+01 8.347e-02  1  0   0  0   0   1         0
6120.506  6.121  0   0  1 1.467e+02 1.467e-01  0 3.938e+00 3.938e-03  1  0   0  0   0   1         0
6107.034  6.107  0   0  6 1.239e+03 1.239e+00  6 1.150e+04 1.150e+01  1  0   0  0   0   1         0
6116.955  6.117  0   0  3 9.610e+03 9.610e+00  0 1.971e+04 1.971e+01  1  0   0  0   0   1         0
6111.756  6.112  0   0  4 3.615e+03 3.615e+00  4 1.404e+04 1.404e+01  1  0   0  0   0   1         0
6116.511  6.117  0   0  5 1.166e+03 1.166e+00  0 1.613e+03 1.613e+00  1  0   0  0   0   1         0
6110.833  6.111  0   0  4 8.374e+03 8.374e+00  4 5.316e+03 5.316e+00  1  0   0  0   0   1         0
6105.666  6.106  0   0  1 6.485e+02 6.485e-01  0 1.960e+03 1.960e+00  1  0   0  0   0   1         0
6110.954  6.111  0   0  1 6.046e+03 6.046e+00  0 1.156e+04 1.156e+01  1  0   0  0   0   1         0
6145.329  6.145  0   0  4 1.699e+04 1.699e+01  4 9.454e+01 9.454e-02  1  0   0  0   0   1         0
6104.299  6.104  0   0  4 2.333e+03 2.333e+00  4 7.575e+03 7.575e+00  1  0   0  0   0   1         0
6116.345  6.116  0   0  4 6.059e+03 6.059e+00  4 1.255e+04 1.255e+01  1  0   0  0   0   1         0
6126.544  6.127  0   0  3 4.077e+03 4.077e+00  0 6.274e+03 6.274e+00  1  0   0  0   0   1         0
6117.837  6.118  0   0  6 1.216e+03 1.216e+00  6 6.978e+03 6.978e+00  1  0   0  0   0   1         0
6126.002  6.126  0   0  0 3.099e+03 3.099e+00  0 6.160e+02 6.160e-01  1  0   0  0   0   1         0
6102.191  6.102  0   0  3 7.675e+03 7.675e+00  0 1.271e+03 1.271e+00  1  0   0  0   0   1         0
6132.539  6.133  0   0  3 7.039e+00 7.039e-03  0 7.950e+02 7.950e-01  1  0   0  0   0   1         0
6128.293  6.128  0   0  4 7.410e+03 7.410e+00  4 8.663e+03 8.663e+00  1  0   0  0   0   1         0
6134.154  6.134  0   0  0 2.566e-01 2.566e-04  0 3.362e+02 3.362e-01  1  0   0  0   0   1         0
6128.482  6.128  0   0  6 2.574e+03 2.574e+00  6 2.327e+04 2.327e+01  1  0   0  0   0   1         0
6122.015  6.122  0   0  2 1.265e+04 1.265e+01  2 1.425e+04 1.425e+01  1  0   0  0   0   1         0
6117.618  6.118  0   0  3 2.678e+03 2.678e+00  0 4.242e+03 4.242e+00  1  0   0  0   0   1         0
6111.407  6.111  0   0  0 1.590e-02 1.590e-05  0 1.113e+02 1.113e-01  1  0   0  0   0   1         0
6125.125  6.125  0   0  4 5.660e+02 5.660e-01  4 1.490e+01 1.490e-02  1  0   0  0   0   1         0
6101.315  6.101  0   0  7 2.611e+03 2.611e+00  0 1.294e+03 1.294e+00  1  0   0  0   0   1         0
6116.520  6.117  0   0  5 8.721e-03 8.721e-06  0 9.050e+02 9.050e-01  1  0   0  0   0   1         0
6133.999  6.134  0   0  1 3.976e+03 3.976e+00  0 1.395e+04 1.395e+01  1  0   0  0   0   1         0
6196.361  6.196  0   0  0 1.356e+03 1.356e+00  0 1.280e+04 1.280e+01  1  0   0  0   0   1         0
6183.115  6.183  0   0  2 5.645e+03 5.645e+00  2 9.675e+02 9.675e-01  1  0   0  0   0   1         0
6159.946  6.160  0   0  3 8.622e+03 8.622e+00  0 1.065e+03 1.065e+00  1  0   0  0   0   1         0
6154.302  6.154  0   0  6 9.202e+03 9.202e+00  6 1.836e+04 1.836e+01  1  0   0  0   0   1         0
6161.687  6.162  0   0  3 7.072e+03 7.072e+00  0 1.515e+03 1.515e+00  1  0   0  0   0   1         0
6198.115  6.198  0   0  2 2.200e+03 2.200e+00  2 2.309e+04 2.309e+01  1  0   0  0   0   1         0
6198.134  6.198  0   0  4 6.634e+02 6.634e-01  4 2.311e+03 2.311e+00  1  0   0  0   0   1         0
6169.209  6.169  0   0  0 1.101e+03 1.101e+00  0 6.852e+03 6.852e+00  1  0   0  0   0   1         0
6166.395  6.166  0   0  1 1.915e+01 1.915e-02  0 6.750e+03 6.750e+00  1  0   0  0   0   1         0
6175.620  6.176  0   0  1 2.885e+04 2.885e+01  0 1.070e+04 1.070e+01  1  0   0  0   0   1         0
6164.683  6.165  0   0  4 1.583e+04 1.583e+01  4 1.122e+04 1.122e+01  1  0   0  0   0   1         0
6198.992  6.199  0   0  3 2.794e+04 2.794e+01  0 1.737e+03 1.737e+00  1  0   0  0   0   1         0
6161.143  6.161  0   0  5 8.866e+02 8.866e-01  0 1.010e+04 1.010e+01  1  0   0  0   0   1         0
6168.568  6.169  0   0  2 9.148e+02 9.148e-01  2 3.797e+02 3.797e-01  1  0   0  0   0   1         0
6171.585  6.172  0   0  4 2.332e+02 2.332e-01  4 1.241e+04 1.241e+01  1  0   0  0   0   1         0
6156.306  6.156  0   0  0 1.175e+04 1.175e+01  0 2.364e+03 2.364e+00  1  0   0  0   0   1         0
6169.254  6.169  0   0  4 3.587e+03 3.587e+00  4 1.370e+04 1.370e+01  1  0   0  0   0   1         0
6192.894  6.193  0   0  4 1.202e+04 1.202e+01  4 7.656e+02 7.656e-01  1  0   0  0   0   1         0
6157.076  6.157  0   0  3 1.929e+03 1.929e+00  0 1.866e+04 1.866e+01  1  0   0  0   0   1         0
6179.317  6.179  0   0  2 5.907e+03 5.907e+00  2 5.212e+03 5.212e+00  1  0   0  0   0   1         0
6170.447  6.170  0   0  4 4.387e+03 4.387e+00  4 6.745e-01 6.745e-04  1  0   0  0   0   1         0
6158.595  6.159  0   0  7 1.957e+04 1.957e+01  0 1.376e+03 1.376e+00  1  0   0  0   0   1         0
6150.623  6.151  0   0  4 1.217e+03 1.217e+00  4 3.332e+03 3.332e+00  1  0   0  0   0   1         0
6163.762  6.164  0   0  2 2.538e+02 2.538e-01  2 6.371e+03 6.371e+00  1  0   0  0   0   1         0
6239.874  6.240  0   0  1 4.573e+03 4.573e+00  0 1.485e+01 1.485e-02  1  0   0  0   0   1         0
6247.819  6.248  0   0  1 4.712e+02 4.712e-01  0 2.870e+03 2.870e+00  1  0   0  0   0   1         0
6206.587  6.207  0   0  4 1.270e+03 1.270e+00  4 4.772e+03 4.772e+00  1  0   0  0   0   1         0
6244.243  6.244  0   0  3 8.030e+02 8.030e-01  0 2.099e+04 2.099e+01  1  0   0  0   0   1         0
6235.337  6.235  0   0  7 1.399e+04 1.399e+01  0 1.761e+04 1.761e+01  1  0   0  0   0   1         0
6234.727  6.235  0   0  3 2.526e+03 2.526e+00  0 8.031e+03 8.031e+00  1  0   0  0   0   1         0
6218.825  6.219  0   0  0 1.920e+03 1.920e+00  0 1.235e+04 1.235e+01  1  0   0  0   0   1         0
6217.301  6.217  0   0  5 1.013e+04 1.013e+01  0 1.031e+01 1.031e-02  1  0   0  0   0   1         0
6200.285  6.200  0   0  0 9.808e+02 9.808e-01  0 3.876e+04 3.876e+01  1  0   0  0   0   1         0
6249.118  6.249  0   0  5 5.478e+02 5.478e-01  0 1.520e+04 1.520e+01  1  0   0  0   0   1         0
6230.437  6.230  0   0  4 3.757e+03 3.757e+00  4 1.274e+04 1.274e+01  1  0   0  0   0   1         0
6220.229  6.220  0   0  1 1.683e+02 1.683e-01  0 3.897e+04 3.897e+01  1  0   0  0   0   1         0
6227.304  6.227  0   0  0 1.297e+03 1.297e+00  0 2.205e+04 2.205e+01  1  0   0  0   0   1         0
6202.045  6.202  0   0  3 4.700e+04 4.700e+01  0 1.289e+02 1.289e-01  1  0   0  0   0   1         0
6208.750  6.209  0   0  3 1.398e+04 1.398e+01  0 5.820e+03 5.820e+00  1  0   0  0   0   1         0
6231.278  6.231  0   0  0 8.208e+03 8.208e+00  0 3.197e+03 3.197e+00  1  0   0  0   0   1         0
6225.830  6.226  0   0  1 1.548e+03 1.548e+00  0 1.991e+03 1.991e+00  1  0   0  0   0   1         0
6239.432  6.239  0   0  5 3.526e+04 3.526e+01  0 2.196e+03 2.196e+00  1  0   0  0   0   1         0
6233.042  6.233  0   0  0 1.475e+03 1.475e+00  0 1.345e+04 1.345e+01  1  0   0  0   0   1         0
6230.184  6.230  0   0  7 1.757e+03 1.757e+00  0 3.733e+03 3.733e+00  1  0   0  0   0   1         0
6240.833  6.241  0   0  5 1.247e+03 1.247e+00  0 3.108e+03 3.108e+00  1  0   0  0   0   1         0
6203.443  6.203  0   0  3 2.278e+03 2.278e+00  0 3.548e+04 3.548e+01  1  0   0  0   0   1         0
6234.644  6.235  0   0  1 2.172e+03 2.172e+00  0 3.475e+02 3.475e-01  1  0   0  0   0   1         0
6235.874  6.236  0   0  1 2.702e+04 2.702e+01  0 4.910e+03 4.910e+00  1  0   0  0   0   1         0
6213.852  6.214  0   0  4 1.907e+02 1.907e-01  4 9.688e+03 9.688e+00  1  0   0  0   0   1         0
6209.856  6.210  0   0  4 1.591e+04 1.591e+01  4 6.969e+02 6.969e-01  1  0   0  0   0   1         0
6210.772  6.211  0   0  1 8.063e+03 8.063e+00  0 4.327e+04 4.327e+01  1  0   0  0   0   1         0
6292.078  6.292  0   0  5 1.605e+04 1.605e+01  0 2.095e+03 2.095e+00  1  0   0  0   0   1         0
6276.926  6.277  0   0  1 9.865e+02 9.865e-01  0 6.328e+04 6.328e+01  1  0   0  0   0   1         0
6291.206  6.291  0   0  3 4.273e+02 4.273e-01  0 1.387e+04 1.387e+01  1  0   0  0   0   1         0
6277.532  6.278  0   0  3 4.552e+03 4.552e+00  0 8.723e+02 8.723e-01  1  0   0  0   0   1         0
6257.352  6.257  0   0  2 8.903e+01 8.903e-02  2 8.035e+02 8.035e-01  1  0   0  0   0   1         0
6253.995  6.254  0   0  3 6.808e+03 6.808e+00  0 7.662e+03 7.662e+00  1  0   0  0   0   1         0
6297.879  6.298  0   0  5 4.358e+03 4.358e+00  0 3.699e+02 3.699e-01  1  0   0  0   0   1         0
6271.402  6.271  0   0  2 7.658e+01 7.658e-02  2 1.028e+03 1.028e+00  1  0   0  0   0   1         0
6267.631  6.268  0   0  5 9.707e+03 9.707e+00  0 9.606e+03 9.606e+00  1  0   0  0   0   1         0
6267.921  6.268  0   0  2 2.135e+03 2.135e+00  2 1.182e+03 1.182e+00  1  0   0  0   0   1         0
6269.055  6.269  0   0  2 3.621e+03 3.621e+00  2 5.990e+03 5.990e+00  1  0   0  0   0   1         0
6297.273  6.297  0   0  5 1.231e+02 1.231e-01  0 4.773e+03 4.773e+00  1  0   0  0   0   1         0
6253.162  6.253  0   0  0 1.708e+04 1.708e+01  0 2.490e-01 2.490e-04  1  0   0  0   0   1         0
6256.001  6.256  0   0  1 7.974e+03 7.974e+00  0 6.458e+02 6.458e-01  1  0   0  0   0   1         0
6289.558  6.290  0   0  2 2.030e+03 2.030e+00  2 5.593e+03 5.593e+00  1  0   0  0   0   1         0
6277.584  6.278  0   0  1 1.722e+03 1.722e+00  0 5.194e+03 5.194e+00  1  0   0  0   0   1         0
6256.478  6.256  0   0  3 7.496e+03 7.496e+00  0 1.794e+04 1.794e+01  1  0   0  0   0   1         0
6251.738  6.252  0   0  0 1.614e+04 1.614e+01  0 2.267e+03 2.267e+00  1  0   0  0   0   1         0
6261.292  6.261  0   0  4 5.527e+00 5.527e-03  4 1.356e+04 1.356e+01  1  0   0  0   0   1         0
6263.129  6.263  0   0  2 2.721e+03 2.721e+00  2 6.817e+04 6.817e+01  1  0   0  0   0   1         0
6250.717  6.251  0   0  3 3.344e+03 3.344e+00  0 1.163e+04 1.163e+01  1  0   0  0   0   1         0
6260.883  6.261  0   0  3 1.319e+04 1.319e+01  0 7.188e+01 7.188e-02  1  0   0  0   0   1         0
6287.004  6.287  0   0  2 2.661e+02 2.661e-01  2 1.088e+03 1.088e+00  1  0   0  0   0   1         0
6338.643  6.339  0   0  2 1.191e+04 1.191e+01  2 3.913e+04 3.913e+01  1  0   0  0   0   1         0
6319.254  6.319  0   0  0 1.850e+03 1.850e+00  0 3.107e+04 3.107e+01  1  0   0  0   0   1         0
6308.683  6.309  0   0  3 1.707e+04 1.707e+01  0 9.455e+03 9.455e+00  1  0   0  0   0   1         0
6305.590  6.306  0   0  0 7.520e+00 7.520e-03  0 2.766e+03 2.766e+00  1  0   0  0   0   1         0
6304.393  6.304  0   0  5 2.461e+02 2.461e-01  0 4.361e+02 4.361e-01  1  0   0  0   0   1         0
6319.671  6.320  0   0  2 1.701e+04 1.701e+01  2 2.000e+04 2.000e+01  1  0   0  0   0   1         0
6302.297  6.302  0   0  5 8.559e+02 8.559e-01  0 3.359e+03 3.359e+00  1  0   0  0   0   1         0
6316.782  6.317  0   0  8 3.214e+03 3.214e+00  8 8.726e+01 8.726e-02  1  0   0  0   0   1         0
6348.093  6.348  0   0  6 7.479e+03 7.479e+00  6 1.020e+04 1.020e+01  1  0   0  0   0   1         0
6325.488  6.325  0   0  2 9.196e+03 9.196e+00  2 1.097e+04 1.097e+01  1  0   0  0   0   1         0
6341.197  6.341  0   0  5 9.778e+02 9.778e-01  0 2.329e+02 2.329e-01  1  0   0  0   0   1         0
6306.514  6.307  0   0  2 2.914e+01 2.914e-02  2 2.327e+04 2.327e+01  1  0   0  0   0   1         0
6313.493  6.313  0   0  4 1.477e+04 1.477e+01  4 5.071e+03 5.071e+00  1  0   0  0   0   1         0
6347.350  6.347  0   0  3 1.835e+04 1.835e+01  0 1.197e+04 1.197e+01  1  0   0  0   0   1         0
6319.284  6.319  0   0  1 3.887e+01 3.887e-02  0 2.065e+03 2.065e+00  1  0   0  0   0   1         0
6332.523  6.333  0   0  5 4.728e+02 4.728e-01  0 3.387e+01 3.387e-02  1  0   0  0   0   1         0
6348.817  6.349  0   0  4 8.478e+03 8.478e+00  4 4.164e+02 4.164e-01  1  0   0  0   0   1         0
6327.651  6.328  0   0  2 1.943e+03 1.943e+00  2 2.779e+03 2.779e+00  1  0   0  0   0   1         0
6315.363  6.315  0   0  3 2.216e+04 2.216e+01  0 4.498e+03 4.498e+00  1  0   0  0   0   1         0
6326.710  6.327  0   0  1 3.662e+04 3.662e+01  0 2.505e+04 2.505e+01  1  0   0  0   0   1         0
6302.755  6.303  0   0  5 2.363e+03 2.363e+00  0 2.873e+03 2.873e+00  1  0   0  0   0   1         0
6305.664  6.306  0   0  0 1.716e+03 1.716e+00  0 1.038e+03 1.038e+00  1  0   0  0   0   1         0
6300.362  6.300  0   0  3 9.649e+02 9.649e-01  0 2.548e+02 2.548e-01  1  0   0  0   0   1         0
6344.256  6.344  0   0  1 2.675e+03 2.675e+00  0 9.149e+03 9.149e+00  1  0   0  0   0   1         0
6333.663  6.334  0   0  3 3.129e+02 3.129e-01  0 2.858e+03 2.858e+00  1  0   0  0   0   1         0
6315.011  6.315  0   0  2 7.896e+03 7.896e+00  2 1.142e+03 1.142e+00  1  0   0  0   0   1         0
6311.136  6.311  0   0  0 2.803e+03 2.803e+00  0 1.613e+04 1.613e+01  1  0   0  0   0   1         0
6334.251  6.334  0   0  1 1.523e+03 1.523e+00  0 3.175e+03 3.175e+00  1  0   0  0   0   1         0
6346.010  6.346  0   0  1 4.490e+03 4.490e+00  0 2.296e+03 2.296e+00  1  0   0  0   0   1         0
6315.052  6.315  0   0  5 1.853e+03 1.853e+00  0 3.985e+03 3.985e+00  1  0   0  0   0   1         0
6373.002  6.373  0   0  0 2.691e+04 2.691e+01  0 2.897e+04 2.897e+01  1  0   0  0   0   1         0
6390.878  6.391  0   0  4 7.299e+03 7.299e+00  4 5.236e+03 5.236e+00  1  0   0  0   0   1         0
6395.578  6.396  0   0  2 3.206e+04 3.206e+01  2 2.444e+04 2.444e+01  1  0   0  0   0   1         0
6389.413  6.389  0   0  1 5.774e+03 5.774e+00  0 6.423e+02 6.423e-01  1  0   0  0   0   1         0
6379.247  6.379  0   0  3 6.395e+03 6.395e+00  0 2.943e+04 2.943e+01  1  0   0  0   0   1         0
6377.182  6.377  0   0  1 3.638e+02 3.638e-01  0 2.576e+03 2.576e+00  1  0   0  0   0   1         0
6382.332  6.382  0   0  1 5.131e+03 5.131e+00  0 2.366e+03 2.366e+00  1  0   0  0   0   1         0
6364.483  6.364  0   0  0 1.689e+02 1.689e-01  0 6.377e+03 6.377e+00  1  0   0  0   0   1         0
6390.659  6.391  0   0  3 4.574e+03 4.574e+00  0 4.265e+03 4.265e+00  1  0   0  0   0   1         0
6392.896  6.393  0   0  3 9.636e+02 9.636e-01  0 1.793e+04 1.793e+01  1  0   0  0   0   1         0
6363.448  6.363  0   0  5 3.296e+02 3.296e-01  0 1.102e+04 1.102e+01  1  0   0  0   0   1         0
6395.179  6.395  0   0  4 3.627e+03 3.627e+00  4 1.396e+03 1.396e+00  1  0   0  0   0   1         0
6392.493  6.392  0   0  4 1.023e+03 1.023e+00  4 1.484e+03 1.484e+00  1  0   0  0   0   1         0
6371.333  6.371  0   0  3 1.095e+02 1.095e-01  0 9.493e+02 9.493e-01  1  0   0  0   0   1         0
6395.486  6.395  0   0  3 1.092e+04 1.092e+01  0 1.810e+04 1.810e+01  1  0   0  0   0   1         0
6356.069  6.356  0   0  1 1.104e+04 1.104e+01  0 3.326e+02 3.326e-01  1  0   0  0   0   1         0
6351.411  6.351  0   0  4 3.245e+02 3.245e-01  4 3.856e+01 3.856e-02  1  0   0  0   0   1         0
6367.494  6.367  0   0  0 4.364e+03 4.364e+00  0 7.534e+04 7.534e+01  1  0   0  0   0   1         0
6378.380  6.378  0   0  1 8.265e+00 8.265e-03  0 1.217e+04 1.217e+01  1  0   0  0   0   1         0
6367.673  6.368  0   0  2 8.488e+02 8.488e-01  2 1.204e+04 1.204e+01  1  0   0  0   0   1         0
6397.127  6.397  0   0  3 1.772e+04 1.772e+01  0 4.602e+02 4.602e-01  1  0   0  0   0   1         0
6362.820  6.363  0   0  4 3.350e+03 3.350e+00  4 2.646e+03 2.646e+00  1  0   0  0   0   1         0
6364.151  6.364  0   0  6 4.640e+03 4.640e+00  6 7.227e+02 7.227e-01  1  0   0  0   0   1         0
6381.844  6.382  0   0  5 2.477e+03 2.477e+00  0 3.468e+03 3.468e+00  1  0   0  0   0   1         0
6350.195  6.350  0   0  6 4.291e+04 4.291e+01  6 5.333e+01 5.333e-02  1  0   0  0   0   1         0
6386.465  6.386  0   0  2 4.427e+03 4.427e+00  2 2.027e+04 2.027e+01  1  0   0  0   0   1         0
6368.978  6.369  0   0  5 3.588e+02 3.588e-01  0 1.136e+04 1.136e+01  1  0   0  0   0   1         0
6398.897  6.399  0   0  3 4.683e+01 4.683e-02  0 8.438e+03 8.438e+00  1  0   0  0   0   1         0
6384.665  6.385  0   0  1 5.004e+02 5.004e-01  0 8.438e+03 8.438e+00  1  0   0  0   0   1         0
6352.633  6.353  0   0  2 5.171e+03 5.171e+00  2 7.596e+03 7.596e+00  1  0   0  0   0   1         0
6354.669  6.355  0   0  6 1.637e+03 1.637e+00  6 3.615e+04 3.615e+01  1  0   0  0   0   1         0
6430.800  6.431  0   0  4 1.621e+04 1.621e+01  4 6.237e+04 6.237e+01  1  0   0  0   0   1         0
6444.380  6.444  0   0  2 1.516e+03 1.516e+00  2 4.388e+04 4.388e+01  1  0   0  0   0   1         0
6402.951  6.403  0   0  4 3.899e+02 3.899e-01  4 5.413e+04 5.413e+01  1  0   0  0   0   1         0
6441.943  6.442  0   0  5 3.053e+03 3.053e+00  0 1.812e+02 1.812e-01  1  0   0  0   0   1         0
6433.988  6.434  0   0  0 1.099e+03 1.099e+00  0 4.715e+03 4.715e+00  1  0   0  0   0   1         0
6418.100  6.418  0   0  6 3.030e+03 3.030e+00  6 1.666e+04 1.666e+01  1  0   0  0   0   1         0
6412.901  6.413  0   0  3 9.519e+03 9.519e+00  0 7.311e+03 7.311e+00  1  0   0  0   0   1         0
6405.281  6.405  0   0  4 4.930e+03 4.930e+00  4 1.048e-01 1.048e-04  1  0   0  0   0   1         0
6447.078  6.447  0   0  4 5.697e+03 5.697e+00  4 8.534e+03 8.534e+00  1  0   0  0   0   1         0
6407.149  6.407  0   0  1 2.527e+04 2.527e+01  0 1.233e+03 1.233e+00  1  0   0  0   0   1         0
6413.056  6.413  0   0  2 6.227e+03 6.227e+00  2 7.426e+03 7.426e+00  1  0   0  0   0   1         0
6434.648  6.435  0   0  2 3.096e+03 3.096e+00  2 2.449e-02 2.449e-05  1  0   0  0   0   1         0
6435.597  6.436  0   0  2 1.075e+04 1.075e+01  2 3.463e+03 3.463e+00  1  0   0  0   0   1         0
6408.097  6.408  0   0  2 5.836e+03 5.836e+00  2 1.132e+04 1.132e+01  1  0   0  0   0   1         0
6440.772  6.441  0   0  4 1.745e+04 1.745e+01  4 4.791e+04 4.791e+01  1  0   0  0   0   1         0
6425.623  6.426  0   0  3 8.868e+02 8.868e-01  0 3.065e+04 3.065e+01  1  0   0  0   0   1         0
6442.478  6.442  0   0  1 2.851e+03 2.851e+00  0 3.338e+02 3.338e-01  1  0   0  0   0   1         0
6404.399  6.404  0   0  0 2.733e+03 2.733e+00  0 4.143e+03 4.143e+00  1  0   0  0   0   1         0
6402.159  6.402  0   0  0 5.621e+02 5.621e-01  0 8.178e+03 8.178e+00  1  0   0  0   0   1         0
6431.950  6.432  0   0  3 1.515e+02 1.515e-01  0 4.976e+04 4.976e+01  1  0   0  0   0   1         0
6407.557  6.408  0   0  2 9.950e+01 9.950e-02  2 8.703e+01 8.703e-02  1  0   0  0   0   1         0
6426.356  6.426  0   0  8 1.901e+01 1.901e-02  8 1.232e+02 1.232e-01  1  0   0  0   0   1         0
6400.711  6.401  0   0  2 2.134e+04 2.134e+01  2 6.630e+02 6.630e-01  1  0   0  0   0   1         0
6486.371  6.486  0   0  2 1.681e+03 1.681e+00  2 7.963e+03 7.963e+00  1  0   0  0   0   1         0
6485.049  6.485  0   0  4 1.663e+04 1.663e+01  4 2.148e+04 2.148e+01  1  0   0  0   0   1         0
6451.317  6.451  0   0  2 7.532e+03 7.532e+00  2 2.346e+03 2.346e+00  1  0   0  0   0   1         0
6463.081  6.463  0   0  3 6.248e+02 6.248e-01  0 2.174e+04 2.174e+01  1  0   0  0   0   1         0
6492.052  6.492  0   0  3 2.594e+03 2.594e+00  0 3.146e+04 3.146e+01  1  0   0  0   0   1         0
6480.145  6.480  0   0  7 1.328e+04 1.328e+01  0 1.195e+03 1.195e+00  1  0   0  0   0   1         0
6480.212  6.480  0   0  2 2.954e+03 2.954e+00  2 1.015e+03 1.015e+00  1  0   0  0   0   1         0
6464.885  6.465  0   0  4 5.176e+03 5.176e+00  4 6.840e+04 6.840e+01  1  0   0  0   0   1         0
6463.091  6.463  0   0  3 1.548e+04 1.548e+01  0 3.154e+03 3.154e+00  1  0   0  0   0   1         0
6497.349  6.497  0   0  4 1.522e+03 1.522e+00  4 8.477e+03 8.477e+00  1  0   0  0   0   1         0
6486.472  6.486  0   0  4 1.161e+04 1.161e+01  4 4.293e+04 4.293e+01  1  0   0  0   0   1         0
6456.391  6.456  0   0  3 3.957e+03 3.957e+00  0 9.919e+00 9.919e-03  1  0   0  0   0   1         0
6496.910  6.497  0   0  1 3.475e+03 3.475e+00  0 2.821e+03 2.821e+00  1  0   0  0   0   1         0
6479.222  6.479  0   0  2 4.171e+03 4.171e+00  2 3.773e+03 3.773e+00  1  0   0  0   0   1         0
6466.763  6.467  0   0  1 3.783e+01 3.783e-02  0 6.910e+03 6.910e+00  1  0   0  0   0   1         0
6469.959  6.470  0   0  5 9.218e+02 9.218e-01  0 2.209e+03 2.209e+00  1  0   0  0   0   1         0
6486.355  6.486  0   0  1 1.808e+02 1.808e-01  0 5.446e+02 5.446e-01  1  0   0  0   0   1         0
6468.914  6.469  0   0  1 1.985e+04 1.985e+01  0 3.335e+04 3.335e+01  1  0   0  0   0   1         0
6479.041  6.479  0   0  6 2.588e+03 2.588e+00  6 2.855e+03 2.855e+00  1  0   0  0   0   1         0
6485.613  6.486  0   0  7 2.286e+02 2.286e-01  0 3.144e+03 3.144e+00  1  0   0  0   0   1         0
6459.836  6.460  0   0  2 1.830e+02 1.830e-01  2 2.262e+04 2.262e+01  1  0   0  0   0   1         0
6497.234  6.497  0   0  1 7.425e+03 7.425e+00  0 1.540e+04 1.540e+01  1  0   0  0   0   1         0
6518.434  6.518  0   0  4 2.579e+04 2.579e+01  4 1.521e+00 1.521e-03  1  0   0  0   0   1         0
6504.207  6.504  0   0  2 4.862e+03 4.862e+00  2 1.191e-01 1.191e-04  1  0   0  0   0   1         0
6541.435  6.541  0   0  4 1.477e+03 1.477e+00  4 4.422e+03 4.422e+00  1  0   0  0   0   1         0
6547.006  6.547  0   0  1 5.259e+03 5.259e+00  0 2.823e+03 2.823e+00  1  0   0  0   0   1         0
6533.389  6.533  0   0  6 9.083e+02 9.083e-01  6 6.204e+03 6.204e+00  1  0   0  0   0   1         0
6548.241  6.548  0   0  5 8.938e+02 8.938e-01  0 2.742e+01 2.742e-02  1  0   0  0   0   1         0
6546.731  6.547  0   0  0 2.292e+04 2.292e+01  0 9.421e+02 9.421e-01  1  0   0  0   0   1         0
6509.797  6.510  0   0  3 8.835e+03 8.835e+00  0 7.553e+02 7.553e-01  1  0   0  0   0   1         0
6536.643  6.537  0   0  0 3.357e+03 3.357e+00  0 1.097e+04 1.097e+01  1  0   0  0   0   1         0
6517.561  6.518  0   0  0 1.531e+03 1.531e+00  0 5.504e+02 5.504e-01  1  0   0  0   0   1         0
6524.481  6.524  0   0  4 1.203e+03 1.203e+00  4 5.358e+03 5.358e+00  1  0   0  0   0   1         0
6507.904  6.508  0   0  1 5.126e+00 5.126e-03  0 3.604e+04 3.604e+01  1  0   0  0   0   1         0
6548.749  6.549  0   0  5 3.808e+02 3.808e-01  0 1.848e+04 1.848e+01  1  0   0  0   0   1         0
6536.390  6.536  0   0  0 2.820e+02 2.820e-01  0 4.823e+03 4.823e+00  1  0   0  0   0   1         0
6513.428  6.513  0   0  3 7.078e+03 7.078e+00  0 2.814e+02 2.814e-01  1  0   0  0   0   1         0
6518.672  6.519  0   0  3 4.054e+02 4.054e-01  0 1.300e+04 1.300e+01  1  0   0  0   0   1         0
6521.227  6.521  0   0  2 1.710e+03 1.710e+00  2 2.007e+03 2.007e+00  1  0   0  0   0   1         0
6537.456  6.537  0   0  2 1.762e+03 1.762e+00  2 1.025e+04 1.025e+01  1  0   0  0   0   1         0
6546.314  6.546  0   0  2 5.487e+03 5.487e+00  2 6.028e+03 6.028e+00  1  0   0  0   0   1         0
6516.164  6.516  0   0  4 4.543e+04 4.543e+01  4 7.322e+03 7.322e+00  1  0   0  0   0   1         0
6523.730  6.524  0   0  6 1.006e+04 1.006e+01  6 1.239e+04 1.239e+01  1  0   0  0   0   1         0
6529.762  6.530  0   0  4 5.123e+03 5.123e+00  4 8.948e+03 8.948e+00  1  0   0  0   0   1         0
6519.768  6.520  0   0  0 1.019e+04 1.019e+01  0 1.797e+02 1.797e-01  1  0   0  0   0   1         0
6525.314  6.525  0   0  5 4.506e+03 4.506e+00  0 2.412e+03 2.412e+00  1  0   0  0   0   1         0
6505.325  6.505  0   0  5 5.232e+02 5.232e-01  0 1.299e+01 1.299e-02  1  0   0  0   0   1         0
6508.443  6.508  0   0  4 7.290e+03 7.290e+00  4 3.631e+03 3.631e+00  1  0   0  0   0   1         0
6520.156  6.520  0   0  6 2.833e+02 2.833e-01  6 1.946e+03 1.946e+00  1  0   0  0   0   1         0
6545.779  6.546  0   0  2 1.799e+03 1.799e+00  2 2.504e+02 2.504e-01  1  0   0  0   0   1         0
6517.564  6.518  0   0  6 7.902e+01 7.902e-02  6 1.280e+02 1.280e-01  1  0   0  0   0   1         0
6512.569  6.513  0   0  6 4.505e+03 4.505e+00  6 4.092e+04 4.092e+01  1  0   0  0   0   1         0
6583.012  6.583  0   0  2 1.484e+04 1.484e+01  2 3.923e+04 3.923e+01  1  0   0  0   0   1         0
6592.238  6.592  0   0  0 3.195e+00 3.195e-03  0 5.385e+02 5.385e-01  1  0   0  0   0   1         0
6582.756  6.583  0   0  4 7.458e+02 7.458e-01  4 1.185e+03 1.185e+00  1  0   0  0   0   1         0
6575.287  6.575  0   0  5 7.928e+02 7.928e-01  0 5.147e+03 5.147e+00  1  0   0  0   0   1         0
6569.585  6.570  0   0  2 3.066e+03 3.066e+00  2 5.444e+02 5.444e-01  1  0   0  0   0   1         0
6575.260  6.575  0   0  0 3.840e+03 3.840e+00  0 3.809e+02 3.809e-01  1  0   0  0   0   1         0
6576.227  6.576  0   0  5 5.331e+03 5.331e+00  0 1.439e+03 1.439e+00  1  0   0  0   0   1         0
6568.137  6.568  0   0  0 3.704e+02 3.704e-01  0 1.399e+04 1.399e+01  1  0   0  0   0   1         0
6572.508  6.573  0   0  0 6.315e+02 6.315e-01  0 1.144e+00 1.144e-03  1  0   0  0   0   1         0
6590.159  6.590  0   0  7 1.117e+03 1.117e+00  0 1.444e+04 1.444e+01  1  0   0  0   0   1         0
6570.926  6.571  0   0  4 4.619e+03 4.619e+00  4 9.436e+03 9.436e+00  1  0   0  0   0   1         0
6551.288  6.551  0   0  4 8.408e+03 8.408e+00  4 1.063e+04 1.063e+01  1  0   0  0   0   1         0
6564.235  6.564  0   0  2 1.357e+04 1.357e+01  2 1.221e+03 1.221e+00  1  0   0  0   0   1         0
6561.661  6.562  0   0  1 1.650e+03 1.650e+00  0 3.445e+04 3.445e+01  1  0   0  0   0   1         0
6589.747  6.590  0   0  4 8.506e+03 8.506e+00  4 5.204e+04 5.204e+01  1  0   0  0   0   1         0
6572.567  6.573  0   0  2 2.632e+04 2.632e+01  2 1.047e+01 1.047e-02  1  0   0  0   0   1         0
6564.099  6.564  0   0  3 2.350e+02 2.350e-01  0 2.685e+03 2.685e+00  1  0   0  0   0   1         0
6590.598  6.591  0   0  0 1.149e+04 1.149e+01  0 4.034e+02 4.034e-01  1  0   0  0   0   1         0
6550.969  6.551  0   0  3 4.171e+03 4.171e+00  0 3.890e+01 3.890e-02  1  0   0  0   0   1         0
6558.772  6.559  0   0  2 5.664e+01 5.664e-02  2 9.864e+03 9.864e+00  1  0   0  0   0   1         0
6591.407  6.591  0   0  2 1.610e+03 1.610e+00  2 5.257e+01 5.257e-02  1  0   0  0   0   1         0
6577.635  6.578  0   0  7 4.630e+03 4.630e+00  0 1.015e+03 1.015e+00  1  0   0  0   0   1         0
6588.754  6.589  0   0  1 2.519e+02 2.519e-01  0 1.337e+04 1.337e+01  1  0   0  0   0   1         0
6591.965  6.592  0   0  0 1.265e+02 1.265e-01  0 6.830e+03 6.830e+00  1  0   0  0   0   1         0
6597.120  6.597  0   0  1 6.143e+03 6.143e+00  0 7.714e+03 7.714e+00  1  0   0  0   0   1         0
6553.196  6.553  0   0  4 8.735e+02 8.735e-01  4 3.471e+03 3.471e+00  1  0   0  0   0   1         0
6590.028  6.590  0   0  3 4.166e+03 4.166e+00  0 4.707e+03 4.707e+00  1  0   0  0   0   1         0
6585.523  6.586  0   0  2 7.739e+02 7.739e-01  2 6.766e+01 6.766e-02  1  0   0  0   0   1         0
6560.419  6.560  0   0  2 1.375e+03 1.375e+00  2 1.260e+03 1.260e+00  1  0   0  0   0   1         0
6596.611  6.597  0   0  4 9.928e+02 9.928e-01  4 2.428e+03 2.428e+00  1  0   0  0   0   1         0
6609.402  6.609  0   0  1 7.965e+03 7.965e+00  0 2.094e+01 2.094e-02  1  0   0  0   0   1         0
6624.651  6.625  0   0  3 1.193e+01 1.193e-02  0 2.639e+03 2.639e+00  1  0   0  0   0   1         0
6628.291  6.628  0   0  0 7.295e+02 7.295e-01  0 9.057e+02 9.057e-01  1  0   0  0   0   1         0
6621.382  6.621  0   0  3 1.686e+03 1.686e+00  0 3.102e+01 3.102e-02  1  0   0  0   0   1         0
6613.709  6.614  0   0  2 8.205e+03 8.205e+00  2 3.194e-01 3.194e-04  1  0   0  0   0   1         0
6614.013  6.614  0   0  1 3.010e+01 3.010e-02  0 3.225e+01 3.225e-02  1  0   0  0   0   1         0
6649.610  6.650  0   0  3 6.182e+03 6.182e+00  0 3.253e+02 3.253e-01  1  0   0  0   0   1         0
6646.212  6.646  0   0  1 2.705e+03 2.705e+00  0 4.741e+03 4.741e+00  1  0   0  0   0   1         0
6603.824  6.604  0   0  1 2.776e+03 2.776e+00  0 1.745e+04 1.745e+01  1  0   0  0   0   1         0
6632.919  6.633  0   0  0 4.588e+03 4.588e+00  0 1.308e+04 1.308e+01  1  0   0  0   0   1         0
6622.945  6.623  0   0  2 5.313e+03 5.313e+00  2 1.692e+04 1.692e+01  1  0   0  0   0   1         0
6634.528  6.635  0   0  4 1.637e+03 1.637e+00  4 2.207e+04 2.207e+01  1  0   0  0   0   1         0
6629.946  6.630  0   0  1 3.510e+03 3.510e+00  0 1.496e+03 1.496e+00  1  0   0  0   0   1         0
6644.502  6.645  0   0  2 1.697e+03 1.697e+00  2 1.028e+05 1.028e+02  1  0   0  0   0   1         0
6603.375  6.603  0   0  0 1.012e+02 1.012e-01  0 1.070e+04 1.070e+01  1  0   0  0   0   1         0
6617.573  6.618  0   0  4 3.083e+02 3.083e-01  4 1.867e+04 1.867e+01  1  0   0  0   0   1         0
6649.280  6.649  0   0  1 6.145e+03 6.145e+00  0 8.204e+03 8.204e+00  1  0   0  0   0   1         0
6609.175  6.609  0   0  2 9.702e+03 9.702e+00  2 2.572e+04 2.572e+01  1  0   0  0   0   1         0
6606.412  6.606  0   0  4 3.033e+03 3.033e+00  4 4.681e+03 4.681e+00  1  0   0  0   0   1         0
6636.529  6.637  0   0  1 1.597e+03 1.597e+00  0 1.611e+03 1.611e+00  1  0   0  0   0   1         0
6638.942  6.639  0   0  1 7.999e+03 7.999e+00  0 1.148e+01 1.148e-02  1  0   0  0   0   1         0
6633.703  6.634  0   0  6 1.411e+04 1.411e+01  6 2.015e+03 2.015e+00  1  0   0  0   0   1         0
6638.880  6.639  0   0  5 7.758e+03 7.758e+00  0 3.031e+03 3.031e+00  1  0   0  0   0   1         0
6634.772  6.635  0   0  4 6.469e+03 6.469e+00  4 2.940e+04 2.940e+01  1  0   0  0   0   1         0
6606.836  6.607  0   0  7 3.049e+02 3.049e-01  0 8.462e+01 8.462e-02  1  0   0  0   0   1         0
6630.508  6.631  0   0  0 3.138e+03 3.138e+00  0 1.368e+02 1.368e-01  1  0   0  0   0   1         0
6638.914  6.639  0   0  4 2.899e+02 2.899e-01  4 6.584e+02 6.584e-01  1  0   0  0   0   1         0
6643.323  6.643  0   0  1 3.561e+03 3.561e+00  0 7.584e+03 7.584e+00  1  0   0  0   0   1         0
6612.387  6.612  0   0  3 8.651e+03 8.651e+00  0 3.139e+03 3.139e+00  1  0   0  0   0   1         0
6656.817  6.657  0   0  6 5.228e+03 5.228e+00  6 4.947e+03 4.947e+00  1  0   0  0   0   1         0
6679.970  6.680  0   0  6 2.386e+03 2.386e+00  6 4.688e+01 4.688e-02  1  0   0  0   0   1         0
6677.454  6.677  0   0  5 1.243e+01 1.243e-02  0 1.206e+04 1.206e+01  1  0   0  0   0   1         0
6659.272  6.659  0   0  1 5.453e+02 5.453e-01  0 2.096e+03 2.096e+00  1  0   0  0   0   1         0
6694.147  6.694  0   0  1 1.645e+04 1.645e+01  0 2.437e+03 2.437e+00  1  0   0  0   0   1         0
6697.854  6.698  0   0  1 1.582e+03 1.582e+00  0 4.028e+03 4.028e+00  1  0   0  0   0   1         0
6662.737  6.663  0   0  2 2.396e+03 2.396e+00  2 3.379e+03 3.379e+00  1  0   0  0   0   1         0
6660.410  6.660  0   0  1 2.752e+03 2.752e+00  0 2.783e+04 2.783e+01  1  0   0  0   0   1         0
6660.764  6.661  0   0  2 1.134e+03 1.134e+00  2 4.533e+03 4.533e+00  1  0   0  0   0   1         0
6669.466  6.669  0   0  7 1.380e+03 1.380e+00  0 8.019e+03 8.019e+00  1  0   0  0   0   1         0
6692.711  6.693  0   0  1 3.031e+00 3.031e-03  0 4.680e+04 4.680e+01  1  0   0  0   0   1         0
6679.894  6.680  0   0  1 4.543e+01 4.543e-02  0 1.754e+04 1.754e+01  1  0   0  0   0   1         0
6653.403  6.653  0   0  0 6.052e+03 6.052e+00  0 5.120e+02 5.120e-01  1  0   0  0   0   1         0
6673.749  6.674  0   0  3 1.038e+03 1.038e+00  0 4.629e+03 4.629e+00  1  0   0  0   0   1         0
6654.550  6.655  0   0  4 3.856e+03 3.856e+00  4 2.892e+03 2.892e+00  1  0   0  0   0   1         0
6670.407  6.670  0   0  3 1.299e+03 1.299e+00  0 5.248e+03 5.248e+00  1  0   0  0   0   1         0
6670.272  6.670  0   0  6 2.741e+03 2.741e+00  6 3.127e+03 3.127e+00  1  0   0  0   0   1         0
6682.509  6.683  0   0  0 9.572e+00 9.572e-03  0 8.517e+03 8.517e+00  1  0   0  0   0   1         0
6677.572  6.678  0   0  3 4.193e+03 4.193e+00  0 7.584e+03 7.584e+00  1  0   0  0   0   1         0
6693.781  6.694  0   0  2 1.428e+03 1.428e+00  2 6.693e+02 6.693e-01  1  0   0  0   0   1         0
6650.820  6.651  0   0  2 1.752e+03 1.752e+00  2 2.298e+04 2.298e+01  1  0   0  0   0   1         0
6688.770  6.689  0   0  7 4.257e+03 4.257e+00  0 1.243e+03 1.243e+00  1  0   0  0   0   1         0
6651.142  6.651  0   0  0 7.536e-01 7.536e-04  0 2.874e+02 2.874e-01  1  0   0  0   0   1         0
6665.299  6.665  0   0  4 9.929e+00 9.929e-03  4 1.093e+04 1.093e+01  1  0   0  0   0   1         0
6715.044  6.715  0   0  6 8.193e+03 8.193e+00  6 4.441e+04 4.441e+01  1  0   0  0   0   1         0
6748.721  6.749  0   0  8 1.058e+01 1.058e-02  8 2.603e+04 2.603e+01  1  0   0  0   0   1         0
6742.279  6.742  0   0  3 8.237e+03 8.237e+00  0 7.780e+03 7.780e+00  1  0   0  0   0   1         0
6732.621  6.733  0   0  3 4.902e+03 4.902e+00  0 9.603e+02 9.603e-01  1  0   0  0   0   1         0
6719.690  6.720  0   0  4 4.930e+03 4.930e+00  4 3.288e+02 3.288e-01  1  0   0  0   0   1         0
6735.636  6.736  0   0  4 8.892e+00 8.892e-03  4 2.831e+02 2.831e-01  1  0   0  0   0   1         0
6740.868  6.741  0   0  0 8.279e+01 8.279e-02  0 2.098e+04 2.098e+01  1  0   0  0   0   1         0
6715.248  6.715  0   0  2 4.629e+03 4.629e+00  2 3.552e+02 3.552e-01  1  0   0  0   0   1         0
6749.644  6.750  0   0  1 3.573e+03 3.573e+00  0 3.085e+03 3.085e+00  1  0   0  0   0   1         0
6745.463  6.745  0   0  7 9.433e+02 9.433e-01  0 4.739e+03 4.739e+00  1  0   0  0   0   1         0
6724.374  6.724  0   0  4 6.214e+03 6.214e+00  4 4.142e+03 4.142e+00  1  0   0  0   0   1         0
6736.220  6.736  0   0  2 2.367e+03 2.367e+00  2 3.862e+03 3.862e+00  1  0   0  0   0   1         0
6726.299  6.726  0   0  1 3.134e+03 3.134e+00  0 2.512e+04 2.512e+01  1  0   0  0   0   1         0
6738.118  6.738  0   0  7 1.335e+04 1.335e+01  0 2.651e+04 2.651e+01  1  0   0  0   0   1         0
6741.405  6.741  0   0  1 3.727e+03 3.727e+00  0 9.433e+03 9.433e+00  1  0   0  0   0   1         0
6701.170  6.701  0   0  4 1.684e+03 1.684e+00  4 1.374e+01 1.374e-02  1  0   0  0   0   1         0
6703.985  6.704  0   0  3 3.965e+03 3.965e+00  0 4.367e+02 4.367e-01  1  0   0  0   0   1         0
6716.912  6.717  0   0  6 4.959e+02 4.959e-01  6 5.102e+01 5.102e-02  1  0   0  0   0   1         0
6745.910  6.746  0   0  1 1.948e+03 1.948e+00  0 2.615e+02 2.615e-01  1  0   0  0   0   1         0
6720.008  6.720  0   0  2 2.610e+03 2.610e+00  2 4.537e+03 4.537e+00  1  0   0  0   0   1         0
6744.415  6.744  0   0  2 1.105e+02 1.105e-01  2 3.411e+03 3.411e+00  1  0   0  0   0   1         0
6723.220  6.723  0   0  5 4.968e+03 4.968e+00  0 5.425e+02 5.425e-01  1  0   0  0   0   1         0
6714.524  6.715  0   0  1 2.452e+02 2.452e-01  0 5.040e+03 5.040e+00  1  0   0  0   0   1         0
6745.067  6.745  0   0  0 1.742e+03 1.742e+00  0 3.301e+03 3.301e+00  1  0   0  0   0   1         0
6728.130  6.728  0   0  4 4.858e+04 4.858e+01  4 7.941e+03 7.941e+00  1  0   0  0   0   1         0
6718.115  6.718  0   0  4 2.058e+03 2.058e+00  4 5.566e+03 5.566e+00  1  0   0  0   0   1         0
6702.237  6.702  0   0  3 2.041e+02 2.041e-01  0 1.236e+03 1.236e+00  1  0   0  0   0   1         0
6705.586  6.706  0   0  3 2.524e+02 2.524e-01  0 4.102e+03 4.102e+00  1  0   0  0   0   1         0
6707.013  6.707  0   0  0 1.115e+04 1.115e+01  0 3.561e+03 3.561e+00  1  0   0  0   0   1         0
6718.333  6.718  0   0  4 2.471e+04 2.471e+01  4 3.736e+02 3.736e-01  1  0   0  0   0   1         0
6730.460  6.730  0   0  0 6.657e+03 6.657e+00  0 5.402e+02 5.402e-01  1  0   0  0   0   1         0
6715.464  6.715  0   0  2 1.064e+03 1.064e+00  2 4.941e+01 4.941e-02  1  0   0  0   0   1         0
6703.301  6.703  0   0  8 7.730e+03 7.730e+00  8 1.815e+04 1.815e+01  1  0   0  0   0   1         0
6713.317  6.713  0   0  6 1.285e+02 1.285e-01  6 2.671e+03 2.671e+00  1  0   0  0   0   1         0
6720.529  6.721  0   0  5 3.013e+04 3.013e+01  0 1.314e+03 1.314e+00  1  0   0  0   0   1         0
6749.616  6.750  0   0  3 3.946e+03 3.946e+00  0 1.200e+03 1.200e+00  1  0   0  0   0   1         0
6719.743  6.720  0   0  4 7.841e+03 7.841e+00  4 8.999e+02 8.999e-01  1  0   0  0   0   1         0
6704.492  6.704  0   0  6 1.468e+03 1.468e+00  6 1.201e+04 1.201e+01  1  0   0  0   0   1         0
6729.151  6.729  0   0  1 5.815e+03 5.815e+00  0 2.538e+04 2.538e+01  1  0   0  0   0   1         0
6793.667  6.794  0   0  6 4.440e+03 4.440e+00  6 1.773e+04 1.773e+01  1  0   0  0   0   1         0
6753.243  6.753  0   0  1 2.070e+03 2.070e+00  0 4.434e+04 4.434e+01  1  0   0  0   0   1         0
6787.914  6.788  0   0  4 4.916e+02 4.916e-01  4 1.325e+03 1.325e+00  1  0   0  0   0   1         0
6796.104  6.796  0   0  1 2.357e+04 2.357e+01  0 2.331e+03 2.331e+00  1  0   0  0   0   1         0
6781.158  6.781  0   0  0 6.546e+03 6.546e+00  0 3.778e+02 3.778e-01  1  0   0  0   0   1         0
6780.137  6.780  0   0  3 2.695e+03 2.695e+00  0 7.258e+01 7.258e-02  1  0   0  0   0   1         0
6752.267  6.752  0   0  3 3.943e+03 3.943e+00  0 2.941e+03 2.941e+00  1  0   0  0   0   1         0
6792.849  6.793  0   0  4 1.022e+04 1.022e+01  4 6.229e+03 6.229e+00  1  0   0  0   0   1         0
6752.337  6.752  0   0  2 2.768e+01 2.768e-02  2 2.298e+04 2.298e+01  1  0   0  0   0   1         0
6765.759  6.766  0   0  4 3.255e+03 3.255e+00  4 2.263e+04 2.263e+01  1  0   0  0   0   1         0
6796.319  6.796  0   0  0 7.792e+03 7.792e+00  0 2.473e+03 2.473e+00  1  0   0  0   0   1         0
6797.506  6.798  0   0  4 9.218e+02 9.218e-01  4 9.399e+03 9.399e+00  1  0   0  0   0   1         0
6799.598  6.800  0   0  0 7.455e+02 7.455e-01  0 8.714e+03 8.714e+00  1  0   0  0   0   1         0
6773.917  6.774  0   0  4 6.588e+02 6.588e-01  4 2.060e+04 2.060e+01  1  0   0  0   0   1         0
6758.928  6.759  0   0  5 1.494e+04 1.494e+01  0 1.158e+04 1.158e+01  1  0   0  0   0   1         0
6774.494  6.774  0   0  3 4.513e+02 4.513e-01  0 6.080e+02 6.080e-01  1  0   0  0   0   1         0
6755.151  6.755  0   0  2 2.306e+03 2.306e+00  2 4.699e+03 4.699e+00  1  0   0  0   0   1         0
6793.670  6.794  0   0  6 9.645e+03 9.645e+00  6 3.431e+00 3.431e-03  1  0   0  0   0   1         0
6778.122  6.778  0   0  5 2.953e+03 2.953e+00  0 1.413e+04 1.413e+01  1  0   0  0   0   1         0
6770.319  6.770  0   0  3 1.261e+04 1.261e+01  0 1.020e+04 1.020e+01  1  0   0  0   0   1         0
6754.005  6.754  0   0  4 2.642e+03 2.642e+00  4 1.223e+04 1.223e+01  1  0   0  0   0   1         0
6770.356  6.770  0   0  3 1.533e+02 1.533e-01  0 9.292e+03 9.292e+00  1  0   0  0   0   1         0
6793.354  6.793  0   0  2 5.817e+02 5.817e-01  2 2.656e+04 2.656e+01  1  0   0  0   0   1         0
6785.251  6.785  0   0  2 6.439e+03 6.439e+00  2 2.414e+01 2.414e-02  1  0   0  0   0   1         0
6754.152  6.754  0   0  1 3.638e+03 3.638e+00  0 3.917e+02 3.917e-01  1  0   0  0   0   1         0
6758.048  6.758  0   0  4 1.055e+04 1.055e+01  4 8.728e+02 8.728e-01  1  0   0  0   0   1         0
6769.708  6.770  0   0  2 7.611e+03 7.611e+00  2 1.603e+03 1.603e+00  1  0   0  0   0   1         0
6755.104  6.755  0   0  3 3.012e+02 3.012e-01  0 5.488e+04 5.488e+01  1  0   0  0   0   1         0
6815.020  6.815  0   0  2 7.004e+03 7.004e+00  2 1.278e+04 1.278e+01  1  0   0  0   0   1         0
6835.622  6.836  0   0  2 6.803e+03 6.803e+00  2 9.179e+03 9.179e+00  1  0   0  0   0   1         0
6814.208  6.814  0   0  7 1.687e+04 1.687e+01  0 5.396e+04 5.396e+01  1  0   0  0   0   1         0
6827.229  6.827  0   0  3 6.444e+01 6.444e-02  0 1.214e+02 1.214e-01  1  0   0  0   0   1         0
6826.425  6.826  0   0  7 4.302e+02 4.302e-01  0 8.931e+03 8.931e+00  1  0   0  0   0   1         0
6812.441  6.812  0   0  1 3.286e+03 3.286e+00  0 6.811e+03 6.811e+00  1  0   0  0   0   1         0
6817.481  6.817  0   0  4 5.126e+01 5.126e-02  4 1.960e+04 1.960e+01  1  0   0  0   0   1         0
6847.130  6.847  0   0  6 1.453e+04 1.453e+01  6 1.912e+03 1.912e+00  1  0   0  0   0   1         0
6812.602  6.813  0   0  6 6.559e+01 6.559e-02  6 1.413e+03 1.413e+00  1  0   0  0   0   1         0
6840.112  6.840  0   0  4 3.070e+04 3.070e+01  4 4.024e+04 4.024e+01  1  0   0  0   0   1         0
6833.453  6.833  0   0  5 5.314e+02 5.314e-01  0 1.613e+02 1.613e-01  1  0   0  0   0   1         0
6826.726  6.827  0   0  7 1.869e+03 1.869e+00  0 7.612e+03 7.612e+00  1  0   0  0   0   1         0
6806.921  6.807  0   0  4 5.419e+03 5.419e+00  4 4.483e+02 4.483e-01  1  0   0  0   0   1         0
6810.291  6.810  0   0  1 2.040e+02 2.040e-01  0 2.712e+03 2.712e+00  1  0   0  0   0   1         0
6809.005  6.809  0   0  3 4.881e+03 4.881e+00  0 4.035e+02 4.035e-01  1  0   0  0   0   1         0
6829.432  6.829  0   0  4 4.457e+03 4.457e+00  4 1.240e+03 1.240e+00  1  0   0  0   0   1         0
6848.679  6.849  0   0  0 4.083e+03 4.083e+00  0 9.629e+03 9.629e+00  1  0   0  0   0   1         0
6843.903  6.844  0   0  4 2.603e+01 2.603e-02  4 4.311e+02 4.311e-01  1  0   0  0   0   1         0
6801.272  6.801  0   0  1 5.174e+01 5.174e-02  0 8.289e+01 8.289e-02  1  0   0  0   0   1         0
6813.763  6.814  0   0  5 9.233e+03 9.233e+00  0 2.184e+03 2.184e+00  1  0   0  0   0   1         0
6807.914  6.808  0   0  5 1.793e+02 1.793e-01  0 1.952e+02 1.952e-01  1  0   0  0   0   1         0
6848.793  6.849  0   0  4 2.325e+03 2.325e+00  4 6.755e+02 6.755e-01  1  0   0  0   0   1         0
6811.850  6.812  0   0  4 2.815e+03 2.815e+00  4 7.829e+02 7.829e-01  1  0   0  0   0   1         0
6810.127  6.810  0   0  2 3.192e+02 3.192e-01  2 5.276e+03 5.276e+00  1  0   0  0   0   1         0
6831.133  6.831  0   0  7 1.283e+03 1.283e+00  0 1.146e+04 1.146e+01  1  0   0  0   0   1         0
6827.903  6.828  0   0  1 2.560e+01 2.560e-02  0 2.124e+00 2.124e-03  1  0   0  0   0   1         0
6811.360  6.811  0   0  3 6.085e+03 6.085e+00  0 1.357e+04 1.357e+01  1  0   0  0   0   1         0
6833.602  6.834  0   0  4 8.111e+03 8.111e+00  4 1.037e+03 1.037e+00  1  0   0  0   0   1         0
6804.884  6.805  0   0  7 4.611e+03 4.611e+00  0 2.125e+03 2.125e+00  1  0   0  0   0   1         0
6800.976  6.801  0   0  0 3.180e+03 3.180e+00  0 1.305e+04 1.305e+01  1  0   0  0   0   1         0
6804.150  6.804  0   0  6 9.731e+01 9.731e-02  6 5.089e+03 5.089e+00  1  0   0  0   0   1         0
6875.127  6.875  0   0  2 1.210e+04 1.210e+01  2 1.865e+02 1.865e-01  1  0   0  0   0   1         0
6860.071  6.860  0   0  2 3.295e+02 3.295e-01  2 6.918e+01 6.918e-02  1  0   0  0   0   1         0
6872.978  6.873  0   0  2 2.066e+03 2.066e+00  2 4.817e+02 4.817e-01  1  0   0  0   0   1         0
6892.534  6.893  0   0  0 1.270e+02 1.270e-01  0 1.608e+03 1.608e+00  1  0   0  0   0   1         0
6890.107  6.890  0   0  1 7.018e+03 7.018e+00  0 1.788e+04 1.788e+01  1  0   0  0   0   1         0
6858.204  6.858  0   0  5 1.561e+03 1.561e+00  0 1.871e+04 1.871e+01  1  0   0  0   0   1         0
6883.753  6.884  0   0  3 6.691e+02 6.691e-01  0 2.438e+04 2.438e+01  1  0   0  0   0   1         0
6892.888  6.893  0   0  4 5.381e+04 5.381e+01  4 2.830e+03 2.830e+00  1  0   0  0   0   1         0
6891.044  6.891  0   0  5 5.516e+02 5.516e-01  0 7.910e+03 7.910e+00  1  0   0  0   0   1         0
6871.374  6.871  0   0  2 1.356e+03 1.356e+00  2 1.217e+02 1.217e-01  1  0   0  0   0   1         0
6852.422  6.852  0   0  0 3.111e+02 3.111e-01  0 9.838e+03 9.838e+00  1  0   0  0   0   1         0
6896.582  6.897  0   0  2 3.244e+03 3.244e+00  2 1.920e+04 1.920e+01  1  0   0  0   0   1         0
6869.884  6.870  0   0  4 1.558e+04 1.558e+01  4 3.646e+02 3.646e-01  1  0   0  0   0   1         0
6868.136  6.868  0   0  6 3.633e+03 3.633e+00  6 1.469e+04 1.469e+01  1  0   0  0   0   1         0
6888.044  6.888  0   0  0 5.721e+02 5.721e-01  0 2.917e+01 2.917e-02  1  0   0  0   0   1         0
6863.272  6.863  0   0  2 1.958e+03 1.958e+00  2 1.284e+03 1.284e+00  1  0   0  0   0   1         0
6891.789  6.892  0   0  4 6.914e+01 6.914e-02  4 1.433e+04 1.433e+01  1  0   0  0   0   1         0
6853.829  6.854  0   0  3 7.830e+03 7.830e+00  0 2.870e+02 2.870e-01  1  0   0  0   0   1         0
6887.108  6.887  0   0  4 9.477e+03 9.477e+00  4 5.490e+03 5.490e+00  1  0   0  0   0   1         0
6898.302  6.898  0   0  1 2.556e+03 2.556e+00  0 9.445e+02 9.445e-01  1  0   0  0   0   1         0
6899.790  6.900  0   0  1 1.664e+04 1.664e+01  0 2.999e+02 2.999e-01  1  0   0  0   0   1         0
6896.216  6.896  0   0  0 3.507e+02 3.507e-01  0 6.398e+00 6.398e-03  1  0   0  0   0   1         0
6893.580  6.894  0   0  0 3.686e+03 3.686e+00  0 1.349e+04 1.349e+01  1  0   0  0   0   1         0
6864.020  6.864  0   0  6 5.225e+03 5.225e+00  6 3.990e+03 3.990e+00  1  0   0  0   0   1         0
6898.344  6.898  0   0  2 1.391e+03 1.391e+00  2 6.321e+01 6.321e-02  1  0   0  0   0   1         0
6896.420  6.896  0   0  1 6.798e+00 6.798e-03  0 3.279e+03 3.279e+00  1  0   0  0   0   1         0
6876.812  6.877  0   0  5 1.791e+04 1.791e+01  0 4.136e+03 4.136e+00  1  0   0  0   0   1         0
6870.194  6.870  0   0  0 1.754e+04 1.754e+01  0 4.253e+03 4.253e+00  1  0   0  0   0   1         0
6855.500  6.856  0   0  5 4.815e+02 4.815e-01  0 1.229e+04 1.229e+01  1  0   0  0   0   1         0
6879.622  6.880  0   0  0 2.774e+02 2.774e-01  0 2.502e+04 2.502e+01  1  0   0  0   0   1         0
6885.106  6.885  0   0  3 4.300e+02 4.300e-01  0 9.040e+03 9.040e+00  1  0   0  0   0   1         0
6870.290  6.870  0   0  3 1.061e+04 1.061e+01  0 1.326e+03 1.326e+00  1  0   0  0   0   1         0
6918.105  6.918  0   0  1 1.437e+02 1.437e-01  0 2.457e+03 2.457e+00  1  0   0  0   0   1         0
6907.964  6.908  0   0  6 6.794e+03 6.794e+00  6 3.155e+01 3.155e-02  1  0   0  0   0   1         0
6905.324  6.905  0   0  3 1.598e+04 1.598e+01  0 2.159e+04 2.159e+01  1  0   0  0   0   1         0
6904.785  6.905  0   0  5 5.286e+03 5.286e+00  0 1.044e+03 1.044e+00  1  0   0  0   0   1         0
6933.040  6.933  0   0  4 2.402e+03 2.402e+00  4 1.217e+04 1.217e+01  1  0   0  0   0   1         0
6930.719  6.931  0   0  5 9.716e+02 9.716e-01  0 2.381e+02 2.381e-01  1  0   0  0   0   1         0
6926.019  6.926  0   0  6 6.102e+02 6.102e-01  6 1.916e+03 1.916e+00  1  0   0  0   0   1         0
6925.109  6.925  0   0  2 1.114e+02 1.114e-01  2 8.603e+02 8.603e-01  1  0   0  0   0   1         0
6907.705  6.908  0   0  3 1.587e+01 1.587e-02  0 2.314e+01 2.314e-02  1  0   0  0   0   1         0
6925.123  6.925  0   0  3 5.404e+01 5.404e-02  0 5.121e+03 5.121e+00  1  0   0  0   0   1         0
6903.018  6.903  0   0  6 8.113e+02 8.113e-01  6 1.528e+03 1.528e+00  1  0   0  0   0   1         0
6946.318  6.946  0   0  4 1.667e+04 1.667e+01  4 1.758e+04 1.758e+01  1  0   0  0   0   1         0
6902.922  6.903  0   0  2 1.201e+01 1.201e-02  2 1.193e+03 1.193e+00  1  0   0  0   0   1         0
6921.267  6.921  0   0  3 1.892e-01 1.892e-04  0 1.076e+04 1.076e+01  1  0   0  0   0   1         0
6900.029  6.900  0   0  4 1.724e+02 1.724e-01  4 2.312e+03 2.312e+00  1  0   0  0   0   1         0
6939.369  6.939  0   0  2 1.957e+02 1.957e-01  2 4.929e+00 4.929e-03  1  0   0  0   0   1         0
6908.360  6.908  0   0  2 2.728e+03 2.728e+00  2 1.817e+02 1.817e-01  1  0   0  0   0   1         0
6946.271  6.946  0   0  1 5.687e+03 5.687e+00  0 2.276e+02 2.276e-01  1  0   0  0   0   1         0
6902.214  6.902  0   0  2 1.361e+00 1.361e-03  2 7.631e+03 7.631e+00  1  0   0  0   0   1         0
6941.094  6.941  0   0  7 1.044e+04 1.044e+01  0 2.367e+03 2.367e+00  1  0   0  0   0   1         0
6932.915  6.933  0   0  2 1.149e+03 1.149e+00  2 4.025e+02 4.025e-01  1  0   0  0   0   1         0
6912.557  6.913  0   0  2 9.145e+02 9.145e-01  2 2.864e+03 2.864e+00  1  0   0  0   0   1         0
6910.181  6.910  0   0  4 5.732e+03 5.732e+00  4 2.759e+01 2.759e-02  1  0   0  0   0   1         0
6917.969  6.918  0   0  1 1.497e+03 1.497e+00  0 6.733e+02 6.733e-01  1  0   0  0   0   1         0
6941.472  6.941  0   0  4 2.498e+02 2.498e-01  4 2.186e+02 2.186e-01  1  0   0  0   0   1         0
6943.142  6.943  0   0  5 6.733e+02 6.733e-01  0 5.928e+02 5.928e-01  1  0   0  0   0   1         0
6908.818  6.909  0   0  2 1.595e+02 1.595e-01  2 5.385e+02 5.385e-01  1  0   0  0   0   1         0
6917.757  6.918  0   0  4 3.253e+03 3.253e+00  4 1.317e+04 1.317e+01  1  0   0  0   0   1         0
6999.973  7.000  0   0  6 9.259e+02 9.259e-01  6 5.879e+02 5.879e-01  1  0   0  0   0   1         0
6997.114  6.997  0   0  3 2.927e+02 2.927e-01  0 1.246e+04 1.246e+01  1  0   0  0   0   1         0
6994.863  6.995  0   0  1 1.672e+02 1.672e-01  0 9.684e+03 9.684e+00  1  0   0  0   0   1         0
6981.200  6.981  0   0  4 1.029e+04 1.029e+01  4 2.195e+02 2.195e-01  1  0   0  0   0   1         0
6976.231  6.976  0   0  4 1.305e+04 1.305e+01  4 2.692e+01 2.692e-02  1  0   0  0   0   1         0
6976.905  6.977  0   0  1 5.168e+02 5.168e-01  0 1.629e+04 1.629e+01  1  0   0  0   0   1         0
6950.752  6.951  0   0  5 4.429e+03 4.429e+00  0 2.194e+03 2.194e+00  1  0   0  0   0   1         0
6975.065  6.975  0   0  5 1.235e+03 1.235e+00  0 1.820e+03 1.820e+00  1  0   0  0   0   1         0
6981.274  6.981  0   0  5 1.055e+00 1.055e-03  0 5.155e+04 5.155e+01  1  0   0  0   0   1         0
6983.017  6.983  0   0  2 9.324e+02 9.324e-01  2 1.035e+03 1.035e+00  1  0   0  0   0   1         0
6966.688  6.967  0   0  1 2.555e+02 2.555e-01  0 2.492e+00 2.492e-03  1  0   0  0   0   1         0
6973.655  6.974  0   0  1 1.403e+03 1.403e+00  0 2.332e+02 2.332e-01  1  0   0  0   0   1         0
6981.900  6.982  0   0  5 3.002e+03 3.002e+00  0 1.376e+04 1.376e+01  1  0   0  0   0   1         0
6971.505  6.972  0   0  2 2.048e+01 2.048e-02  2 2.162e+04 2.162e+01  1  0   0  0   0   1         0
6998.120  6.998  0   0  1 2.573e+03 2.573e+00  0 1.477e+00 1.477e-03  1  0   0  0   0   1         0
6985.348  6.985  0   0  2 4.911e+03 4.911e+00  2 2.376e+03 2.376e+00  1  0   0  0   0   1         0
6950.064  6.950  0   0  2 2.273e+03 2.273e+00  2 2.075e+03 2.075e+00  1  0   0  0   0   1         0
6951.172  6.951  0   0  1 3.048e+03 3.048e+00  0 5.846e+04 5.846e+01  1  0   0  0   0   1         0
6984.593  6.985  0   0  5 1.541e+04 1.541e+01  0 5.211e+03 5.211e+00  1  0   0  0   0   1         0
6970.721  6.971  0   0  6 5.145e+03 5.145e+00  6 1.356e+04 1.356e+01  1  0   0  0   0   1         0
6992.022  6.992  0   0  4 1.343e+04 1.343e+01  4 9.290e+02 9.290e-01  1  0   0  0   0   1         0
6958.703  6.959  0   0  0 7.537e+01 7.537e-02  0 2.490e+03 2.490e+00  1  0   0  0   0   1         0
6950.696  6.951  0   0  1 2.562e+04 2.562e+01  0 1.908e+03 1.908e+00  1  0   0  0   0   1         0
6969.491  6.969  0   0  0 5.051e+03 5.051e+00  0 1.978e+04 1.978e+01  1  0   0  0   0   1         0
6986.874  6.987  0   0  5 5.493e+03 5.493e+00  0 5.377e+03 5.377e+00  1  0   0  0   0   1         0
6998.596  6.999  0   0  2 3.101e+03 3.101e+00  2 6.588e+03 6.588e+00  1  0   0  0   0   1         0
6994.220  6.994  0   0  0 3.376e+01 3.376e-02  0 1.914e+04 1.914e+01  1  0   0  0   0   1         0
6974.295  6.974  0   0  4 5.634e+03 5.634e+00  4 1.307e+04 1.307e+01  1  0   0  0   0   1         0
6990.696  6.991  0   0  0 3.825e+01 3.825e-02  0 5.734e+03 5.734e+00  1  0   0  0   0   1         0
6953.540  6.954  0   0  2 7.233e+02 7.233e-01  2 2.108e+04 2.108e+01  1  0   0  0   0   1         0
6978.703  6.979  0   0  2 1.077e-01 1.077e-04  2 2.341e+03 2.341e+00  1  0   0  0   0   1         0
6996.240  6.996  0   0  5 2.144e+01 2.144e-02  0 2.890e+01 2.890e-02  1  0   0  0   0   1         0
6969.907  6.970  0   0  5 4.486e+04 4.486e+01  0 2.048e+03 2.048e+00  1  0   0  0   0   1         0
6998.019  6.998  0   0  2 1.491e+04 1.491e+01  2 2.902e+03 2.902e+00  1  0   0  0   0   1         0
6961.097  6.961  0   0  5 5.658e+02 5.658e-01  0 3.698e+03 3.698e+00  1  0   0  0   0   1         0
6955.316  6.955  0   0  2 8.351e+03 8.351e+00  2 1.154e+04 1.154e+01  1  0   0  0   0   1         0
6976.329  6.976  0   0  3 1.199e+03 1.199e+00  0 3.707e+02 3.707e-01  1  0   0  0   0   1         0
7023.608  7.024  0   0  4 1.151e+04 1.151e+01  4 5.321e+03 5.321e+00  1  0   0  0   0   1         0
7002.343  7.002  0   0  2 9.116e+03 9.116e+00  2 1.030e+03 1.030e+00  1  0   0  0   0   1         0
7049.202  7.049  0   0  1 8.756e-02 8.756e-05  0 7.661e+02 7.661e-01  1  0   0  0   0   1         0
7033.699  7.034  0   0  6 1.437e+03 1.437e+00  6 7.315e+02 7.315e-01  1  0   0  0   0   1         0
7042.288  7.042  0   0  3 2.093e+04 2.093e+01  0 1.262e+04 1.262e+01  1  0   0  0   0   1         0
7022.059  7.022  0   0  7 3.157e+00 3.157e-03  0 3.149e+03 3.149e+00  1  0   0  0   0   1         0
7047.797  7.048  0   0  3 3.096e+03 3.096e+00  0 2.200e+04 2.200e+01  1  0   0  0   0   1         0
7010.074  7.010  0   0  3 3.041e+03 3.041e+00  0 4.568e+03 4.568e+00  1  0   0  0   0   1         0
7009.349  7.009  0   0  3 4.574e+03 4.574e+00  0 1.222e+04 1.222e+01  1  0   0  0   0   1         0
7044.575  7.045  0   0  3 3.570e+02 3.570e-01  0 1.221e+02 1.221e-01  1  0   0  0   0   1         0
7044.644  7.045  0   0  5 1.809e+03 1.809e+00  0 7.851e+00 7.851e-03  1  0   0  0   0   1         0
7025.103  7.025  0   0  1 6.125e+03 6.125e+00  0 6.677e+03 6.677e+00  1  0   0  0   0   1         0
7006.357  7.006  0   0  3 2.138e+00 2.138e-03  0 2.064e+04 2.064e+01  1  0   0  0   0   1         0
7015.391  7.015  0   0  2 4.136e+03 4.136e+00  2 4.210e+02 4.210e-01  1  0   0  0   0   1         0
7037.820  7.038  0   0  4 2.176e+04 2.176e+01  4 6.740e+03 6.740e+00  1  0   0  0   0   1         0
7042.378  7.042  0   0  2 2.804e+01 2.804e-02  2 3.503e+04 3.503e+01  1  0   0  0   0   1         0
7017.521  7.018  0   0  6 2.232e+02 2.232e-01  6 7.218e+03 7.218e+00  1  0   0  0   0   1         0
7003.097  7.003  0   0  1 8.003e+03 8.003e+00  0 9.339e+03 9.339e+00  1  0   0  0   0   1         0
7033.421  7.033  0   0  3 5.086e+00 5.086e-03  0 5.523e+03 5.523e+00  1  0   0  0   0   1         0
7037.091  7.037  0   0  7 3.042e+00 3.042e-03  0 6.041e+02 6.041e-01  1  0   0  0   0   1         0
7021.350  7.021  0   0  2 6.663e+02 6.663e-01  2 4.845e+03 4.845e+00  1  0   0  0   0   1         0
7029.303  7.029  0   0  5 1.733e+03 1.733e+00  0 3.192e-01 3.192e-04  1  0   0  0   0   1         0
7049.376  7.049  0   0  2 1.803e+04 1.803e+01  2 3.640e+03 3.640e+00  1  0   0  0   0   1         0
7012.363  7.012  0   0  2 5.615e+04 5.615e+01  2 2.462e+04 2.462e+01  1  0   0  0   0   1         0
7028.798  7.029  0   0  0 7.219e+02 7.219e-01  0 3.374e+04 3.374e+01  1  0   0  0   0   1         0
7030.692  7.031  0   0  1 1.323e+03 1.323e+00  0 3.221e+03 3.221e+00  1  0   0  0   0   1         0
7027.606  7.028  0   0  7 5.575e+03 5.575e+00  0 2.689e+04 2.689e+01  1  0   0  0   0   1         0
7043.525  7.044  0   0  1 5.314e+02 5.314e-01  0 1.600e+04 1.600e+01  1  0   0  0   0   1         0
7030.395  7.030  0   0  2 4.265e+01 4.265e-02  2 3.864e+03 3.864e+00  1  0   0  0   0   1         0
7025.547  7.026  0   0  6 8.581e+03 8.581e+00  6 1.404e+03 1.404e+00  1  0   0  0   0   1         0
7006.217  7.006  0   0  1 4.603e+01 4.603e-02  0 1.317e+03 1.317e+00  1  0   0  0   0   1         0
7035.287  7.035  0   0  7 1.839e+03 1.839e+00  0 2.806e+04 2.806e+01  1  0   0  0   0   1         0
7006.676  7.007  0   0  4 4.597e+03 4.597e+00  4 2.750e+03 2.750e+00  1  0   0  0   0   1         0
7001.344  7.001  0   0  1 3.825e+03 3.825e+00  0 1.515e+04 1.515e+01  1  0   0  0   0   1         0
7024.579  7.025  0   0  0 2.856e+00 2.856e-03  0 6.257e+03 6.257e+00  1  0   0  0   0   1         0
7028.771  7.029  0   0  1 1.586e+03 1.586e+00  0 6.047e+02 6.047e-01  1  0   0  0   0   1         0
7049.953  7.050  0   0  4 3.495e+03 3.495e+00  4 3.677e+04 3.677e+01  1  0   0  0   0   1         0
7050.969  7.051  0   0  5 3.392e+03 3.392e+00  0 6.436e+03 6.436e+00  1  0   0  0   0   1         0
7074.168  7.074  0   0  6 4.391e+02 4.391e-01  6 2.017e+01 2.017e-02  1  0   0  0   0   1         0
7094.860  7.095  0   0  6 8.990e+03 8.990e+00  6 8.655e+03 8.655e+00  1  0   0  0   0   1         0
7071.829  7.072  0   0  1 1.041e+04 1.041e+01  0 4.718e+04 4.718e+01  1  0   0  0   0   1         0
7098.129  7.098  0   0  3 1.712e+03 1.712e+00  0 2.075e+04 2.075e+01  1  0   0  0   0   1         0
7082.759  7.083  0   0  5 1.694e+03 1.694e+00  0 1.550e+02 1.550e-01  1  0   0  0   0   1         0
7055.531  7.056  0   0  2 2.479e+03 2.479e+00  2 3.817e+03 3.817e+00  1  0   0  0   0   1         0
7075.612  7.076  0   0  3 9.146e+03 9.146e+00  0 3.769e+03 3.769e+00  1  0   0  0   0   1         0
7084.906  7.085  0   0  2 4.958e+02 4.958e-01  2 1.030e+02 1.030e-01  1  0   0  0   0   1         0
7053.305  7.053  0   0  4 7.194e+03 7.194e+00  4 1.805e+04 1.805e+01  1  0   0  0   0   1         0
7067.367  7.067  0   0  1 1.332e+03 1.332e+00  0 5.539e+04 5.539e+01  1  0   0  0   0   1         0
7085.974  7.086  0   0  1 3.613e+02 3.613e-01  0 4.136e+02 4.136e-01  1  0   0  0   0   1         0
7057.933  7.058  0   0  2 8.716e+02 8.716e-01  2 6.343e+04 6.343e+01  1  0   0  0   0   1         0
7067.552  7.068  0   0  3 1.856e+03 1.856e+00  0 7.026e+03 7.026e+00  1  0   0  0   0   1         0
7084.622  7.085  0   0  4 1.197e+04 1.197e+01  4 5.583e+02 5.583e-01  1  0   0  0   0   1         0
7088.880  7.089  0   0  8 4.119e+03 4.119e+00  8 1.069e+02 1.069e-01  1  0   0  0   0   1         0
7076.074  7.076  0   0  6 2.893e+03 2.893e+00  6 1.162e+04 1.162e+01  1  0   0  0   0   1         0
7097.867  7.098  0   0  5 9.860e+02 9.860e-01  0 2.057e+04 2.057e+01  1  0   0  0   0   1         0
7096.307  7.096  0   0  1 6.095e+03 6.095e+00  0 2.059e+04 2.059e+01  1  0   0  0   0   1         0
7073.820  7.074  0   0  2 6.868e+02 6.868e-01  2 1.539e+04 1.539e+01  1  0   0  0   0   1         0
7058.094  7.058  0   0  3 1.666e+02 1.666e-01  0 1.022e+03 1.022e+00  1  0   0  0   0   1         0
7088.750  7.089  0   0  2 8.702e+00 8.702e-03  2 2.162e+02 2.162e-01  1  0   0  0   0   1         0
7062.267  7.062  0   0  5 8.194e+02 8.194e-01  0 5.524e+04 5.524e+01  1  0   0  0   0   1         0
7124.416  7.124  0   0  3 2.959e+02 2.959e-01  0 1.796e+03 1.796e+00  1  0   0  0   0   1         0
7137.614  7.138  0   0  5 2.950e+00 2.950e-03  0 6.178e+02 6.178e-01  1  0   0  0   0   1         0
7104.906  7.105  0   0  0 2.744e+02 2.744e-01  0 8.064e+03 8.064e+00  1  0   0  0   0   1         0
7121.553  7.122  0   0  6 5.685e+03 5.685e+00  6 1.368e+03 1.368e+00  1  0   0  0   0   1         0
7125.086  7.125  0   0  2 1.457e+03 1.457e+00  2 2.941e+03 2.941e+00  1  0   0  0   0   1         0
7141.633  7.142  0   0  5 7.304e+00 7.304e-03  0 1.643e+04 1.643e+01  1  0   0  0   0   1         0
7140.798  7.141  0   0  3 1.065e+04 1.065e+01  0 5.222e+02 5.222e-01  1  0   0  0   0   1         0
7142.487  7.142  0   0  2 4.301e+03 4.301e+00  2 2.345e+04 2.345e+01  1  0   0  0   0   1         0
7135.015  7.135  0   0  6 1.633e+04 1.633e+01  6 1.103e+04 1.103e+01  1  0   0  0   0   1         0
7126.672  7.127  0   0  5 4.142e+03 4.142e+00  0 1.275e+03 1.275e+00  1  0   0  0   0   1         0
7141.476  7.141  0   0  5 8.599e+03 8.599e+00  0 1.877e+03 1.877e+00  1  0   0  0   0   1         0
7143.728  7.144  0   0  3 2.137e+02 2.137e-01  0 3.145e+04 3.145e+01  1  0   0  0   0   1         0
7124.169  7.124  0   0  4 2.246e+03 2.246e+00  4 8.405e+03 8.405e+00  1  0   0  0   0   1         0
7149.291  7.149  0   0  1 6.467e+03 6.467e+00  0 1.876e+01 1.876e-02  1  0   0  0   0   1         0
7143.804  7.144  0   0  6 9.568e+03 9.568e+00  6 1.928e+03 1.928e+00  1  0   0  0   0   1         0
7125.668  7.126  0   0  6 9.903e+01 9.903e-02  6 6.275e+03 6.275e+00  1  0   0  0   0   1         0
7103.502  7.104  0   0  2 8.210e+02 8.210e-01  2 4.778e+04 4.778e+01  1  0   0  0   0   1         0
7111.326  7.111  0   0  3 8.691e+02 8.691e-01  0 2.113e+02 2.113e-01  1  0   0  0   0   1         0
7138.920  7.139  0   0  4 6.146e+03 6.146e+00  4 2.589e+03 2.589e+00  1  0   0  0   0   1         0
7105.615  7.106  0   0  1 3.205e+02 3.205e-01  0 1.634e+03 1.634e+00  1  0   0  0   0   1         0
7123.635  7.124  0   0  4 2.655e+03 2.655e+00  4 3.858e+03 3.858e+00  1  0   0  0   0   1         0
7130.381  7.130  0   0  0 9.355e+02 9.355e-01  0 2.232e+03 2.232e+00  1  0   0  0   0   1         0
7143.979  7.144  0   0  2 5.739e+03 5.739e+00  2 1.309e+04 1.309e+01  1  0   0  0   0   1         0
7142.430  7.142  0   0  4 5.700e+02 5.700e-01  4 9.444e+02 9.444e-01  1  0   0  0   0   1         0
7138.318  7.138  0   0  4 2.861e+01 2.861e-02  4 5.268e+03 5.268e+00  1  0   0  0   0   1         0
7120.525  7.121  0   0  2 3.672e+03 3.672e+00  2 3.391e+04 3.391e+01  1  0   0  0   0   1         0
7107.184  7.107  0   0  4 5.136e+03 5.136e+00  4 4.991e+03 4.991e+00  1  0   0  0   0   1         0
7133.610  7.134  0   0  5 8.601e+02 8.601e-01  0 6.169e+03 6.169e+00  1  0   0  0   0   1         0
7109.151  7.109  0   0  0 2.542e+01 2.542e-02  0 7.906e+04 7.906e+01  1  0   0  0   0   1         0
7128.209  7.128  0   0  1 9.662e+03 9.662e+00  0 1.111e+03 1.111e+00  1  0   0  0   0   1         0
7149.045  7.149  0   0  2 7.901e+03 7.901e+00  2 2.603e+04 2.603e+01  1  0   0  0   0   1         0
7127.659  7.128  0   0  5 1.566e+04 1.566e+01  0 5.584e+03 5.584e+00  1  0   0  0   0   1         0
7132.410  7.132  0   0  2 3.487e+01 3.487e-02  2 1.202e+03 1.202e+00  1  0   0  0   0   1         0
7134.005  7.134  0   0  2 5.074e+03 5.074e+00  2 1.838e+03 1.838e+00  1  0   0  0   0   1         0
7141.600  7.142  0   0  0 1.036e+02 1.036e-01  0 2.004e+03 2.004e+00  1  0   0  0   0   1         0
7121.892  7.122  0   0  3 5.751e+02 5.751e-01  0 1.063e+04 1.063e+01  1  0   0  0   0   1         0
7190.560  7.191  0   0  4 1.969e+04 1.969e+01  4 5.447e+04 5.447e+01  1  0   0  0   0   1         0
7196.495  7.196  0   0  3 3.361e+02 3.361e-01  0 3.581e+02 3.581e-01  1  0   0  0   0   1         0
7185.635  7.186  0   0  7 3.617e+03 3.617e+00  0 6.301e+03 6.301e+00  1  0   0  0   0   1         0
7179.934  7.180  0   0  6 1.530e+03 1.530e+00  6 1.601e+03 1.601e+00  1  0   0  0   0   1         0
7182.978  7.183  0   0  1 2.710e+03 2.710e+00  0 2.344e+03 2.344e+00  1  0   0  0   0   1         0
7182.739  7.183  0   0  1 1.861e+02 1.861e-01  0 1.009e+03 1.009e+00  1  0   0  0   0   1         0
7196.621  7.197  0   0  9 6.456e+02 6.456e-01  0 7.976e+03 7.976e+00  1  0   0  0   0   1         0
7198.234  7.198  0   0  3 3.124e+02 3.124e-01  0 2.193e+04 2.193e+01  1  0   0  0   0   1         0
7171.475  7.171  0   0  5 2.838e+03 2.838e+00  0 1.913e+04 1.913e+01  1  0   0  0   0   1         0
7180.988  7.181  0   0  6 3.390e+04 3.390e+01  6 2.953e+02 2.953e-01  1  0   0  0   0   1         0
7190.230  7.190  0   0  4 1.097e+03 1.097e+00  4 6.679e+03 6.679e+00  1  0   0  0   0   1         0
7150.053  7.150  0   0  4 7.954e+02 7.954e-01  4 6.827e+03 6.827e+00  1  0   0  0   0   1         0
7176.492  7.176  0   0  2 1.776e+02 1.776e-01  2 3.811e+03 3.811e+00  1  0   0  0   0   1         0
7182.772  7.183  0   0  7 7.453e+03 7.453e+00  0 2.174e+04 2.174e+01  1  0   0  0   0   1         0
7185.975  7.186  0   0  6 1.364e+03 1.364e+00  6 2.706e+04 2.706e+01  1  0   0  0   0   1         0
7168.572  7.169  0   0  3 1.985e+03 1.985e+00  0 2.460e+04 2.460e+01  1  0   0  0   0   1         0
7164.901  7.165  0   0  2 6.493e+03 6.493e+00  2 8.034e+03 8.034e+00  1  0   0  0   0   1         0
7159.192  7.159  0   0  6 1.924e+03 1.924e+00  6 1.319e+03 1.319e+00  1  0   0  0   0   1         0
7178.031  7.178  0   0  2 1.333e+04 1.333e+01  2 2.068e+03 2.068e+00  1  0   0  0   0   1         0
7196.007  7.196  0   0  1 6.277e+02 6.277e-01  0 1.367e+02 1.367e-01  1  0   0  0   0   1         0
7194.851  7.195  0   0  3 5.066e+02 5.066e-01  0 1.011e+03 1.011e+00  1  0   0  0   0   1         0
7168.130  7.168  0   0  6 1.780e+03 1.780e+00  6 3.069e+03 3.069e+00  1  0   0  0   0   1         0
7163.002  7.163  0   0  1 1.332e+04 1.332e+01  0 1.410e+02 1.410e-01  1  0   0  0   0   1         0
7189.534  7.190  0   0  1 6.946e+03 6.946e+00  0 1.104e+04 1.104e+01  1  0   0  0   0   1         0
7186.361  7.186  0   0  4 9.262e+02 9.262e-01  4 2.776e+04 2.776e+01  1  0   0  0   0   1         0
7175.409  7.175  0   0  3 5.382e+02 5.382e-01  0 2.054e+04 2.054e+01  1  0   0  0   0   1         0
7169.587  7.170  0   0  4 2.347e+02 2.347e-01  4 2.637e+04 2.637e+01  1  0   0  0   0   1         0
7156.252  7.156  0   0  4 3.764e+03 3.764e+00  4 6.128e+02 6.128e-01  1  0   0  0   0   1         0
7189.352  7.189  0   0  2 1.421e+03 1.421e+00  2 2.342e+02 2.342e-01  1  0   0  0   0   1         0
7181.007  7.181  0   0  4 2.372e+03 2.372e+00  4 1.024e+04 1.024e+01  1  0   0  0   0   1         0
7168.978  7.169  0   0  3 4.919e+03 4.919e+00  0 5.922e+04 5.922e+01  1  0   0  0   0   1         0
7195.981  7.196  0   0  2 4.745e+02 4.745e-01  2 1.791e+04 1.791e+01  1  0   0  0   0   1         0
7183.110  7.183  0   0  2 3.158e+02 3.158e-01  2 1.711e+04 1.711e+01  1  0   0  0   0   1         0
7196.499  7.196  0   0  5 1.709e+04 1.709e+01  0 5.973e+02 5.973e-01  1  0   0  0   0   1         0
7173.862  7.174  0   0  2 5.886e+03 5.886e+00  2 4.143e+02 4.143e-01  1  0   0  0   0   1         0
7172.872  7.173  0   0  1 2.229e+01 2.229e-02  0 1.125e+04 1.125e+01  1  0   0  0   0   1         0
7196.895  7.197  0   0  1 5.068e+02 5.068e-01  0 8.244e+02 8.244e-01  1  0   0  0   0   1         0
7198.011  7.198  0   0  6 1.372e+04 1.372e+01  6 1.446e+03 1.446e+00  1  0   0  0   0   1         0
7198.059  7.198  0   0  4 5.973e+02 5.973e-01  4 2.189e+04 2.189e+01  1  0   0  0   0   1         0
7191.028  7.191  0   0  0 1.444e+04 1.444e+01  0 1.772e+04 1.772e+01  1  0   0  0   0   1         0
7173.261  7.173  0   0  4 8.986e+03 8.986e+00  4 7.094e+03 7.094e+00  1  0   0  0   0   1         0
7160.610  7.161  0   0  2 5.484e+03 5.484e+00  2 7.673e+03 7.673e+00  1  0   0  0   0   1         0
7169.306  7.169  0   0  0 3.866e+03 3.866e+00  0 8.939e+01 8.939e-02  1  0   0  0   0   1         0
7196.947  7.197  0   0  7 1.195e+03 1.195e+00  0 2.825e+02 2.825e-01  1  0   0  0   0   1         0
7168.309  7.168  0   0  3 4.355e+03 4.355e+00  0 5.708e+00 5.708e-03  1  0   0  0   0   1         0
7208.356  7.208  0   0  5 5.897e+01 5.897e-02  0 9.256e+03 9.256e+00  1  0   0  0   0   1         0
7204.947  7.205  0   0  2 5.361e+02 5.361e-01  2 1.286e+03 1.286e+00  1  0   0  0   0   1         0
7236.881  7.237  0   0  2 7.942e+03 7.942e+00  2 8.213e+02 8.213e-01  1  0   0  0   0   1         0
7206.066  7.206  0   0  0 5.026e+02 5.026e-01  0 4.883e+03 4.883e+00  1  0   0  0   0   1         0
7233.532  7.234  0   0  3 1.392e+04 1.392e+01  0 1.690e+03 1.690e+00  1  0   0  0   0   1         0
7209.001  7.209  0   0  1 3.054e+03 3.054e+00  0 5.066e+01 5.066e-02  1  0   0  0   0   1         0
7205.974  7.206  0   0  2 9.771e+02 9.771e-01  2 8.027e+01 8.027e-02  1  0   0  0   0   1         0
7208.202  7.208  0   0  1 1.531e+02 1.531e-01  0 7.818e+03 7.818e+00  1  0   0  0   0   1         0
7225.559  7.226  0   0  0 1.256e+04 1.256e+01  0 6.510e+04 6.510e+01  1  0   0  0   0   1         0
7232.401  7.232  0   0  2 4.992e+02 4.992e-01  2 2.681e+03 2.681e+00  1  0   0  0   0   1         0
7240.680  7.241  0   0  3 2.289e+03 2.289e+00  0 1.337e+04 1.337e+01  1  0   0  0   0   1         0
7206.491  7.206  0   0  4 4.255e+03 4.255e+00  4 2.477e+04 2.477e+01  1  0   0  0   0   1         0
7230.940  7.231  0   0  3 6.447e+02 6.447e-01  0 2.403e+00 2.403e-03  1  0   0  0   0   1         0
7238.788  7.239  0   0  2 3.378e+03 3.378e+00  2 6.348e+02 6.348e-01  1  0   0  0   0   1         0
7215.740  7.216  0   0  1 5.275e+03 5.275e+00  0 2.536e+03 2.536e+00  1  0   0  0   0   1         0
7204.027  7.204  0   0  3 1.233e+04 1.233e+01  0 2.384e+03 2.384e+00  1  0   0  0   0   1         0
7207.871  7.208  0   0  0 1.032e+04 1.032e+01  0 7.925e+03 7.925e+00  1  0   0  0   0   1         0
7204.624  7.205  0   0  2 1.201e+01 1.201e-02  2 4.695e+03 4.695e+00  1  0   0  0   0   1         0
7244.415  7.244  0   0  1 3.767e+03 3.767e+00  0 2.185e+03 2.185e+00  1  0   0  0   0   1         0
7218.966  7.219  0   0  4 2.553e+03 2.553e+00  4 6.731e+01 6.731e-02  1  0   0  0   0   1         0
7226.306  7.226  0   0  7 2.747e+01 2.747e-02  0 3.352e+01 3.352e-02  1  0   0  0   0   1         0
7238.532  7.239  0   0  2 2.371e+02 2.371e-01  2 4.221e+04 4.221e+01  1  0   0  0   0   1         0
7218.705  7.219  0   0  1 1.005e+04 1.005e+01  0 3.080e+04 3.080e+01  1  0   0  0   0   1         0
7232.581  7.233  0   0  4 1.974e+04 1.974e+01  4 1.893e+04 1.893e+01  1  0   0  0   0   1         0
7203.874  7.204  0   0  5 2.784e+02 2.784e-01  0 3.409e+02 3.409e-01  1  0   0  0   0   1         0
7224.184  7.224  0   0  0 4.098e+01 4.098e-02  0 1.858e+03 1.858e+00  1  0   0  0   0   1         0
7204.875  7.205  0   0  2 4.374e+03 4.374e+00  2 4.324e+03 4.324e+00  1  0   0  0   0   1         0
7212.518  7.213  0   0  2 6.054e+02 6.054e-01  2 1.204e+04 1.204e+01  1  0   0  0   0   1         0
7214.782  7.215  0   0  2 1.085e+03 1.085e+00  2 1.185e+04 1.185e+01  1  0   0  0   0   1         0
7235.991  7.236  0   0  6 4.992e+03 4.992e+00  6 1.260e+04 1.260e+01  1  0   0  0   0   1         0
7233.827  7.234  0   0  7 8.188e+03 8.188e+00  0 5.607e+02 5.607e-01  1  0   0  0   0   1         0
7237.458  7.237  0   0  3 1.655e+03 1.655e+00  0 2.848e+03 2.848e+00  1  0   0  0   0   1         0
7203.120  7.203  0   0  1 2.302e+02 2.302e-01  0 2.094e+04 2.094e+01  1  0   0  0   0   1         0
7249.699  7.250  0   0  7 6.832e+03 6.832e+00  0 5.324e+03 5.324e+00  1  0   0  0   0   1         0
7202.750  7.203  0   0  7 6.010e+03 6.010e+00  0 1.225e+02 1.225e-01  1  0   0  0   0   1         0
7241.367  7.241  0   0  5 2.411e+02 2.411e-01  0 3.165e+04 3.165e+01  1  0   0  0   0   1         0
7237.120  7.237  0   0  0 5.991e+03 5.991e+00  0 5.440e+03 5.440e+00  1  0   0  0   0   1         0
7229.722  7.230  0   0  2 5.434e+02 5.434e-01  2 2.483e+04 2.483e+01  1  0   0  0   0   1         0
7222.080  7.222  0   0  2 6.853e+02 6.853e-01  2 1.622e+03 1.622e+00  1  0   0  0   0   1         0
7237.958  7.238  0   0  5 6.259e+02 6.259e-01  0 6.104e+03 6.104e+00  1  0   0  0   0   1         0
7237.099  7.237  0   0  7 1.289e+03 1.289e+00  0 1.469e+04 1.469e+01  1  0   0  0   0   1         0
7206.925  7.207  0   0  1 2.710e+01 2.710e-02  0 5.762e-01 5.762e-04  1  0   0  0   0   1         0
7271.333  7.271  0   0  2 2.576e+03 2.576e+00  2 4.541e+03 4.541e+00  1  0   0  0   0   1         0
7282.760  7.283  0   0  6 8.699e+02 8.699e-01  6 2.727e-01 2.727e-04  1  0   0  0   0   1         0
7264.599  7.265  0   0  2 7.033e+02 7.033e-01  2 1.448e+03 1.448e+00  1  0   0  0   0   1         0
7293.744  7.294  0   0  8 3.160e+03 3.160e+00  8 6.203e+01 6.203e-02  1  0   0  0   0   1         0
7286.823  7.287  0   0  0 1.608e+04 1.608e+01  0 1.181e+02 1.181e-01  1  0   0  0   0   1         0
7271.748  7.272  0   0  5 3.608e+03 3.608e+00  0 5.070e+01 5.070e-02  1  0   0  0   0   1         0
7268.026  7.268  0   0  4 1.065e+02 1.065e-01  4 5.110e+03 5.110e+00  1  0   0  0   0   1         0
7290.875  7.291  0   0  5 9.120e+03 9.120e+00  0 5.046e+01 5.046e-02  1  0   0  0   0   1         0
7287.952  7.288  0   0  5 1.261e+03 1.261e+00  0 7.352e+03 7.352e+00  1  0   0  0   0   1         0
7270.080  7.270  0   0  2 4.448e+03 4.448e+00  2 2.655e+04 2.655e+01  1  0   0  0   0   1         0
7267.191  7.267  0   0  1 5.539e+03 5.539e+00  0 8.553e+02 8.553e-01  1  0   0  0   0   1         0
7251.965  7.252  0   0  4 3.473e+03 3.473e+00  4 6.120e+03 6.120e+00  1  0   0  0   0   1         0
7254.126  7.254  0   0  1 2.248e+02 2.248e-01  0 4.270e+03 4.270e+00  1  0   0  0   0   1         0
7252.724  7.253  0   0  2 3.476e+03 3.476e+00  2 3.549e+04 3.549e+01  1  0   0  0   0   1         0
7251.234  7.251  0   0  0 1.067e+03 1.067e+00  0 1.004e+04 1.004e+01  1  0   0  0   0   1         0
7257.714  7.258  0   0  3 7.307e+03 7.307e+00  0 3.009e+03 3.009e+00  1  0   0  0   0   1         0
7292.923  7.293  0   0  7 7.779e+03 7.779e+00  0 2.606e+02 2.606e-01  1  0   0  0   0   1         0
7289.995  7.290  0   0  2 5.354e+02 5.354e-01  2 1.032e+04 1.032e+01  1  0   0  0   0   1         0
7292.349  7.292  0   0  2 1.385e+03 1.385e+00  2 1.246e+04 1.246e+01  1  0   0  0   0   1         0
7281.317  7.281  0   0  5 1.555e+02 1.555e-01  0 2.101e+02 2.101e-01  1  0   0  0   0   1         0
7281.330  7.281  0   0  2 8.059e+01 8.059e-02  2 1.287e+02 1.287e-01  1  0   0  0   0   1         0
7256.256  7.256  0   0  5 1.215e+04 1.215e+01  0 1.688e+03 1.688e+00  1  0   0  0   0   1         0
7285.062  7.285  0   0  5 1.141e+03 1.141e+00  0 1.046e+04 1.046e+01  1  0   0  0   0   1         0
7264.111  7.264  0   0  2 4.183e+02 4.183e-01  2 2.105e+03 2.105e+00  1  0   0  0   0   1         0
7276.098  7.276  0   0  4 2.527e+03 2.527e+00  4 4.109e+02 4.109e-01  1  0   0  0   0   1         0
7297.759  7.298  0   0  3 7.665e+03 7.665e+00  0 3.848e+04 3.848e+01  1  0   0  0   0   1         0
7293.591  7.294  0   0  4 5.594e+01 5.594e-02  4 7.963e+03 7.963e+00  1  0   0  0   0   1         0
7261.757  7.262  0   0  1 3.334e+03 3.334e+00  0 2.359e+03 2.359e+00  1  0   0  0   0   1         0
7286.937  7.287  0   0  2 2.666e+03 2.666e+00  2 6.610e+03 6.610e+00  1  0   0  0   0   1         0
7255.256  7.255  0   0  3 1.070e+03 1.070e+00  0 4.359e+02 4.359e-01  1  0   0  0   0   1         0
7251.351  7.251  0   0  2 1.437e+03 1.437e+00  2 3.222e+04 3.222e+01  1  0   0  0   0   1         0
7251.424  7.251  0   0  4 1.863e+03 1.863e+00  4 4.630e+03 4.630e+00  1  0   0  0   0   1         0
7258.589  7.259  0   0  0 4.446e+02 4.446e-01  0 5.305e+04 5.305e+01  1  0   0  0   0   1         0
7284.862  7.285  0   0  2 1.562e+03 1.562e+00  2 2.789e+04 2.789e+01  1  0   0  0   0   1         0
7268.291  7.268  0   0  5 1.104e+04 1.104e+01  0 1.482e+03 1.482e+00  1  0   0  0   0   1         0
7250.806  7.251  0   0  4 3.926e+02 3.926e-01  4 8.212e+02 8.212e-01  1  0   0  0   0   1         0
7299.407  7.299  0   0  2 1.133e+04 1.133e+01  2 5.805e+03 5.805e+00  1  0   0  0   0   1         0
7276.804  7.277  0   0  5 1.452e+03 1.452e+00  0 8.735e+02 8.735e-01  1  0   0  0   0   1         0
7305.968  7.306  0   0  2 1.663e+04 1.663e+01  2 4.787e+02 4.787e-01  1  0   0  0   0   1         0
7321.470  7.321  0   0  4 1.233e+04 1.233e+01  4 8.398e+03 8.398e+00  1  0   0  0   0   1         0
7326.151  7.326  0   0  4 4.808e+03 4.808e+00  4 2.466e+03 2.466e+00  1  0   0  0   0   1         0
7304.035  7.304  0   0  3 1.762e+03 1.762e+00  0 9.856e+01 9.856e-02  1  0   0  0   0   1         0
7323.263  7.323  0   0  6 4.457e+01 4.457e-02  6 1.504e+04 1.504e+01  1  0   0  0   0   1         0
7332.704  7.333  0   0  1 1.359e+03 1.359e+00  0 2.396e+03 2.396e+00  1  0   0  0   0   1         0
7330.830  7.331  0   0  1 6.205e+00 6.205e-03  0 2.452e+03 2.452e+00  1  0   0  0   0   1         0
7302.745  7.303  0   0  7 1.916e+01 1.916e-02  0 7.018e+03 7.018e+00  1  0   0  0   0   1         0
7304.813  7.305  0   0  4 6.331e-01 6.331e-04  4 2.134e+03 2.134e+00  1  0   0  0   0   1         0
7317.689  7.318  0   0  1 5.861e+03 5.861e+00  0 1.025e+04 1.025e+01  1  0   0  0   0   1         0
7342.204  7.342  0   0  3 1.107e+03 1.107e+00  0 1.727e+03 1.727e+00  1  0   0  0   0   1         0
7343.547  7.344  0   0  2 5.519e+03 5.519e+00  2 1.047e+04 1.047e+01  1  0   0  0   0   1         0
7315.595  7.316  0   0  3 2.572e+03 2.572e+00  0 2.389e+04 2.389e+01  1  0   0  0   0   1         0
7336.051  7.336  0   0  2 5.379e+02 5.379e-01  2 4.221e+03 4.221e+00  1  0   0  0   0   1         0
7328.999  7.329  0   0  2 8.100e+03 8.100e+00  2 1.149e+04 1.149e+01  1  0   0  0   0   1         0
7349.180  7.349  0   0  2 3.155e+02 3.155e-01  2 1.658e+02 1.658e-01  1  0   0  0   0   1         0
7304.778  7.305  0   0  1 3.298e+03 3.298e+00  0 1.463e+03 1.463e+00  1  0   0  0   0   1         0
7327.525  7.328  0   0  3 1.971e+04 1.971e+01  0 5.119e+00 5.119e-03  1  0   0  0   0   1         0
7329.755  7.330  0   0  3 1.960e+03 1.960e+00  0 1.614e+04 1.614e+01  1  0   0  0   0   1         0
7315.497  7.315  0   0  1 3.234e+01 3.234e-02  0 1.298e+03 1.298e+00  1  0   0  0   0   1         0
7302.372  7.302  0   0  6 5.462e+02 5.462e-01  6 1.021e+03 1.021e+00  1  0   0  0   0   1         0
7302.632  7.303  0   0  3 2.717e+03 2.717e+00  0 1.939e+04 1.939e+01  1  0   0  0   0   1         0
7322.813  7.323  0   0  3 1.180e+03 1.180e+00  0 6.064e+02 6.064e-01  1  0   0  0   0   1         0
7334.736  7.335  0   0  0 3.707e+03 3.707e+00  0 2.322e-01 2.322e-04  1  0   0  0   0   1         0
7335.120  7.335  0   0  2 8.434e+03 8.434e+00  2 4.844e+01 4.844e-02  1  0   0  0   0   1         0
7309.128  7.309  0   0  3 1.039e+04 1.039e+01  0 5.558e+04 5.558e+01  1  0   0  0   0   1         0
7342.963  7.343  0   0  2 8.588e+03 8.588e+00  2 7.645e+03 7.645e+00  1  0   0  0   0   1         0
7318.983  7.319  0   0  0 2.563e+02 2.563e-01  0 1.344e+03 1.344e+00  1  0   0  0   0   1         0
7348.236  7.348  0   0  7 9.788e+01 9.788e-02  0 4.291e+03 4.291e+00  1  0   0  0   0   1         0
7305.964  7.306  0   0  2 5.823e+03 5.823e+00  2 2.018e+04 2.018e+01  1  0   0  0   0   1         0
7341.895  7.342  0   0  3 1.550e+04 1.550e+01  0 1.835e+04 1.835e+01  1  0   0  0   0   1         0
7345.461  7.345  0   0  8 1.863e+03 1.863e+00  8 1.166e+04 1.166e+01  1  0   0  0   0   1         0
7341.211  7.341  0   0  4 3.477e+02 3.477e-01  4 3.160e+03 3.160e+00  1  0   0  0   0   1         0
7340.524  7.341  0   0  4 1.052e+04 1.052e+01  4 7.558e+03 7.558e+00  1  0   0  0   0   1         0
7318.188  7.318  0   0  4 1.478e+04 1.478e+01  4 3.382e+04 3.382e+01  1  0   0  0   0   1         0
7335.775  7.336  0   0  3 5.779e+02 5.779e-01  0 8.745e+03 8.745e+00  1  0   0  0   0   1         0
7329.097  7.329  0   0  2 2.623e+03 2.623e+00  2 2.570e+04 2.570e+01  1  0   0  0   0   1         0
7321.354  7.321  0   0  0 6.362e+04 6.362e+01  0 9.860e+03 9.860e+00  1  0   0  0   0   1         0
7349.659  7.350  0   0  1 7.391e+03 7.391e+00  0 1.242e+03 1.242e+00  1  0   0  0   0   1         0
7314.633  7.315  0   0  1 5.979e+03 5.979e+00  0 5.524e+03 5.524e+00  1  0   0  0   0   1         0
7388.825  7.389  0   0  4 1.999e+03 1.999e+00  4 5.722e+01 5.722e-02  1  0   0  0   0   1         0
7361.416  7.361  0   0  0 7.320e+02 7.320e-01  0 9.703e+03 9.703e+00  1  0   0  0   0   1         0
7397.070  7.397  0   0  6 2.173e+03 2.173e+00  6 5.376e+03 5.376e+00  1  0   0  0   0   1         0
7366.181  7.366  0   0  3 7.541e+03 7.541e+00  0 2.082e+03 2.082e+00  1  0   0  0   0   1         0
7355.241  7.355  0   0  3 2.714e+03 2.714e+00  0 1.925e+04 1.925e+01  1  0   0  0   0   1         0
7362.111  7.362  0   0  0 1.405e+02 1.405e-01  0 7.823e+03 7.823e+00  1  0   0  0   0   1         0
7353.733  7.354  0   0  3 5.534e+03 5.534e+00  0 4.036e+02 4.036e-01  1  0   0  0   0   1         0
7373.567  7.374  0   0  2 1.967e+04 1.967e+01  2 2.635e+03 2.635e+00  1  0   0  0   0   1         0
7362.611  7.363  0   0  2 6.457e+03 6.457e+00  2 1.830e+04 1.830e+01  1  0   0  0   0   1         0
7394.354  7.394  0   0  2 2.708e+02 2.708e-01  2 1.522e+02 1.522e-01  1  0   0  0   0   1         0
7375.986  7.376  0   0  4 2.378e+02 2.378e-01  4 3.820e+01 3.820e-02  1  0   0  0   0   1         0
7361.762  7.362  0   0  9 1.766e+03 1.766e+00  0 3.272e+02 3.272e-01  1  0   0  0   0   1         0
7372.692  7.373  0   0  6 1.376e+04 1.376e+01  6 1.068e+04 1.068e+01  1  0   0  0   0   1         0
7359.882  7.360  0   0  5 4.019e+03 4.019e+00  0 1.094e+02 1.094e-01  1  0   0  0   0   1         0
7359.013  7.359  0   0  3 5.414e+02 5.414e-01  0 3.157e+03 3.157e+00  1  0   0  0   0   1         0
7365.143  7.365  0   0  2 1.433e+03 1.433e+00  2 2.748e+04 2.748e+01  1  0   0  0   0   1         0
7355.466  7.355  0   0  1 1.717e+03 1.717e+00  0 7.701e+03 7.701e+00  1  0   0  0   0   1         0
7359.512  7.360  0   0  4 5.403e+03 5.403e+00  4 1.368e+04 1.368e+01  1  0   0  0   0   1         0
7396.932  7.397  0   0  3 8.988e+02 8.988e-01  0 1.277e+04 1.277e+01  1  0   0  0   0   1         0
7383.455  7.383  0   0  2 1.463e+03 1.463e+00  2 8.151e+02 8.151e-01  1  0   0  0   0   1         0
7396.093  7.396  0   0  9 9.706e+03 9.706e+00  0 1.002e+04 1.002e+01  1  0   0  0   0   1         0
7362.942  7.363  0   0  6 2.547e+03 2.547e+00  6 2.202e+03 2.202e+00  1  0   0  0   0   1         0
7392.914  7.393  0   0  6 2.585e+03 2.585e+00  6 1.477e+04 1.477e+01  1  0   0  0   0   1         0
7368.234  7.368  0   0  4 1.412e+03 1.412e+00  4 2.609e+04 2.609e+01  1  0   0  0   0   1         0
7357.274  7.357  0   0  2 3.063e+01 3.063e-02  2 1.639e+04 1.639e+01  1  0   0  0   0   1         0
7390.317  7.390  0   0  3 1.279e+01 1.279e-02  0 2.098e+04 2.098e+01  1  0   0  0   0   1         0
7353.012  7.353  0   0  4 1.032e+02 1.032e-01  4 1.254e+04 1.254e+01  1  0   0  0   0   1         0
7370.368  7.370  0   0  8 4.851e+00 4.851e-03  8 6.058e+02 6.058e-01  1  0   0  0   0   1         0
7391.042  7.391  0   0  0 6.285e+01 6.285e-02  0 8.086e+03 8.086e+00  1  0   0  0   0   1         0
7380.982  7.381  0   0  3 1.845e+03 1.845e+00  0 2.270e+03 2.270e+00  1  0   0  0   0   1         0
7376.033  7.376  0   0  2 9.225e+03 9.225e+00  2 8.731e+03 8.731e+00  1  0   0  0   0   1         0
7367.801  7.368  0   0  2 1.489e+00 1.489e-03  2 4.464e+02 4.464e-01  1  0   0  0   0   1         0
7353.789  7.354  0   0  4 1.777e+02 1.777e-01  4 3.006e+03 3.006e+00  1  0   0  0   0   1         0
7399.553  7.400  0   0  1 2.040e+02 2.040e-01  0 5.950e+03 5.950e+00  1  0   0  0   0   1         0
7358.814  7.359  0   0  5 6.895e+03 6.895e+00  0 3.712e+04 3.712e+01  1  0   0  0   0   1         0
7362.865  7.363  0   0  3 1.619e+03 1.619e+00  0 2.260e+03 2.260e+00  1  0   0  0   0   1         0
7361.890  7.362  0   0  5 2.929e+01 2.929e-02  0 2.729e+04 2.729e+01  1  0   0  0   0   1         0
7395.440  7.395  0   0  0 1.754e+03 1.754e+00  0 1.289e+04 1.289e+01  1  0   0  0   0   1         0
7435.575  7.436  0   0  1 6.000e+03 6.000e+00  0 5.285e+03 5.285e+00  1  0   0  0   0   1         0
7436.230  7.436  0   0  0 1.961e+02 1.961e-01  0 6.372e+02 6.372e-01  1  0   0  0   0   1         0
7403.350  7.403  0   0  1 6.401e+03 6.401e+00  0 5.201e+04 5.201e+01  1  0   0  0   0   1         0
7411.219  7.411  0   0  3 2.627e+04 2.627e+01  0 1.566e+03 1.566e+00  1  0   0  0   0   1         0
7400.655  7.401  0   0  1 2.889e+03 2.889e+00  0 4.989e+04 4.989e+01  1  0   0  0   0   1         0
7425.618  7.426  0   0  4 5.867e+03 5.867e+00  4 8.657e+03 8.657e+00  1  0   0  0   0   1         0
7443.845  7.444  0   0  4 3.911e+02 3.911e-01  4 4.898e+02 4.898e-01  1  0   0  0   0   1         0
7430.599  7.431  0   0  6 9.765e+02 9.765e-01  6 9.674e+03 9.674e+00  1  0   0  0   0   1         0
7425.138  7.425  0   0  6 2.231e+03 2.231e+00  6 2.768e+03 2.768e+00  1  0   0  0   0   1         0
7446.333  7.446  0   0  3 2.091e+03 2.091e+00  0 4.401e+03 4.401e+00  1  0   0  0   0   1         0
7408.684  7.409  0   0  1 1.256e+03 1.256e+00  0 6.700e+02 6.700e-01  1  0   0  0   0   1         0
7403.766  7.404  0   0  1 4.781e+02 4.781e-01  0 1.486e+03 1.486e+00  1  0   0  0   0   1         0
7445.903  7.446  0   0  4 2.539e+03 2.539e+00  4 8.350e+03 8.350e+00  1  0   0  0   0   1         0
7445.183  7.445  0   0  7 9.893e+01 9.893e-02  0 1.887e+04 1.887e+01  1  0   0  0   0   1         0
7434.258  7.434  0   0  1 2.322e+02 2.322e-01  0 1.122e+03 1.122e+00  1  0   0  0   0   1         0
7412.394  7.412  0   0  3 4.419e+02 4.419e-01  0 4.919e+04 4.919e+01  1  0   0  0   0   1         0
7448.503  7.449  0   0  6 2.709e+03 2.709e+00  6 8.398e+03 8.398e+00  1  0   0  0   0   1         0
7438.358  7.438  0   0  6 2.002e+04 2.002e+01  6 3.481e+04 3.481e+01  1  0   0  0   0   1         0
7433.806  7.434  0   0  1 1.414e+00 1.414e-03  0 7.395e+02 7.395e-01  1  0   0  0   0   1         0
7411.234  7.411  0   0  6 7.922e+03 7.922e+00  6 1.730e+04 1.730e+01  1  0   0  0   0   1         0
7425.782  7.426  0   0  5 9.970e+02 9.970e-01  0 2.991e+03 2.991e+00  1  0   0  0   0   1         0
7441.203  7.441  0   0  3 6.875e+03 6.875e+00  0 2.607e+03 2.607e+00  1  0   0  0   0   1         0
7443.074  7.443  0   0  4 2.838e+01 2.838e-02  4 2.907e+03 2.907e+00  1  0   0  0   0   1         0
7428.197  7.428  0   0  2 8.399e+01 8.399e-02  2 1.036e+04 1.036e+01  1  0   0  0   0   1         0
7426.267  7.426  0   0  4 1.501e+03 1.501e+00  4 1.319e+04 1.319e+01  1  0   0  0   0   1         0
7434.991  7.435  0   0  1 4.378e+03 4.378e+00  0 1.090e+04 1.090e+01  1  0   0  0   0   1         0
7426.539  7.427  0   0  6 2.576e+04 2.576e+01  6 6.979e+04 6.979e+01  1  0   0  0   0   1         0
7421.008  7.421  0   0  0 4.175e+03 4.175e+00  0 1.790e+03 1.790e+00  1  0   0  0   0   1         0
7404.311  7.404  0   0  3 1.128e+00 1.128e-03  0 1.742e+01 1.742e-02  1  0   0  0   0   1         0
7406.359  7.406  0   0  6 6.467e+02 6.467e-01  6 2.630e+02 2.630e-01  1  0   0  0   0   1         0
7438.106  7.438  0   0  4 3.164e+00 3.164e-03  4 3.517e+03 3.517e+00  1  0   0  0   0   1         0
7401.245  7.401  0   0  4 1.782e+03 1.782e+00  4 1.016e+04 1.016e+01  1  0   0  0   0   1         0
7402.641  7.403  0   0  5 1.931e+03 1.931e+00  0 2.301e+04 2.301e+01  1  0   0  0   0   1         0
7445.276  7.445  0   0  4 2.673e+03 2.673e+00  4 1.066e+03 1.066e+00  1  0   0  0   0   1         0
7435.306  7.435  0   0  5 1.689e+02 1.689e-01  0 2.553e+03 2.553e+00  1  0   0  0   0   1         0
7400.213  7.400  0   0  0 1.113e+04 1.113e+01  0 1.704e+03 1.704e+00  1  0   0  0   0   1         0
7415.712  7.416  0   0  1 4.335e+02 4.335e-01  0 9.543e+02 9.543e-01  1  0   0  0   0   1         0
7438.257  7.438  0   0  0 3.529e+03 3.529e+00  0 9.590e+03 9.590e+00  1  0   0  0   0   1         0
7421.004  7.421  0   0  7 2.136e+03 2.136e+00  0 1.989e+04 1.989e+01  1  0   0  0   0   1         0
7423.567  7.424  0   0  4 3.104e+02 3.104e-01  4 3.037e+04 3.037e+01  1  0   0  0   0   1         0
7423.067  7.423  0   0  0 6.337e+02 6.337e-01  0 2.113e+04 2.113e+01  1  0   0  0   0   1         0
7495.990  7.496  0   0  2 2.827e+03 2.827e+00  2 1.003e+04 1.003e+01  1  0   0  0   0   1         0
7472.902  7.473  0   0  3 6.582e+01 6.582e-02  0 3.822e+03 3.822e+00  1  0   0  0   0   1         0
7469.660  7.470  0   0  5 3.808e+02 3.808e-01  0 3.133e+03 3.133e+00  1  0   0  0   0   1         0
7461.660  7.462  0   0  2 4.020e+03 4.020e+00  2 4.825e+04 4.825e+01  1  0   0  0   0   1         0
7460.989  7.461  0   0  0 8.712e+02 8.712e-01  0 1.346e+03 1.346e+00  1  0   0  0   0   1         0
7486.902  7.487  0   0  2 6.725e+03 6.725e+00  2 2.521e+03 2.521e+00  1  0   0  0   0   1         0
7454.055  7.454  0   0  2 1.183e+03 1.183e+00  2 4.419e+03 4.419e+00  1  0   0  0   0   1         0
7462.228  7.462  0   0  6 4.028e+03 4.028e+00  6 7.918e+03 7.918e+00  1  0   0  0   0   1         0
7494.345  7.494  0   0  2 3.046e+02 3.046e-01  2 1.479e+04 1.479e+01  1  0   0  0   0   1         0
7478.968  7.479  0   0  2 3.396e+01 3.396e-02  2 5.223e+03 5.223e+00  1  0   0  0   0   1         0
7452.352  7.452  0   0  4 1.327e+04 1.327e+01  4 2.749e+03 2.749e+00  1  0   0  0   0   1         0
7485.316  7.485  0   0  4 2.844e+04 2.844e+01  4 9.382e+03 9.382e+00  1  0   0  0   0   1         0
7475.459  7.475  0   0  4 1.790e+04 1.790e+01  4 5.068e+02 5.068e-01  1  0   0  0   0   1         0
7492.788  7.493  0   0  4 4.061e+03 4.061e+00  4 2.022e+03 2.022e+00  1  0   0  0   0   1         0
7484.229  7.484  0   0  4 5.519e+03 5.519e+00  4 1.831e+04 1.831e+01  1  0   0  0   0   1         0
7450.225  7.450  0   0  3 7.254e+02 7.254e-01  0 1.610e+04 1.610e+01  1  0   0  0   0   1         0
7460.369  7.460  0   0  6 3.346e+03 3.346e+00  6 1.539e+03 1.539e+00  1  0   0  0   0   1         0
7462.994  7.463  0   0  4 1.071e+03 1.071e+00  4 5.790e+04 5.790e+01  1  0   0  0   0   1         0
7485.216  7.485  0   0  0 8.206e+03 8.206e+00  0 4.925e+03 4.925e+00  1  0   0  0   0   1         0
7475.590  7.476  0   0  3 1.002e+03 1.002e+00  0 3.542e+03 3.542e+00  1  0   0  0   0   1         0
7487.466  7.487  0   0  1 1.008e+03 1.008e+00  0 1.550e+04 1.550e+01  1  0   0  0   0   1         0
7475.768  7.476  0   0  4 6.849e+02 6.849e-01  4 8.214e+02 8.214e-01  1  0   0  0   0   1         0
7466.480  7.466  0   0  7 4.699e+02 4.699e-01  0 2.173e+03 2.173e+00  1  0   0  0   0   1         0
7455.230  7.455  0   0  4 3.794e+02 3.794e-01  4 9.448e+01 9.448e-02  1  0   0  0   0   1         0
7460.212  7.460  0   0  2 1.528e+04 1.528e+01  2 7.903e+03 7.903e+00  1  0   0  0   0   1         0
7470.159  7.470  0   0  1 8.432e+01 8.432e-02  0 1.117e+03 1.117e+00  1  0   0  0   0   1         0
7477.696  7.478  0   0  8 1.949e+02 1.949e-01  8 4.408e+03 4.408e+00  1  0   0  0   0   1         0
7496.960  7.497  0   0  2 2.033e+02 2.033e-01  2 1.863e+03 1.863e+00  1  0   0  0   0   1         0
7462.077  7.462  0   0  6 8.111e+02 8.111e-01  6 1.954e+04 1.954e+01  1  0   0  0   0   1         0
7483.415  7.483  0   0  4 7.635e+03 7.635e+00  4 5.932e+03 5.932e+00  1  0   0  0   0   1         0
7457.692  7.458  0   0  4 4.788e+03 4.788e+00  4 2.201e+04 2.201e+01  1  0   0  0   0   1         0
7485.789  7.486  0   0  1 1.138e+03 1.138e+00  0 9.992e+03 9.992e+00  1  0   0  0   0   1         0
7450.573  7.451  0   0  4 2.519e+03 2.519e+00  4 1.371e+03 1.371e+00  1  0   0  0   0   1         0
7482.908  7.483  0   0  4 8.320e+02 8.320e-01  4 1.299e+01 1.299e-02  1  0   0  0   0   1         0
7458.229  7.458  0   0  0 1.490e+02 1.490e-01  0 1.001e+04 1.001e+01  1  0   0  0   0   1         0
7459.091  7.459  0   0  4 5.676e+02 5.676e-01  4 1.708e+04 1.708e+01  1  0   0  0   0   1         0
7478.068  7.478  0   0  7 1.129e+03 1.129e+00  0 3.082e+04 3.082e+01  1  0   0  0   0   1         0
7468.888  7.469  0   0  1 3.307e+03 3.307e+00  0 1.280e+02 1.280e-01  1  0   0  0   0   1         0
7473.690  7.474  0   0  2 1.577e+03 1.577e+00  2 3.830e+04 3.830e+01  1  0   0  0   0   1         0
7528.833  7.529  0   0  0 3.021e+03 3.021e+00  0 4.623e+04 4.623e+01  1  0   0  0   0   1         0
7507.467  7.507  0   0  0 2.058e+02 2.058e-01  0 9.548e+02 9.548e-01  1  0   0  0   0   1         0
7546.462  7.546  0   0  6 2.564e+04 2.564e+01  6 1.264e+04 1.264e+01  1  0   0  0   0   1         0
7539.975  7.540  0   0  0 6.739e+02 6.739e-01  0 2.824e+03 2.824e+00  1  0   0  0   0   1         0
7511.779  7.512  0   0  5 8.227e+02 8.227e-01  0 7.592e+02 7.592e-01  1  0   0  0   0   1         0
7514.992  7.515  0   0  0 4.263e+03 4.263e+00  0 2.330e+04 2.330e+01  1  0   0  0   0   1         0
7519.191  7.519  0   0  1 6.628e+03 6.628e+00  0 2.868e+03 2.868e+00  1  0   0  0   0   1         0
7520.389  7.520  0   0  0 2.348e+02 2.348e-01  0 3.341e+02 3.341e-01  1  0   0  0   0   1         0
7540.940  7.541  0   0  2 2.400e+03 2.400e+00  2 4.508e+04 4.508e+01  1  0   0  0   0   1         0
7528.347  7.528  0   0  1 2.752e+03 2.752e+00  0 1.856e+04 1.856e+01  1  0   0  0   0   1         0
7521.517  7.522  0   0  3 5.718e+03 5.718e+00  0 4.363e+02 4.363e-01  1  0   0  0   0   1         0
7536.071  7.536  0   0  6 5.716e+01 5.716e-02  6 6.731e+03 6.731e+00  1  0   0  0   0   1         0
7523.015  7.523  0   0  6 5.555e+02 5.555e-01  6 8.129e+03 8.129e+00  1  0   0  0   0   1         0
7506.467  7.506  0   0  1 2.824e+02 2.824e-01  0 2.858e+02 2.858e-01  1  0   0  0   0   1         0
7505.422  7.505  0   0  5 1.256e+03 1.256e+00  0 1.884e+04 1.884e+01  1  0   0  0   0   1         0
7516.406  7.516  0   0  4 5.162e+03 5.162e+00  4 2.766e+04 2.766e+01  1  0   0  0   0   1         0
7530.261  7.530  0   0  5 1.541e+04 1.541e+01  0 1.213e+04 1.213e+01  1  0   0  0   0   1         0
7506.800  7.507  0   0  1 1.355e+02 1.355e-01  0 7.380e+03 7.380e+00  1  0   0  0   0   1         0
7527.628  7.528  0   0  3 8.347e+03 8.347e+00  0 1.206e+03 1.206e+00  1  0   0  0   0   1         0
7513.577  7.514  0   0  5 1.502e+04 1.502e+01  0 1.182e+04 1.182e+01  1  0   0  0   0   1         0
7534.874  7.535  0   0  0 2.462e+03 2.462e+00  0 1.725e+03 1.725e+00  1  0   0  0   0   1         0
7501.427  7.501  0   0  1 2.191e+04 2.191e+01  0 2.327e+04 2.327e+01  1  0   0  0   0   1         0
7523.573  7.524  0   0  3 2.997e+03 2.997e+00  0 6.602e+02 6.602e-01  1  0   0  0   0   1         0
7502.638  7.503  0   0  7 9.171e+01 9.171e-02  0 7.533e+01 7.533e-02  1  0   0  0   0   1         0
7516.634  7.517  0   0  3 2.935e+03 2.935e+00  0 4.607e+03 4.607e+00  1  0   0  0   0   1         0
7500.786  7.501  0   0  9 7.268e+02 7.268e-01  0 2.143e+03 2.143e+00  1  0   0  0   0   1         0
7523.577  7.524  0   0  2 4.927e+03 4.927e+00  2 7.931e+03 7.931e+00  1  0   0  0   0   1         0
7538.438  7.538  0   0  3 2.158e+03 2.158e+00  0 5.471e+03 5.471e+00  1  0   0  0   0   1         0
7505.055  7.505  0   0  5 1.445e+03 1.445e+00  0 1.183e+03 1.183e+00  1  0   0  0   0   1         0
7536.856  7.537  0   0  6 8.632e+02 8.632e-01  6 3.395e+03 3.395e+00  1  0   0  0   0   1         0
7529.328  7.529  0   0  5 2.141e+02 2.141e-01  0 1.808e+04 1.808e+01  1  0   0  0   0   1         0
7525.353  7.525  0   0  3 6.293e+03 6.293e+00  0 8.334e+02 8.334e-01  1  0   0  0   0   1         0
7530.091  7.530  0   0  2 3.666e+01 3.666e-02  2 2.205e+04 2.205e+01  1  0   0  0   0   1         0
7516.904  7.517  0   0  0 4.620e+01 4.620e-02  0 5.134e+03 5.134e+00  1  0   0  0   0   1         0
7535.617  7.536  0   0  5 4.479e+02 4.479e-01  0 1.468e+04 1.468e+01  1  0   0  0   0   1         0
7539.067  7.539  0   0  2 5.281e+03 5.281e+00  2 2.400e+01 2.400e-02  1  0   0  0   0   1         0
7538.995  7.539  0   0  1 2.148e+03 2.148e+00  0 3.123e+03 3.123e+00  1  0   0  0   0   1         0
7513.570  7.514  0   0  5 1.376e+03 1.376e+00  0 2.583e+03 2.583e+00  1  0   0  0   0   1         0
7532.806  7.533  0   0  3 1.421e+03 1.421e+00  0 1.760e+04 1.760e+01  1  0   0  0   0   1         0
7507.467  7.507  0   0  2 3.260e+03 3.260e+00  2 3.718e+03 3.718e+00  1  0   0  0   0   1         0
7524.893  7.525  0   0  2 1.961e+03 1.961e+00  2 1.105e+03 1.105e+00  1  0   0  0   0   1         0
7500.133  7.500  0   0  4 1.927e+03 1.927e+00  4 8.554e+02 8.554e-01  1  0   0  0   0   1         0
7509.756  7.510  0   0  2 3.688e+03 3.688e+00  2 2.394e+02 2.394e-01  1  0   0  0   0   1         0
7531.700  7.532  0   0  2 2.137e+03 2.137e+00  2 2.531e+03 2.531e+00  1  0   0  0   0   1         0
7543.771  7.544  0   0  1 1.940e-01 1.940e-04  0 4.573e+04 4.573e+01  1  0   0  0   0   1         0
7554.852  7.555  0   0  9 1.833e+03 1.833e+00  0 1.630e+03 1.630e+00  1  0   0  0   0   1         0
7599.487  7.599  0   0  3 6.205e+03 6.205e+00  0 3.516e+02 3.516e-01  1  0   0  0   0   1         0
7598.790  7.599  0   0  5 1.177e+03 1.177e+00  0 4.979e+03 4.979e+00  1  0   0  0   0   1         0
7573.531  7.574  0   0  2 2.923e+02 2.923e-01  2 5.771e+02 5.771e-01  1  0   0  0   0   1         0
7555.440  7.555  0   0  4 1.263e+03 1.263e+00  4 2.620e+04 2.620e+01  1  0   0  0   0   1         0
7586.133  7.586  0   0  5 1.538e+02 1.538e-01  0 1.955e+02 1.955e-01  1  0   0  0   0   1         0
7598.091  7.598  0   0  0 1.049e+02 1.049e-01  0 6.116e+03 6.116e+00  1  0   0  0   0   1         0
7589.017  7.589  0   0  3 3.252e+02 3.252e-01  0 3.049e+03 3.049e+00  1  0   0  0   0   1         0
7581.322  7.581  0   0  6 3.765e+02 3.765e-01  6 8.993e+03 8.993e+00  1  0   0  0   0   1         0
7580.655  7.581  0   0  1 4.472e+03 4.472e+00  0 2.448e+03 2.448e+00  1  0   0  0   0   1         0
7598.906  7.599  0   0  1 2.116e+04 2.116e+01  0 8.917e+02 8.917e-01  1  0   0  0   0   1         0
7553.689  7.554  0   0  5 3.220e+02 3.220e-01  0 5.354e+03 5.354e+00  1  0   0  0   0   1         0
7557.539  7.558  0   0  4 7.794e+03 7.794e+00  4 9.793e+03 9.793e+00  1  0   0  0   0   1         0
7591.608  7.592  0   0  5 1.645e+03 1.645e+00  0 1.069e+01 1.069e-02  1  0   0  0   0   1         0
7557.315  7.557  0   0  5 2.243e+02 2.243e-01  0 8.658e+03 8.658e+00  1  0   0  0   0   1         0
7569.279  7.569  0   0  2 2.083e+03 2.083e+00  2 2.493e+04 2.493e+01  1  0   0  0   0   1         0
7564.173  7.564  0   0  1 1.342e+02 1.342e-01  0 2.567e+03 2.567e+00  1  0   0  0   0   1         0
7562.261  7.562  0   0  7 2.052e+03 2.052e+00  0 5.524e+02 5.524e-01  1  0   0  0   0   1         0
7551.298  7.551  0   0  3 6.960e+02 6.960e-01  0 1.841e+02 1.841e-01  1  0   0  0   0   1         0
7578.430  7.578  0   0  4 7.608e+02 7.608e-01  4 6.887e+02 6.887e-01  1  0   0  0   0   1         0
7570.178  7.570  0   0  2 2.390e+03 2.390e+00  2 2.280e+04 2.280e+01  1  0   0  0   0   1         0
7577.698  7.578  0   0  2 2.733e+03 2.733e+00  2 3.499e+03 3.499e+00  1  0   0  0   0   1         0
7565.327  7.565  0   0  2 1.532e+04 1.532e+01  2 3.599e+04 3.599e+01  1  0   0  0   0   1         0
7597.099  7.597  0   0  2 1.024e+04 1.024e+01  2 4.814e+04 4.814e+01  1  0   0  0   0   1         0
7579.683  7.580  0   0  3 2.555e+03 2.555e+00  0 1.019e+04 1.019e+01  1  0   0  0   0   1         0
7598.078  7.598  0   0  1 3.327e+03 3.327e+00  0 8.950e+03 8.950e+00  1  0   0  0   0   1         0
7567.610  7.568  0   0  1 6.377e+03 6.377e+00  0 6.309e+03 6.309e+00  1  0   0  0   0   1         0
7550.116  7.550  0   0  4 6.814e+03 6.814e+00  4 2.503e+02 2.503e-01  1  0   0  0   0   1         0
7589.145  7.589  0   0  1 1.255e+02 1.255e-01  0 2.009e+03 2.009e+00  1  0   0  0   0   1         0
7591.437  7.591  0   0  1 8.517e+02 8.517e-01  0 3.034e+04 3.034e+01  1  0   0  0   0   1         0
7552.962  7.553  0   0  4 1.617e+00 1.617e-03  4 1.256e+03 1.256e+00  1  0   0  0   0   1         0
7581.381  7.581  0   0  0 2.065e+03 2.065e+00  0 4.480e+01 4.480e-02  1  0   0  0   0   1         0
7583.158  7.583  0   0  2 2.610e+02 2.610e-01  2 5.356e+03 5.356e+00  1  0   0  0   0   1         0
7557.347  7.557  0   0  2 1.743e+03 1.743e+00  2 1.861e+03 1.861e+00  1  0   0  0   0   1         0
7577.745  7.578  0   0  6 4.689e+02 4.689e-01  6 6.645e+03 6.645e+00  1  0   0  0   0   1         0
7562.249  7.562  0   0  0 3.676e+04 3.676e+01  0 3.604e+04 3.604e+01  1  0   0  0   0   1         0
7550.830  7.551  0   0  3 2.628e+03 2.628e+00  0 7.751e+02 7.751e-01  1  0   0  0   0   1         0
7593.400  7.593  0   0  1 1.808e+03 1.808e+00  0 5.431e+03 5.431e+00  1  0   0  0   0   1         0
7574.705  7.575  0   0  4 1.552e+04 1.552e+01  4 3.262e+04 3.262e+01  1  0   0  0   0   1         0
7589.166  7.589  0   0  1 2.191e+02 2.191e-01  0 6.900e+03 6.900e+00  1  0   0  0   0   1         0
7586.240  7.586  0   0  0 7.844e+03 7.844e+00  0 1.805e+03 1.805e+00  1  0   0  0   0   1         0
7616.727  7.617  0   0  1 5.431e+00 5.431e-03  0 1.192e+03 1.192e+00  1  0   0  0   0   1         0
7638.104  7.638  0   0  2 4.867e+03 4.867e+00  2 1.535e+01 1.535e-02  1  0   0  0   0   1         0
7602.066  7.602  0   0  0 4.941e+03 4.941e+00  0 3.708e+04 3.708e+01  1  0   0  0   0   1         0
7609.901  7.610  0   0  4 8.463e+03 8.463e+00  4 1.384e+03 1.384e+00  1  0   0  0   0   1         0
7601.126  7.601  0   0  1 5.647e+00 5.647e-03  0 3.823e+03 3.823e+00  1  0   0  0   0   1         0
7638.996  7.639  0   0  5 2.348e+03 2.348e+00  0 1.647e+04 1.647e+01  1  0   0  0   0   1         0
7649.194  7.649  0   0  0 1.837e+04 1.837e+01  0 3.143e+03 3.143e+00  1  0   0  0   0   1         0
7633.083  7.633  0   0  1 4.850e+02 4.850e-01  0 2.675e+03 2.675e+00  1  0   0  0   0   1         0
7629.621  7.630  0   0  0 3.674e+03 3.674e+00  0 8.021e+02 8.021e-01  1  0   0  0   0   1         0
7645.442  7.645  0   0  1 6.447e+03 6.447e+00  0 1.134e+03 1.134e+00  1  0   0  0   0   1         0
7612.838  7.613  0   0  6 1.507e+03 1.507e+00  6 5.945e+03 5.945e+00  1  0   0  0   0   1         0
7603.352  7.603  0   0  5 1.950e+03 1.950e+00  0 7.935e+04 7.935e+01  1  0   0  0   0   1         0
7625.616  7.626  0   0  1 3.427e+04 3.427e+01  0 3.899e+03 3.899e+00  1  0   0  0   0   1         0
7613.109  7.613  0   0  4 1.026e+04 1.026e+01  4 2.247e+03 2.247e+00  1  0   0  0   0   1         0
7622.671  7.623  0   0  2 1.331e+02 1.331e-01  2 2.262e+02 2.262e-01  1  0   0  0   0   1         0
7622.932  7.623  0   0  5 1.560e+03 1.560e+00  0 3.128e+04 3.128e+01  1  0   0  0   0   1         0
7616.044  7.616  0   0  2 4.073e+03 4.073e+00  2 5.897e+03 5.897e+00  1  0   0  0   0   1         0
7624.434  7.624  0   0  3 1.730e+02 1.730e-01  0 7.190e+03 7.190e+00  1  0   0  0   0   1         0
7619.119  7.619  0   0  0 2.387e+03 2.387e+00  0 1.449e+03 1.449e+00  1  0   0  0   0   1         0
7605.701  7.606  0   0  0 4.162e+02 4.162e-01  0 4.451e+02 4.451e-01  1  0   0  0   0   1         0
7643.390  7.643  0   0  4 6.207e+03 6.207e+00  4 3.291e+02 3.291e-01  1  0   0  0   0   1         0
7635.162  7.635  0   0  3 1.968e+03 1.968e+00  0 1.514e+04 1.514e+01  1  0   0  0   0   1         0
7602.084  7.602  0   0  2 2.542e+02 2.542e-01  2 4.508e+02 4.508e-01  1  0   0  0   0   1         0
7605.838  7.606  0   0  6 2.615e+03 2.615e+00  6 7.272e+02 7.272e-01  1  0   0  0   0   1         0
7604.867  7.605  0   0  5 1.539e+03 1.539e+00  0 1.209e+04 1.209e+01  1  0   0  0   0   1         0
7603.115  7.603  0   0  2 3.119e+03 3.119e+00  2 3.336e+02 3.336e-01  1  0   0  0   0   1         0
7602.979  7.603  0   0  1 8.001e+03 8.001e+00  0 2.081e+04 2.081e+01  1  0   0  0   0   1         0
7607.918  7.608  0   0  2 6.867e+03 6.867e+00  2 8.295e+02 8.295e-01  1  0   0  0   0   1         0
7642.454  7.642  0   0  2 1.009e+02 1.009e-01  2 6.909e+03 6.909e+00  1  0   0  0   0   1         0
7641.478  7.641  0   0  5 2.820e+03 2.820e+00  0 1.406e+03 1.406e+00  1  0   0  0   0   1         0
7639.237  7.639  0   0  4 1.073e+02 1.073e-01  4 7.586e+03 7.586e+00  1  0   0  0   0   1         0
7630.847  7.631  0   0  0 3.934e+02 3.934e-01  0 1.456e+04 1.456e+01  1  0   0  0   0   1         0
7636.268  7.636  0   0  1 1.645e+04 1.645e+01  0 1.456e+03 1.456e+00  1  0   0  0   0   1         0
7637.015  7.637  0   0  5 1.013e+03 1.013e+00  0 4.923e+02 4.923e-01  1  0   0  0   0   1         0
7644.512  7.645  0   0  0 3.345e+04 3.345e+01  0 2.881e+02 2.881e-01  1  0   0  0   0   1         0
7636.709  7.637  0   0  9 1.179e+04 1.179e+01  0 1.036e+01 1.036e-02  1  0   0  0   0   1         0
7636.914  7.637  0   0  5 1.354e+03 1.354e+00  0 3.071e+03 3.071e+00  1  0   0  0   0   1         0
7640.278  7.640  0   0  2 3.751e+01 3.751e-02  2 1.077e+04 1.077e+01  1  0   0  0   0   1         0
7627.934  7.628  0   0  5 1.615e+03 1.615e+00  0 1.616e+03 1.616e+00  1  0   0  0   0   1         0
7610.731  7.611  0   0  1 4.574e+03 4.574e+00  0 5.618e+03 5.618e+00  1  0   0  0   0   1         0
7604.264  7.604  0   0  2 8.071e+03 8.071e+00  2 9.754e+03 9.754e+00  1  0   0  0   0   1         0
7621.067  7.621  0   0  1 8.588e+03 8.588e+00  0 2.158e+03 2.158e+00  1  0   0  0   0   1         0
7604.624  7.605  0   0  2 3.910e+03 3.910e+00  2 5.727e+01 5.727e-02  1  0   0  0   0   1         0
7661.219  7.661  0   0  2 8.642e+03 8.642e+00  2 5.879e+02 5.879e-01  1  0   0  0   0   1         0
7660.053  7.660  0   0  2 3.287e+02 3.287e-01  2 4.793e+03 4.793e+00  1  0   0  0   0   1         0
7682.852  7.683  0   0  1 3.724e+03 3.724e+00  0 4.602e+04 4.602e+01  1  0   0  0   0   1         0
7650.576  7.651  0   0  5 8.842e+02 8.842e-01  0 4.389e+04 4.389e+01  1  0   0  0   0   1         0
7698.468  7.698  0   0  4 1.369e+04 1.369e+01  4 8.908e+02 8.908e-01  1  0   0  0   0   1         0
7669.880  7.670  0   0  3 1.046e+03 1.046e+00  0 8.516e+01 8.516e-02  1  0   0  0   0   1         0
7665.037  7.665  0   0  1 7.447e+00 7.447e-03  0 2.176e+03 2.176e+00  1  0   0  0   0   1         0
7696.032  7.696  0   0  3 9.997e+02 9.997e-01  0 1.113e+04 1.113e+01  1  0   0  0   0   1         0
7674.449  7.674  0   0  1 3.461e+02 3.461e-01  0 5.270e+02 5.270e-01  1  0   0  0   0   1         0
7680.826  7.681  0   0  1 3.581e+01 3.581e-02  0 1.918e+03 1.918e+00  1  0   0  0   0   1         0
7684.890  7.685  0   0  3 1.452e+02 1.452e-01  0 7.787e+01 7.787e-02  1  0   0  0   0   1         0
7693.622  7.694  0   0  7 2.415e+02 2.415e-01  0 7.696e+03 7.696e+00  1  0   0  0   0   1         0
7656.540  7.657  0   0  2 4.372e+03 4.372e+00  2 9.115e+03 9.115e+00  1  0   0  0   0   1         0
7654.117  7.654  0   0  3 7.512e+01 7.512e-02  0 1.157e+03 1.157e+00  1  0   0  0   0   1         0
7699.688  7.700  0   0  4 1.148e+04 1.148e+01  4 6.971e+00 6.971e-03  1  0   0  0   0   1         0
7650.448  7.650  0   0  3 1.696e+03 1.696e+00  0 1.529e+04 1.529e+01  1  0   0  0   0   1         0
7685.505  7.686  0   0  5 2.492e+03 2.492e+00  0 5.314e+04 5.314e+01  1  0   0  0   0   1         0
7680.663  7.681  0   0  3 3.550e+03 3.550e+00  0 1.242e+04 1.242e+01  1  0   0  0   0   1         0
7677.742  7.678  0   0  6 1.232e+04 1.232e+01  6 5.833e+02 5.833e-01  1  0   0  0   0   1         0
7689.369  7.689  0   0  3 2.623e+03 2.623e+00  0 1.777e+02 1.777e-01  1  0   0  0   0   1         0
7699.627  7.700  0   0  5 2.311e+04 2.311e+01  0 7.621e+02 7.621e-01  1  0   0  0   0   1         0
7652.365  7.652  0   0  2 2.584e+03 2.584e+00  2 2.007e+03 2.007e+00  1  0   0  0   0   1         0
7680.836  7.681  0   0  3 4.628e+03 4.628e+00  0 2.325e+03 2.325e+00  1  0   0  0   0   1         0
7685.932  7.686  0   0  7 1.493e+03 1.493e+00  0 2.798e+03 2.798e+00  1  0   0  0   0   1         0
7665.396  7.665  0   0  5 2.476e+02 2.476e-01  0 3.284e+03 3.284e+00  1  0   0  0   0   1         0
7694.687  7.695  0   0  4 1.065e+00 1.065e-03  4 1.189e+04 1.189e+01  1  0   0  0   0   1         0
7672.965  7.673  0   0  1 2.131e+02 2.131e-01  0 3.975e+03 3.975e+00  1  0   0  0   0   1         0
7658.288  7.658  0   0  1 4.173e+03 4.173e+00  0 3.151e+03 3.151e+00  1  0   0  0   0   1         0
7692.778  7.693  0   0  3 9.586e+02 9.586e-01  0 2.697e+02 2.697e-01  1  0   0  0   0   1         0
7697.171  7.697  0   0  3 4.669e+00 4.669e-03  0 1.951e+03 1.951e+00  1  0   0  0   0   1         0
7655.017  7.655  0   0  7 7.876e+01 7.876e-02  0 1.135e+04 1.135e+01  1  0   0  0   0   1         0
7687.670  7.688  0   0  3 3.293e+04 3.293e+01  0 2.327e+04 2.327e+01  1  0   0  0   0   1         0
7660.829  7.661  0   0  5 8.835e+02 8.835e-01  0 1.863e+02 1.863e-01  1  0   0  0   0   1         0
7650.339  7.650  0   0  2 4.561e+03 4.561e+00  2 1.676e+00 1.676e-03  1  0   0  0   0   1         0
7663.120  7.663  0   0  0 1.745e+03 1.745e+00  0 1.391e+04 1.391e+01  1  0   0  0   0   1         0
7692.803  7.693  0   0  5 1.322e+03 1.322e+00  0 7.623e+03 7.623e+00  1  0   0  0   0   1         0
7657.116  7.657  0   0  3 6.720e+03 6.720e+00  0 1.554e+04 1.554e+01  1  0   0  0   0   1         0
7656.586  7.657  0   0  6 5.733e+02 5.733e-01  6 4.876e+03 4.876e+00  1  0   0  0   0   1         0
7687.041  7.687  0   0  2 3.292e+02 3.292e-01  2 3.880e+04 3.880e+01  1  0   0  0   0   1         0
7670.430  7.670  0   0  3 1.249e+04 1.249e+01  0 2.235e+04 2.235e+01  1  0   0  0   0   1         0
7657.483  7.657  0   0  2 2.363e+02 2.363e-01  2 8.052e+03 8.052e+00  1  0   0  0   0   1         0
7661.582  7.662  0   0  1 1.762e+04 1.762e+01  0 3.714e+03 3.714e+00  1  0   0  0   0   1         0
7689.805  7.690  0   0  6 2.639e+03 2.639e+00  6 6.071e+02 6.071e-01  1  0   0  0   0   1         0
7681.272  7.681  0   0  5 1.007e+03 1.007e+00  0 7.825e+02 7.825e-01  1  0   0  0   0   1         0
7688.130  7.688  0   0  2 2.424e+03 2.424e+00  2 1.151e+04 1.151e+01  1  0   0  0   0   1         0
7654.930  7.655  0   0  6 1.539e+04 1.539e+01  6 1.503e+04 1.503e+01  1  0   0  0   0   1         0
7717.331  7.717  0   0  4 1.543e+04 1.543e+01  4 2.411e+03 2.411e+00  1  0   0  0   0   1         0
7719.647  7.720  0   0  1 3.233e+01 3.233e-02  0 1.967e+04 1.967e+01  1  0   0  0   0   1         0
7728.065  7.728  0   0  7 1.900e+03 1.900e+00  0 1.774e+04 1.774e+01  1  0   0  0   0   1         0
7716.777  7.717  0   0  5 4.935e+02 4.935e-01  0 1.485e+04 1.485e+01  1  0   0  0   0   1         0
7734.593  7.735  0   0  6 4.027e+02 4.027e-01  6 4.805e+03 4.805e+00  1  0   0  0   0   1         0
7732.490  7.732  0   0  7 1.703e+03 1.703e+00  0 1.056e+03 1.056e+00  1  0   0  0   0   1         0
7725.556  7.726  0   0  5 8.330e+02 8.330e-01  0 3.819e+03 3.819e+00  1  0   0  0   0   1         0
7702.722  7.703  0   0  5 6.514e+02 6.514e-01  0 7.712e+04 7.712e+01  1  0   0  0   0   1         0
7746.854  7.747  0   0  3 6.834e+02 6.834e-01  0 1.180e+04 1.180e+01  1  0   0  0   0   1         0
7720.695  7.721  0   0  2 3.300e+01 3.300e-02  2 6.473e+03 6.473e+00  1  0   0  0   0   1         0
7722.585  7.723  0   0  2 5.713e+02 5.713e-01  2 4.245e+03 4.245e+00  1  0   0  0   0   1         0
7722.914  7.723  0   0  2 3.259e+03 3.259e+00  2 1.061e+04 1.061e+01  1  0   0  0   0   1         0
7718.357  7.718  0   0  0 1.048e+04 1.048e+01  0 8.906e+04 8.906e+01  1  0   0  0   0   1         0
7733.829  7.734  0   0  3 1.558e+04 1.558e+01  0 1.766e+04 1.766e+01  1  0   0  0   0   1         0
7700.702  7.701  0   0  5 1.652e+03 1.652e+00  0 1.746e+03 1.746e+00  1  0   0  0   0   1         0
7743.725  7.744  0   0  5 5.489e+03 5.489e+00  0 1.234e+04 1.234e+01  1  0   0  0   0   1         0
7705.164  7.705  0   0  3 1.311e+03 1.311e+00  0 1.340e+04 1.340e+01  1  0   0  0   0   1         0
7749.986  7.750  0   0  4 1.461e+03 1.461e+00  4 1.170e+03 1.170e+00  1  0   0  0   0   1         0
7731.510  7.732  0   0  3 5.139e+03 5.139e+00  0 2.424e+04 2.424e+01  1  0   0  0   0   1         0
7703.341  7.703  0   0  3 1.021e+04 1.021e+01  0 2.701e+04 2.701e+01  1  0   0  0   0   1         0
7728.233  7.728  0   0  1 8.802e+02 8.802e-01  0 5.660e+04 5.660e+01  1  0   0  0   0   1         0
7716.666  7.717  0   0  2 3.054e+01 3.054e-02  2 2.909e+03 2.909e+00  1  0   0  0   0   1         0
7747.672  7.748  0   0  0 2.238e+02 2.238e-01  0 1.498e+04 1.498e+01  1  0   0  0   0   1         0
7737.857  7.738  0   0  2 3.551e+03 3.551e+00  2 1.518e+04 1.518e+01  1  0   0  0   0   1         0
7725.464  7.725  0   0  4 5.943e+03 5.943e+00  4 5.061e+03 5.061e+00  1  0   0  0   0   1         0
7721.600  7.722  0   0  2 1.491e+03 1.491e+00  2 2.591e+03 2.591e+00  1  0   0  0   0   1         0
7749.795  7.750  0   0  3 1.104e+03 1.104e+00  0 1.208e+04 1.208e+01  1  0   0  0   0   1         0
7733.470  7.733  0   0  0 6.797e+01 6.797e-02  0 7.297e+02 7.297e-01  1  0   0  0   0   1         0
7725.810  7.726  0   0  3 2.174e+04 2.174e+01  0 1.979e+01 1.979e-02  1  0   0  0   0   1         0
7720.006  7.720  0   0  5 6.488e+02 6.488e-01  0 1.199e+03 1.199e+00  1  0   0  0   0   1         0
7716.329  7.716  0   0  9 1.258e+04 1.258e+01  0 1.611e+04 1.611e+01  1  0   0  0   0   1         0
7735.365  7.735  0   0  2 5.385e+03 5.385e+00  2 3.961e+03 3.961e+00  1  0   0  0   0   1         0
7729.504  7.730  0   0  1 1.223e+04 1.223e+01  0 1.090e+04 1.090e+01  1  0   0  0   0   1         0
7742.467  7.742  0   0  2 7.575e+02 7.575e-01  2 6.192e+03 6.192e+00  1  0   0  0   0   1         0
7727.790  7.728  0   0  6 1.055e+03 1.055e+00  6 3.543e+04 3.543e+01  1  0   0  0   0   1         0
7729.227  7.729  0   0  5 2.871e+04 2.871e+01  0 6.796e+03 6.796e+00  1  0   0  0   0   1         0
7723.981  7.724  0   0  3 3.534e+03 3.534e+00  0 1.295e+03 1.295e+00  1  0   0  0   0   1         0
7738.213  7.738  0   0  3 2.989e+02 2.989e-01  0 1.813e+04 1.813e+01  1  0   0  0   0   1         0
7720.860  7.721  0   0  5 1.279e+03 1.279e+00  0 9.383e+03 9.383e+00  1  0   0  0   0   1         0
7742.654  7.743  0   0  1 1.902e+03 1.902e+00  0 5.320e+01 5.320e-02  1  0   0  0   0   1         0
7716.453  7.716  0   0  5 6.652e+03 6.652e+00  0 1.400e+04 1.400e+01  1  0   0  0   0   1         0
7775.024  7.775  0   0  3 7.169e+01 7.169e-02  0 2.157e+03 2.157e+00  1  0   0  0   0   1         0
7781.319  7.781  0   0  6 4.627e+03 4.627e+00  6 3.782e+00 3.782e-03  1  0   0  0   0   1         0
7792.442  7.792  0   0  2 1.174e+04 1.174e+01  2 3.681e+03 3.681e+00  1  0   0  0   0   1         0
7785.177  7.785  0   0  0 1.014e+03 1.014e+00  0 2.663e+03 2.663e+00  1  0   0  0   0   1         0
7755.144  7.755  0   0  1 8.577e+03 8.577e+00  0 7.979e+02 7.979e-01  1  0   0  0   0   1         0
7768.454  7.768  0   0  7 3.368e+03 3.368e+00  0 1.945e+00 1.945e-03  1  0   0  0   0   1         0
7777.740  7.778  0   0  0 9.745e+03 9.745e+00  0 2.221e+03 2.221e+00  1  0   0  0   0   1         0
7787.818  7.788  0   0  3 1.932e+03 1.932e+00  0 1.136e+03 1.136e+00  1  0   0  0   0   1         0
7777.289  7.777  0   0  0 1.732e+04 1.732e+01  0 1.244e-01 1.244e-04  1  0   0  0   0   1         0
7788.954  7.789  0   0  2 1.106e+04 1.106e+01  2 8.047e+03 8.047e+00  1  0   0  0   0   1         0
7791.941  7.792  0   0  0 5.272e+03 5.272e+00  0 2.248e+04 2.248e+01  1  0   0  0   0   1         0
7763.344  7.763  0   0  3 2.786e+03 2.786e+00  0 1.264e+04 1.264e+01  1  0   0  0   0   1         0
7780.910  7.781  0   0  1 4.156e+03 4.156e+00  0 4.170e+03 4.170e+00  1  0   0  0   0   1         0
7777.966  7.778  0   0  4 5.404e+03 5.404e+00  4 5.044e+02 5.044e-01  1  0   0  0   0   1         0
7761.444  7.761  0   0  0 1.101e+03 1.101e+00  0 3.097e+04 3.097e+01  1  0   0  0   0   1         0
7774.605  7.775  0   0  3 1.358e+04 1.358e+01  0 3.103e+04 3.103e+01  1  0   0  0   0   1         0
7777.539  7.778  0   0  2 8.575e+01 8.575e-02  2 6.146e+04 6.146e+01  1  0   0  0   0   1         0
7790.933  7.791  0   0  3 7.394e+02 7.394e-01  0 6.528e+02 6.528e-01  1  0   0  0   0   1         0
7773.160  7.773  0   0  3 3.816e+03 3.816e+00  0 8.380e+03 8.380e+00  1  0   0  0   0   1         0
7754.079  7.754  0   0  3 5.209e+03 5.209e+00  0 2.323e+03 2.323e+00  1  0   0  0   0   1         0
7774.476  7.774  0   0  3 9.435e+02 9.435e-01  0 1.112e+03 1.112e+00  1  0   0  0   0   1         0
7791.958  7.792  0   0  0 1.108e+01 1.108e-02  0 3.120e+02 3.120e-01  1  0   0  0   0   1         0
7778.672  7.779  0   0  5 1.118e+03 1.118e+00  0 7.689e+03 7.689e+00  1  0   0  0   0   1         0
7766.040  7.766  0   0  2 1.426e+03 1.426e+00  2 3.159e+04 3.159e+01  1  0   0  0   0   1         0
7796.081  7.796  0   0  5 3.151e-01 3.151e-04  0 4.645e+04 4.645e+01  1  0   0  0   0   1         0
7757.841  7.758  0   0  1 2.156e+02 2.156e-01  0 1.672e+04 1.672e+01  1  0   0  0   0   1         0
7766.442  7.766  0   0  6 2.164e+04 2.164e+01  6 9.021e+03 9.021e+00  1  0   0  0   0   1         0
7771.967  7.772  0   0  6 1.434e+02 1.434e-01  6 3.865e+03 3.865e+00  1  0   0  0   0   1         0
7786.985  7.787  0   0  3 1.695e+04 1.695e+01  0 1.212e+04 1.212e+01  1  0   0  0   0   1         0
7791.848  7.792  0   0  0 4.240e+03 4.240e+00  0 3.408e+03 3.408e+00  1  0   0  0   0   1         0
7752.953  7.753  0   0  0 5.009e+03 5.009e+00  0 4.072e+03 4.072e+00  1  0   0  0   0   1         0
7789.675  7.790  0   0  4 4.602e+02 4.602e-01  4 3.592e+02 3.592e-01  1  0   0  0   0   1         0
7786.116  7.786  0   0  4 1.514e+02 1.514e-01  4 3.445e+04 3.445e+01  1  0   0  0   0   1         0
7794.774  7.795  0   0  6 1.425e+04 1.425e+01  6 8.778e+03 8.778e+00  1  0   0  0   0   1         0
7795.062  7.795  0   0  4 8.432e+01 8.432e-02  4 1.449e+02 1.449e-01  1  0   0  0   0   1         0
7788.953  7.789  0   0  5 6.568e+03 6.568e+00  0 8.937e+02 8.937e-01  1  0   0  0   0   1         0
7759.579  7.760  0   0  3 1.571e+03 1.571e+00  0 9.495e+02 9.495e-01  1  0   0  0   0   1         0
7765.790  7.766  0   0  1 1.490e+02 1.490e-01  0 1.170e+04 1.170e+01  1  0   0  0   0   1         0
7796.842  7.797  0   0  4 9.015e+03 9.015e+00  4 4.107e+01 4.107e-02  1  0   0  0   0   1         0
7780.016  7.780  0   0  4 1.320e+03 1.320e+00  4 9.390e+02 9.390e-01  1  0   0  0   0   1         0
7777.049  7.777  0   0  1 2.753e+02 2.753e-01  0 2.329e+03 2.329e+00  1  0   0  0   0   1         0
7795.820  7.796  0   0  4 3.906e+03 3.906e+00  4 1.827e+04 1.827e+01  1  0   0  0   0   1         0
7793.759  7.794  0   0  0 3.184e+03 3.184e+00  0 9.665e+02 9.665e-01  1  0   0  0   0   1         0
7786.463  7.786  0   0  1 3.194e+03 3.194e+00  0 1.012e+04 1.012e+01  1  0   0  0   0   1         0
7794.159  7.794  0   0  4 6.084e+02 6.084e-01  4 1.003e+04 1.003e+01  1  0   0  0   0   1         0
7755.737  7.756  0   0  1 8.656e+02 8.656e-01  0 4.119e+02 4.119e-01  1  0   0  0   0   1         0
7787.959  7.788  0   0  2 8.644e+03 8.644e+00  2 2.336e+04 2.336e+01  1  0   0  0   0   1         0
7798.297  7.798  0   0  2 8.209e+03 8.209e+00  2 2.537e+04 2.537e+01  1  0   0  0   0   1         0
7752.470  7.752  0   0  3 4.930e+03 4.930e+00  0 2.051e+04 2.051e+01  1  0   0  0   0   1         0
7761.230  7.761  0   0  0 7.383e+03 7.383e+00  0 3.103e+04 3.103e+01  1  0   0  0   0   1         0
7789.771  7.790  0   0  1 4.240e+03 4.240e+00  0 3.789e+04 3.789e+01  1  0   0  0   0   1         0
7846.441  7.846  0   0  7 7.867e+03 7.867e+00  0 3.025e+04 3.025e+01  1  0   0  0   0   1         0
7824.517  7.825  0   0  3 7.225e+01 7.225e-02  0 1.775e+03 1.775e+00  1  0   0  0   0   1         0
7844.693  7.845  0   0  2 9.386e+03 9.386e+00  2 2.344e+04 2.344e+01  1  0   0  0   0   1         0
7831.171  7.831  0   0  2 2.555e+03 2.555e+00  2 1.337e+04 1.337e+01  1  0   0  0   0   1         0
7833.668  7.834  0   0  4 1.993e+02 1.993e-01  4 2.142e+03 2.142e+00  1  0   0  0   0   1         0
7838.726  7.839  0   0  1 1.027e+02 1.027e-01  0 1.681e+04 1.681e+01  1  0   0  0   0   1         0
7803.384  7.803  0   0  2 4.522e+03 4.522e+00  2 1.937e+03 1.937e+00  1  0   0  0   0   1         0
7831.491  7.831  0   0  1 4.296e+03 4.296e+00  0 4.375e+04 4.375e+01  1  0   0  0   0   1         0
7846.227  7.846  0   0  4 1.843e+04 1.843e+01  4 9.629e+03 9.629e+00  1  0   0  0   0   1         0
7847.824  7.848  0   0  1 2.617e+03 2.617e+00  0 1.290e+04 1.290e+01  1  0   0  0   0   1         0
7848.429  7.848  0   0  3 2.030e+04 2.030e+01  0 2.480e+04 2.480e+01  1  0   0  0   0   1         0
7832.392  7.832  0   0  3 6.422e+03 6.422e+00  0 2.786e+00 2.786e-03  1  0   0  0   0   1         0
7831.766  7.832  0   0  2 7.955e+02 7.955e-01  2 4.172e+01 4.172e-02  1  0   0  0   0   1         0
7827.731  7.828  0   0  4 1.581e+03 1.581e+00  4 8.030e+03 8.030e+00  1  0   0  0   0   1         0
7830.482  7.830  0   0  8 6.801e+03 6.801e+00  8 7.132e+02 7.132e-01  1  0   0  0   0   1         0
7830.710  7.831  0   0  3 5.765e+03 5.765e+00  0 2.327e+04 2.327e+01  1  0   0  0   0   1         0
7802.138  7.802  0   0  1 4.309e+03 4.309e+00  0 6.468e+03 6.468e+00  1  0   0  0   0   1         0
7804.479  7.804  0   0  6 4.260e+03 4.260e+00  6 9.534e+03 9.534e+00  1  0   0  0   0   1         0
7831.074  7.831  0   0  1 1.962e+04 1.962e+01  0 2.303e+04 2.303e+01  1  0   0  0   0   1         0
7815.806  7.816  0   0  3 1.818e+03 1.818e+00  0 1.376e+02 1.376e-01  1  0   0  0   0   1         0
7815.164  7.815  0   0  9 1.055e+03 1.055e+00  0 1.299e+03 1.299e+00  1  0   0  0   0   1         0
7809.741  7.810  0   0  2 8.350e+03 8.350e+00  2 4.881e+00 4.881e-03  1  0   0  0   0   1         0
7840.123  7.840  0   0  0 1.014e+04 1.014e+01  0 9.666e+02 9.666e-01  1  0   0  0   0   1         0
7848.231  7.848  0   0  1 2.795e+03 2.795e+00  0 6.987e+03 6.987e+00  1  0   0  0   0   1         0
7831.490  7.831  0   0  1 4.154e+03 4.154e+00  0 1.768e+04 1.768e+01  1  0   0  0   0   1         0
7847.293  7.847  0   0  4 1.483e+03 1.483e+00  4 1.043e+03 1.043e+00  1  0   0  0   0   1         0
7844.239  7.844  0   0  4 1.336e+04 1.336e+01  4 1.483e+02 1.483e-01  1  0   0  0   0   1         0
7810.971  7.811  0   0  1 7.887e+03 7.887e+00  0 6.754e+02 6.754e-01  1  0   0  0   0   1         0
7807.734  7.808  0   0  2 2.848e+03 2.848e+00  2 5.771e+00 5.771e-03  1  0   0  0   0   1         0
7810.653  7.811  0   0  0 1.062e+03 1.062e+00  0 5.797e+03 5.797e+00  1  0   0  0   0   1         0
7804.849  7.805  0   0  1 3.598e+03 3.598e+00  0 7.029e+02 7.029e-01  1  0   0  0   0   1         0
7829.250  7.829  0   0  0 2.706e+03 2.706e+00  0 2.380e+01 2.380e-02  1  0   0  0   0   1         0
7814.222  7.814  0   0  6 4.858e+02 4.858e-01  6 8.076e+03 8.076e+00  1  0   0  0   0   1         0
7845.680  7.846  0   0  4 2.716e+03 2.716e+00  4 5.558e+04 5.558e+01  1  0   0  0   0   1         0
7830.774  7.831  0   0  4 4.529e+02 4.529e-01  4 1.413e+04 1.413e+01  1  0   0  0   0   1         0
7818.082  7.818  0   0  1 6.730e+03 6.730e+00  0 2.496e+03 2.496e+00  1  0   0  0   0   1         0
7849.239  7.849  0   0  3 2.459e+03 2.459e+00  0 6.144e+03 6.144e+00  1  0   0  0   0   1         0
7890.967  7.891  0   0  6 1.119e+04 1.119e+01  6 9.440e+03 9.440e+00  1  0   0  0   0   1         0
7868.009  7.868  0   0  1 9.855e+03 9.855e+00  0 6.910e+01 6.910e-02  1  0   0  0   0   1         0
7873.353  7.873  0   0  1 4.585e+01 4.585e-02  0 1.355e+04 1.355e+01  1  0   0  0   0   1         0
7897.884  7.898  0   0  0 2.031e+04 2.031e+01  0 1.941e+02 1.941e-01  1  0   0  0   0   1         0
7894.800  7.895  0   0  4 2.391e+04 2.391e+01  4 2.595e+03 2.595e+00  1  0   0  0   0   1         0
7859.626  7.860  0   0  3 1.380e+03 1.380e+00  0 4.733e+03 4.733e+00  1  0   0  0   0   1         0
7863.801  7.864  0   0  5 9.229e+01 9.229e-02  0 3.335e+04 3.335e+01  1  0   0  0   0   1         0
7868.321  7.868  0   0  3 1.343e+04 1.343e+01  0 7.466e+03 7.466e+00  1  0   0  0   0   1         0
7894.038  7.894  0   0  3 2.321e+01 2.321e-02  0 3.532e+03 3.532e+00  1  0   0  0   0   1         0
7896.400  7.896  0   0  3 1.373e+01 1.373e-02  0 9.021e+02 9.021e-01  1  0   0  0   0   1         0
7890.185  7.890  0   0  1 1.811e+02 1.811e-01  0 1.430e+04 1.430e+01  1  0   0  0   0   1         0
7863.872  7.864  0   0  1 1.192e+04 1.192e+01  0 8.157e+03 8.157e+00  1  0   0  0   0   1         0
7894.396  7.894  0   0  1 2.154e+03 2.154e+00  0 1.112e+04 1.112e+01  1  0   0  0   0   1         0
7851.658  7.852  0   0  1 2.197e+02 2.197e-01  0 6.084e+03 6.084e+00  1  0   0  0   0   1         0
7871.245  7.871  0   0  3 2.218e+04 2.218e+01  0 6.979e+03 6.979e+00  1  0   0  0   0   1         0
7868.983  7.869  0   0  4 1.971e+04 1.971e+01  4 2.025e+02 2.025e-01  1  0   0  0   0   1         0
7876.869  7.877  0   0  0 7.345e+03 7.345e+00  0 2.334e+02 2.334e-01  1  0   0  0   0   1         0
7878.138  7.878  0   0  4 3.062e+03 3.062e+00  4 2.515e+04 2.515e+01  1  0   0  0   0   1         0
7861.346  7.861  0   0  9 1.222e+03 1.222e+00  0 2.434e+04 2.434e+01  1  0   0  0   0   1         0
7860.298  7.860  0   0  6 3.575e+01 3.575e-02  6 3.331e+01 3.331e-02  1  0   0  0   0   1         0
7890.246  7.890  0   0  5 1.333e+03 1.333e+00  0 9.194e+03 9.194e+00  1  0   0  0   0   1         0
7853.840  7.854  0   0  0 1.687e+03 1.687e+00  0 1.376e+03 1.376e+00  1  0   0  0   0   1         0
7874.772  7.875  0   0  3 1.551e+03 1.551e+00  0 1.018e+03 1.018e+00  1  0   0  0   0   1         0
7859.649  7.860  0   0  1 9.642e+03 9.642e+00  0 4.593e+03 4.593e+00  1  0   0  0   0   1         0
7866.072  7.866  0   0  2 5.435e+02 5.435e-01  2 1.037e+04 1.037e+01  1  0   0  0   0   1         0
7863.951  7.864  0   0  5 2.002e+03 2.002e+00  0 1.834e+03 1.834e+00  1  0   0  0   0   1         0
7885.515  7.886  0   0  5 8.663e+01 8.663e-02  0 1.487e+01 1.487e-02  1  0   0  0   0   1         0
7872.908  7.873  0   0  0 7.906e+03 7.906e+00  0 6.689e+03 6.689e+00  1  0   0  0   0   1         0
7865.063  7.865  0   0  3 3.039e+02 3.039e-01  0 4.866e+03 4.866e+00  1  0   0  0   0   1         0
7891.628  7.892  0   0  2 7.129e+03 7.129e+00  2 4.287e+03 4.287e+00  1  0   0  0   0   1         0
7854.324  7.854  0   0  4 1.301e+03 1.301e+00  4 2.114e+03 2.114e+00  1  0   0  0   0   1         0
7888.395  7.888  0   0  1 5.275e+02 5.275e-01  0 6.253e+01 6.253e-02  1  0   0  0   0   1         0
7862.496  7.862  0   0  3 6.230e+03 6.230e+00  0 2.549e+03 2.549e+00  1  0   0  0   0   1         0
7895.933  7.896  0   0  7 6.589e+03 6.589e+00  0 3.837e+03 3.837e+00  1  0   0  0   0   1         0
7850.280  7.850  0   0  0 6.838e+03 6.838e+00  0 6.690e+03 6.690e+00  1  0   0  0   0   1         0
7877.939  7.878  0   0  3 6.253e+00 6.253e-03  0 4.475e+04 4.475e+01  1  0   0  0   0   1         0
7881.214  7.881  0   0  5 1.005e+04 1.005e+01  0 2.432e+03 2.432e+00  1  0   0  0   0   1         0
7878.970  7.879  0   0  5 1.766e+04 1.766e+01  0 6.768e+02 6.768e-01  1  0   0  0   0   1         0
7890.815  7.891  0   0  4 1.360e+04 1.360e+01  4 2.635e+02 2.635e-01  1  0   0  0   0   1         0
7855.651  7.856  0   0  5 1.154e+03 1.154e+00  0 1.874e+03 1.874e+00  1  0   0  0   0   1         0
7870.883  7.871  0   0  3 2.813e+02 2.813e-01  0 5.855e+04 5.855e+01  1  0   0  0   0   1         0
7893.237  7.893  0   0  2 2.239e+02 2.239e-01  2 2.038e+04 2.038e+01  1  0   0  0   0   1         0
7894.479  7.894  0   0  2 1.551e+04 1.551e+01  2 2.726e+04 2.726e+01  1  0   0  0   0   1         0
7875.025  7.875  0   0  2 1.197e+04 1.197e+01  2 1.517e+04 1.517e+01  1  0   0  0   0   1         0
7878.004  7.878  0   0  5 5.639e+03 5.639e+00  0 4.464e+03 4.464e+00  1  0   0  0   0   1         0
7888.273  7.888  0   0  3 1.458e+04 1.458e+01  0 6.506e+02 6.506e-01  1  0   0  0   0   1         0
7889.054  7.889  0   0  5 7.268e-01 7.268e-04  0 6.346e+01 6.346e-02  1  0   0  0   0   1         0
7940.076  7.940  0   0  5 3.210e+03 3.210e+00  0 1.235e+04 1.235e+01  1  0   0  0   0   1         0
7920.483  7.920  0   0  5 4.612e+02 4.612e-01  0 3.130e+03 3.130e+00  1  0   0  0   0   1         0
7941.179  7.941  0   0  0 1.748e+03 1.748e+00  0 4.358e+03 4.358e+00  1  0   0  0   0   1         0
7905.053  7.905  0   0  2 1.159e+04 1.159e+01  2 4.266e+04 4.266e+01  1  0   0  0   0   1         0
7925.683  7.926  0   0  2 7.119e+02 7.119e-01  2 4.318e+02 4.318e-01  1  0   0  0   0   1         0
7929.226  7.929  0   0  3 3.119e+03 3.119e+00  0 7.040e+02 7.040e-01  1  0   0  0   0   1         0
7944.584  7.945  0   0  2 8.169e+03 8.169e+00  2 1.839e+04 1.839e+01  1  0   0  0   0   1         0
7904.717  7.905  0   0  3 5.961e+02 5.961e-01  0 3.491e+03 3.491e+00  1  0   0  0   0   1         0
7917.025  7.917  0   0  7 2.046e+01 2.046e-02  0 2.680e+03 2.680e+00  1  0   0  0   0   1         0
7933.062  7.933  0   0  7 4.345e+04 4.345e+01  0 9.434e+02 9.434e-01  1  0   0  0   0   1         0
7949.005  7.949  0   0  5 9.742e+02 9.742e-01  0 8.654e+03 8.654e+00  1  0   0  0   0   1         0
7942.468  7.942  0   0  1 5.963e+02 5.963e-01  0 2.760e+03 2.760e+00  1  0   0  0   0   1         0
7942.379  7.942  0   0  1 3.600e+02 3.600e-01  0 2.412e+02 2.412e-01  1  0   0  0   0   1         0
7925.965  7.926  0   0  2 4.813e+03 4.813e+00  2 2.435e+04 2.435e+01  1  0   0  0   0   1         0
7928.319  7.928  0   0  6 6.897e+02 6.897e-01  6 6.594e+03 6.594e+00  1  0   0  0   0   1         0
7942.980  7.943  0   0  2 8.880e+03 8.880e+00  2 7.693e+03 7.693e+00  1  0   0  0   0   1         0
7943.529  7.944  0   0  2 1.483e+01 1.483e-02  2 1.006e+03 1.006e+00  1  0   0  0   0   1         0
7940.181  7.940  0   0  0 1.027e+03 1.027e+00  0 1.883e+03 1.883e+00  1  0   0  0   0   1         0
7940.991  7.941  0   0  4 2.161e+02 2.161e-01  4 1.978e+02 1.978e-01  1  0   0  0   0   1         0
7944.026  7.944  0   0  3 7.943e+03 7.943e+00  0 1.020e+04 1.020e+01  1  0   0  0   0   1         0
7905.732  7.906  0   0  5 9.406e+02 9.406e-01  0 1.486e+04 1.486e+01  1  0   0  0   0   1         0
7914.720  7.915  0   0  3 4.894e+03 4.894e+00  0 4.192e+03 4.192e+00  1  0   0  0   0   1         0
7948.815  7.949  0   0  4 4.566e-03 4.566e-06  4 6.979e+02 6.979e-01  1  0   0  0   0   1         0
7927.344  7.927  0   0  4 2.400e+03 2.400e+00  4 2.038e+03 2.038e+00  1  0   0  0   0   1         0
7908.885  7.909  0   0  4 1.658e+02 1.658e-01  4 9.652e+03 9.652e+00  1  0   0  0   0   1         0
7925.259  7.925  0   0  1 1.798e+04 1.798e+01  0 8.439e+03 8.439e+00  1  0   0  0   0   1         0
7932.386  7.932  0   0  1 3.631e+03 3.631e+00  0 1.674e+02 1.674e-01  1  0   0  0   0   1         0
7941.471  7.941  0   0  6 3.103e+04 3.103e+01  6 1.779e+03 1.779e+00  1  0   0  0   0   1         0
7940.673  7.941  0   0  1 6.985e+03 6.985e+00  0 2.770e+04 2.770e+01  1  0   0  0   0   1         0
7902.482  7.902  0   0  1 4.804e+01 4.804e-02  0 7.120e+02 7.120e-01  1  0   0  0   0   1         0
7922.781  7.923  0   0  1 8.936e+02 8.936e-01  0 5.962e+02 5.962e-01  1  0   0  0   0   1         0
7901.037  7.901  0   0  2 1.013e+02 1.013e-01  2 1.478e+04 1.478e+01  1  0   0  0   0   1         0
7944.450  7.944  0   0  4 3.889e+03 3.889e+00  4 6.952e+02 6.952e-01  1  0   0  0   0   1         0
7908.756  7.909  0   0  5 3.932e+04 3.932e+01  0 3.146e+02 3.146e-01  1  0   0  0   0   1         0
7931.343  7.931  0   0  1 2.608e+02 2.608e-01  0 4.979e+02 4.979e-01  1  0   0  0   0   1         0
7928.635  7.929  0   0  2 6.066e+03 6.066e+00  2 1.311e+04 1.311e+01  1  0   0  0   0   1         0
7931.375  7.931  0   0  6 3.392e+02 3.392e-01  6 7.907e+02 7.907e-01  1  0   0  0   0   1         0
7928.275  7.928  0   0  8 1.442e+02 1.442e-01  8 1.984e+04 1.984e+01  1  0   0  0   0   1         0
7935.865  7.936  0   0  1 4.834e+03 4.834e+00  0 2.289e+04 2.289e+01  1  0   0  0   0   1         0
7931.404  7.931  0   0  1 3.544e+03 3.544e+00  0 2.728e+03 2.728e+00  1  0   0  0   0   1         0
7904.550  7.905  0   0  2 2.839e+03 2.839e+00  2 7.524e+01 7.524e-02  1  0   0  0   0   1         0
7918.437  7.918  0   0  0 6.099e+03 6.099e+00  0 4.341e+04 4.341e+01  1  0   0  0   0   1         0
7927.434  7.927  0   0  1 9.749e+01 9.749e-02  0 1.449e+03 1.449e+00  1  0   0  0   0   1         0
7916.353  7.916  0   0  4 1.465e-01 1.465e-04  4 8.317e+03 8.317e+00  1  0   0  0   0   1         0
7938.093  7.938  0   0  6 3.207e+03 3.207e+00  6 8.954e+04 8.954e+01  1  0   0  0   0   1         0
7915.987  7.916  0   0  1 2.560e+03 2.560e+00  0 3.696e+03 3.696e+00  1  0   0  0   0   1         0
7941.494  7.941  0   0  2 7.497e+02 7.497e-01  2 7.050e+03 7.050e+00  1  0   0  0   0   1         0
7907.390  7.907  0   0  4 8.841e+01 8.841e-02  4 5.760e-01 5.760e-04  1  0   0  0   0   1         0
7938.544  7.939  0   0  4 8.049e+02 8.049e-01  4 4.680e+03 4.680e+00  1  0   0  0   0   1         0
7909.237  7.909  0   0  6 5.058e+03 5.058e+00  6 1.967e+04 1.967e+01  1  0   0  0   0   1         0
7926.506  7.927  0   0  2 8.494e+02 8.494e-01  2 5.963e+01 5.963e-02  1  0   0  0   0   1         0
7916.119  7.916  0   0  2 6.501e+03 6.501e+00  2 2.564e+03 2.564e+00  1  0   0  0   0   1         0
7931.964  7.932  0   0  1 7.259e+02 7.259e-01  0 2.226e+04 2.226e+01  1  0   0  0   0   1         0
7910.708  7.911  0   0  3 4.769e+02 4.769e-01  0 4.532e+03 4.532e+00  1  0   0  0   0   1         0
7992.748  7.993  0   0  2 6.765e+02 6.765e-01  2 2.433e+03 2.433e+00  1  0   0  0   0   1         0
7977.827  7.978  0   0  2 1.062e+03 1.062e+00  2 3.167e+04 3.167e+01  1  0   0  0   0   1         0
7960.826  7.961  0   0  1 2.545e+04 2.545e+01  0 2.460e+03 2.460e+00  1  0   0  0   0   1         0
7996.351  7.996  0   0  2 4.865e+03 4.865e+00  2 1.670e+04 1.670e+01  1  0   0  0   0   1         0
7991.205  7.991  0   0  5 3.220e+01 3.220e-02  0 3.842e+01 3.842e-02  1  0   0  0   0   1         0
7963.346  7.963  0   0  1 4.754e+02 4.754e-01  0 9.671e+03 9.671e+00  1  0   0  0   0   1         0
7998.068  7.998  0   0  3 8.664e+02 8.664e-01  0 9.421e+02 9.421e-01  1  0   0  0   0   1         0
7963.469  7.963  0   0  1 9.674e+01 9.674e-02  0 2.874e+02 2.874e-01  1  0   0  0   0   1         0
7964.719  7.965  0   0  2 1.582e+04 1.582e+01  2 7.253e+01 7.253e-02  1  0   0  0   0   1         0
7969.397  7.969  0   0  2 8.499e+02 8.499e-01  2 1.270e+04 1.270e+01  1  0   0  0   0   1         0
7958.298  7.958  0   0  2 2.335e+02 2.335e-01  2 1.848e+04 1.848e+01  1  0   0  0   0   1         0
7984.440  7.984  0   0  4 1.142e+02 1.142e-01  4 1.507e+02 1.507e-01  1  0   0  0   0   1         0
7977.970  7.978  0   0  9 1.342e+03 1.342e+00  0 1.482e+03 1.482e+00  1  0   0  0   0   1         0
7994.762  7.995  0   0  3 5.047e+02 5.047e-01  0 1.591e+02 1.591e-01  1  0   0  0   0   1         0
7962.120  7.962  0   0  2 1.546e+02 1.546e-01  2 1.042e+04 1.042e+01  1  0   0  0   0   1         0
7958.571  7.959  0   0  5 2.480e+03 2.480e+00  0 5.856e+04 5.856e+01  1  0   0  0   0   1         0
7968.027  7.968  0   0  0 2.488e+04 2.488e+01  0 2.336e+02 2.336e-01  1  0   0  0   0   1         0
7957.358  7.957  0   0  0 3.415e+03 3.415e+00  0 2.784e+03 2.784e+00  1  0   0  0   0   1         0
7997.328  7.997  0   0  1 2.815e+03 2.815e+00  0 9.516e+02 9.516e-01  1  0   0  0   0   1         0
7985.956  7.986  0   0  2 6.780e+03 6.780e+00  2 1.166e+04 1.166e+01  1  0   0  0   0   1         0
7989.877  7.990  0   0  3 4.417e+03 4.417e+00  0 6.946e+03 6.946e+00  1  0   0  0   0   1         0
7987.480  7.987  0   0  1 2.976e+01 2.976e-02  0 7.575e+01 7.575e-02  1  0   0  0   0   1         0
7962.218  7.962  0   0  3 1.896e+04 1.896e+01  0 2.110e+04 2.110e+01  1  0   0  0   0   1         0
7957.083  7.957  0   0  3 6.016e+02 6.016e-01  0 1.558e+03 1.558e+00  1  0   0  0   0   1         0
7971.574  7.972  0   0  3 9.095e+02 9.095e-01  0 4.532e+01 4.532e-02  1  0   0  0   0   1         0
7991.510  7.992  0   0  2 5.596e+01 5.596e-02  2 1.143e+04 1.143e+01  1  0   0  0   0   1         0
7966.618  7.967  0   0  5 3.962e+03 3.962e+00  0 1.862e+04 1.862e+01  1  0   0  0   0   1         0
7950.482  7.950  0   0  0 2.837e+03 2.837e+00  0 9.179e+03 9.179e+00  1  0   0  0   0   1         0
7983.096  7.983  0   0  0 1.166e+03 1.166e+00  0 1.014e+04 1.014e+01  1  0   0  0   0   1         0
7960.070  7.960  0   0  1 3.000e+03 3.000e+00  0 1.174e+03 1.174e+00  1  0   0  0   0   1         0
7977.245  7.977  0   0  1 3.092e+03 3.092e+00  0 3.380e+03 3.380e+00  1  0   0  0   0   1         0
7950.750  7.951  0   0  0 3.735e+03 3.735e+00  0 8.944e+02 8.944e-01  1  0   0  0   0   1         0
7975.546  7.976  0   0  6 1.582e+03 1.582e+00  6 1.412e+04 1.412e+01  1  0   0  0   0   1         0
7969.780  7.970  0   0  3 1.937e+03 1.937e+00  0 1.348e+04 1.348e+01  1  0   0  0   0   1         0
7994.064  7.994  0   0  3 1.424e+04 1.424e+01  0 4.180e+04 4.180e+01  1  0   0  0   0   1         0
7986.174  7.986  0   0  1 1.771e+03 1.771e+00  0 2.635e+01 2.635e-02  1  0   0  0   0   1         0
7951.816  7.952  0   0  2 1.471e-01 1.471e-04  2 4.251e+02 4.251e-01  1  0   0  0   0   1         0
7989.545  7.990  0   0  5 3.640e+03 3.640e+00  0 8.277e+03 8.277e+00  1  0   0  0   0   1         0
7989.630  7.990  0   0  5 9.703e+02 9.703e-01  0 7.935e+03 7.935e+00  1  0   0  0   0   1         0
7983.263  7.983  0   0  4 4.995e+03 4.995e+00  4 7.160e+04 7.160e+01  1  0   0  0   0   1         0
7996.492  7.996  0   0  6 4.250e+03 4.250e+00  6 1.879e+04 1.879e+01  1  0   0  0   0   1         0
7990.228  7.990  0   0  8 5.663e+02 5.663e-01  8 2.116e+04 2.116e+01  1  0   0  0   0   1         0
7961.016  7.961  0   0  3 2.605e+02 2.605e-01  0 4.899e+00 4.899e-03  1  0   0  0   0   1         0
7969.176  7.969  0   0  4 4.391e+03 4.391e+00  4 1.647e+01 1.647e-02  1  0   0  0   0   1         0
7967.591  7.968  0   0  1 7.534e+02 7.534e-01  0 1.871e+03 1.871e+00  1  0   0  0   0   1         0
7975.349  7.975  0   0  8 7.056e+01 7.056e-02  8 3.946e+03 3.946e+00  1  0   0  0   0   1         0
7997.704  7.998  0   0  6 7.034e+03 7.034e+00  6 8.322e+03 8.322e+00  1  0   0  0   0   1         0
7980.878  7.981  0   0  6 2.215e+04 2.215e+01  6 2.190e+04 2.190e+01  1  0   0  0   0   1         0
8005.079  8.005  0   0  2 6.728e+02 6.728e-01  2 8.281e+01 8.281e-02  1  0   0  0   0   1         0
8030.281  8.030  0   0  1 8.518e+02 8.518e-01  0 2.569e+04 2.569e+01  1  0   0  0   0   1         0
8048.817  8.049  0   0  4 4.891e+03 4.891e+00  4 4.307e+03 4.307e+00  1  0   0  0   0   1         0
8015.533  8.016  0   0  0 3.387e+03 3.387e+00  0 9.521e+02 9.521e-01  1  0   0  0   0   1         0
8000.058  8.000  0   0  0 2.204e+03 2.204e+00  0 1.240e+04 1.240e+01  1  0   0  0   0   1         0
8048.853  8.049  0   0  6 3.420e+02 3.420e-01  6 3.915e+04 3.915e+01  1  0   0  0   0   1         0
8020.845  8.021  0   0  3 1.758e+03 1.758e+00  0 1.382e+04 1.382e+01  1  0   0  0   0   1         0
8021.694  8.022  0   0  5 4.573e+00 4.573e-03  0 8.081e+02 8.081e-01  1  0   0  0   0   1         0
8035.753  8.036  0   0  3 1.010e+03 1.010e+00  0 1.780e+02 1.780e-01  1  0   0  0   0   1         0
8030.362  8.030  0   0  2 6.178e+03 6.178e+00  2 2.089e+03 2.089e+00  1  0   0  0   0   1         0
8015.226  8.015  0   0  3 1.292e+03 1.292e+00  0 3.870e+03 3.870e+00  1  0   0  0   0   1         0
8005.053  8.005  0   0  4 1.167e+02 1.167e-01  4 2.339e+03 2.339e+00  1  0   0  0   0   1         0
8041.453  8.041  0   0  3 7.268e+00 7.268e-03  0 3.510e+02 3.510e-01  1  0   0  0   0   1         0
8024.318  8.024  0   0  7 5.340e+03 5.340e+00  0 7.746e+03 7.746e+00  1  0   0  0   0   1         0
8033.755  8.034  0   0  0 2.079e+04 2.079e+01  0 2.508e+03 2.508e+00  1  0   0  0   0   1         0
8043.097  8.043  0   0  5 1.707e+03 1.707e+00  0 3.529e+04 3.529e+01  1  0   0  0   0   1         0
8000.896  8.001  0   0  0 5.505e+03 5.505e+00  0 3.057e+04 3.057e+01  1  0   0  0   0   1         0
8043.041  8.043  0   0  8 4.464e+03 4.464e+00  8 3.205e+03 3.205e+00  1  0   0  0   0   1         0
8037.701  8.038  0   0  1 4.682e+03 4.682e+00  0 9.617e+03 9.617e+00  1  0   0  0   0   1         0
8047.371  8.047  0   0  9 4.249e+03 4.249e+00  0 2.101e+01 2.101e-02  1  0   0  0   0   1         0
8011.788  8.012  0   0  1 9.992e+03 9.992e+00  0 8.149e+03 8.149e+00  1  0   0  0   0   1         0
8016.253  8.016  0   0  0 1.151e+03 1.151e+00  0 2.395e+03 2.395e+00  1  0   0  0   0   1         0
8033.208  8.033  0   0  4 1.024e+04 1.024e+01  4 6.808e+02 6.808e-01  1  0   0  0   0   1         0
8046.330  8.046  0   0  3 1.808e+02 1.808e-01  0 2.356e+04 2.356e+01  1  0   0  0   0   1         0
8049.638  8.050  0   0  5 4.017e-03 4.017e-06  0 5.704e+02 5.704e-01  1  0   0  0   0   1         0
8020.983  8.021  0   0  2 2.401e+04 2.401e+01  2 1.471e+03 1.471e+00  1  0   0  0   0   1         0
8027.110  8.027  0   0  7 3.344e+01 3.344e-02  0 9.661e+02 9.661e-01  1  0   0  0   0   1         0
8008.613  8.009  0   0  6 3.269e-02 3.269e-05  6 1.563e+02 1.563e-01  1  0   0  0   0   1         0
8034.825  8.035  0   0  3 1.256e+04 1.256e+01  0 1.098e+04 1.098e+01  1  0   0  0   0   1         0
8041.949  8.042  0   0  1 4.141e+03 4.141e+00  0 1.248e+02 1.248e-01  1  0   0  0   0   1         0
8040.028  8.040  0   0  2 4.379e-02 4.379e-05  2 6.996e+03 6.996e+00  1  0   0  0   0   1         0
8017.428  8.017  0   0  1 1.564e+03 1.564e+00  0 1.293e+03 1.293e+00  1  0   0  0   0   1         0
8048.184  8.048  0   0  1 7.594e+02 7.594e-01  0 1.576e+04 1.576e+01  1  0   0  0   0   1         0
8006.081  8.006  0   0  1 3.140e+03 3.140e+00  0 3.718e+03 3.718e+00  1  0   0  0   0   1         0
8024.848  8.025  0   0  4 4.417e+03 4.417e+00  4 3.187e+02 3.187e-01  1  0   0  0   0   1         0
8027.878  8.028  0   0  3 3.925e+03 3.925e+00  0 2.492e+03 2.492e+00  1  0   0  0   0   1         0
8026.975  8.027  0   0  3 5.289e+02 5.289e-01  0 8.203e+03 8.203e+00  1  0   0  0   0   1         0
8038.004  8.038  0   0  4 5.471e+03 5.471e+00  4 5.940e+03 5.940e+00  1  0   0  0   0   1         0
8030.623  8.031  0   0  2 1.382e+04 1.382e+01  2 8.893e+02 8.893e-01  1  0   0  0   0   1         0
8003.900  8.004  0   0  0 6.568e+02 6.568e-01  0 1.302e+04 1.302e+01  1  0   0  0   0   1         0
8009.082  8.009  0   0  0 2.023e+03 2.023e+00  0 7.620e+03 7.620e+00  1  0   0  0   0   1         0
8026.761  8.027  0   0  3 6.809e+03 6.809e+00  0 9.890e+03 9.890e+00  1  0   0  0   0   1         0
8034.854  8.035  0   0  1 6.681e+01 6.681e-02  0 6.331e+04 6.331e+01  1  0   0  0   0   1         0
8025.858  8.026  0   0  1 2.685e+03 2.685e+00  0 2.552e+03 2.552e+00  1  0   0  0   0   1         0
8017.913  8.018  0   0  4 4.944e+02 4.944e-01  4 1.123e+04 1.123e+01  1  0   0  0   0   1         0
8002.586  8.003  0   0  9 3.131e+02 3.131e-01  0 5.466e+04 5.466e+01  1  0   0  0   0   1         0
8039.394  8.039  0   0  7 2.361e+03 2.361e+00  0 2.231e+04 2.231e+01  1  0   0  0   0   1         0
8025.009  8.025  0   0  2 6.492e+02 6.492e-01  2 1.117e+03 1.117e+00  1  0   0  0   0   1         0
8027.088  8.027  0   0  3 5.537e+01 5.537e-02  0 1.506e+03 1.506e+00  1  0   0  0   0   1         0
8081.836  8.082  0   0  3 5.977e+02 5.977e-01  0 3.179e+03 3.179e+00  1  0   0  0   0   1         0
8073.377  8.073  0   0  2 3.616e+04 3.616e+01  2 2.752e+03 2.752e+00  1  0   0  0   0   1         0
8066.710  8.067  0   0  1 2.206e+02 2.206e-01  0 2.818e+04 2.818e+01  1  0   0  0   0   1         0
8095.086  8.095  0   0  5 2.700e+03 2.700e+00  0 1.907e+04 1.907e+01  1  0   0  0   0   1         0
8088.730  8.089  0   0  7 8.176e+00 8.176e-03  0 8.232e+03 8.232e+00  1  0   0  0   0   1         0
8086.023  8.086  0   0  6 8.629e+02 8.629e-01  6 2.720e+04 2.720e+01  1  0   0  0   0   1         0
8072.445  8.072  0   0  1 1.600e+03 1.600e+00  0 2.845e+04 2.845e+01  1  0   0  0   0   1         0
8099.069  8.099  0   0  1 2.424e+04 2.424e+01  0 2.748e+03 2.748e+00  1  0   0  0   0   1         0
8085.623  8.086  0   0  9 5.940e+03 5.940e+00  0 1.710e+02 1.710e-01  1  0   0  0   0   1         0
8071.324  8.071  0   0  1 1.179e+02 1.179e-01  0 2.801e+02 2.801e-01  1  0   0  0   0   1         0
8098.049  8.098  0   0  3 1.981e+03 1.981e+00  0 1.325e+03 1.325e+00  1  0   0  0   0   1         0
8094.840  8.095  0   0  6 5.771e+02 5.771e-01  6 4.077e+02 4.077e-01  1  0   0  0   0   1         0
8087.110  8.087  0   0  0 3.665e+03 3.665e+00  0 1.376e+03 1.376e+00  1  0   0  0   0   1         0
8088.454  8.088  0   0  5 5.734e+01 5.734e-02  0 9.500e+01 9.500e-02  1  0   0  0   0   1         0
8071.325  8.071  0   0  4 5.141e+03 5.141e+00  4 1.670e+03 1.670e+00  1  0   0  0   0   1         0
8075.514  8.076  0   0  6 6.519e+03 6.519e+00  6 4.559e+01 4.559e-02  1  0   0  0   0   1         0
8059.669  8.060  0   0  1 3.513e+03 3.513e+00  0 5.498e+04 5.498e+01  1  0   0  0   0   1         0
8079.910  8.080  0   0  1 2.797e+01 2.797e-02  0 1.710e+04 1.710e+01  1  0   0  0   0   1         0
8068.633  8.069  0   0  3 3.066e+03 3.066e+00  0 7.058e+02 7.058e-01  1  0   0  0   0   1         0
8067.505  8.068  0   0  1 3.009e+03 3.009e+00  0 1.335e+04 1.335e+01  1  0   0  0   0   1         0
8097.440  8.097  0   0  3 6.442e+03 6.442e+00  0 1.209e+04 1.209e+01  1  0   0  0   0   1         0
8058.320  8.058  0   0  4 1.829e+03 1.829e+00  4 6.836e+03 6.836e+00  1  0   0  0   0   1         0
8091.581  8.092  0   0  3 2.533e+03 2.533e+00  0 3.859e+03 3.859e+00  1  0   0  0   0   1         0
8064.192  8.064  0   0  8 1.560e+04 1.560e+01  8 3.793e+04 3.793e+01  1  0   0  0   0   1         0
8051.449  8.051  0   0  5 3.211e+02 3.211e-01  0 2.347e+04 2.347e+01  1  0   0  0   0   1         0
8052.046  8.052  0   0  0 1.414e+04 1.414e+01  0 4.398e+00 4.398e-03  1  0   0  0   0   1         0
8071.602  8.072  0   0  2 1.446e+03 1.446e+00  2 6.160e+02 6.160e-01  1  0   0  0   0   1         0
8072.868  8.073  0   0  2 4.777e+01 4.777e-02  2 4.085e+02 4.085e-01  1  0   0  0   0   1         0
8066.140  8.066  0   0  0 9.929e+03 9.929e+00  0 1.316e+02 1.316e-01  1  0   0  0   0   1         0
8083.568  8.084  0   0  7 1.806e+01 1.806e-02  0 1.604e+03 1.604e+00  1  0   0  0   0   1         0
8074.413  8.074  0   0  1 9.629e+03 9.629e+00  0 9.773e+03 9.773e+00  1  0   0  0   0   1         0
8053.746  8.054  0   0  1 2.116e+02 2.116e-01  0 1.091e+04 1.091e+01  1  0   0  0   0   1         0
8067.537  8.068  0   0  8 9.141e+03 9.141e+00  8 4.553e+03 4.553e+00  1  0   0  0   0   1         0
8055.152  8.055  0   0  4 2.049e+03 2.049e+00  4 3.834e+01 3.834e-02  1  0   0  0   0   1         0
8053.181  8.053  0   0  2 7.764e+02 7.764e-01  2 9.408e+03 9.408e+00  1  0   0  0   0   1         0
8060.512  8.061  0   0  2 2.421e+02 2.421e-01  2 1.030e+03 1.030e+00  1  0   0  0   0   1         0
8085.151  8.085  0   0  1 5.529e+03 5.529e+00  0 3.514e+03 3.514e+00  1  0   0  0   0   1         0
8084.923  8.085  0   0  4 2.587e+03 2.587e+00  4 6.373e+04 6.373e+01  1  0   0  0   0   1         0
8093.139  8.093  0   0  4 7.188e+03 7.188e+00  4 7.457e+03 7.457e+00  1  0   0  0   0   1         0
8087.928  8.088  0   0  2 8.969e+03 8.969e+00  2 8.273e+02 8.273e-01  1  0   0  0   0   1         0
8107.128  8.107  0   0  2 3.883e+02 3.883e-01  2 9.501e+03 9.501e+00  1  0   0  0   0   1         0
8124.987  8.125  0   0  5 1.691e+04 1.691e+01  0 1.568e+03 1.568e+00  1  0   0  0   0   1         0
8129.312  8.129  0   0  3 2.872e+03 2.872e+00  0 3.398e+04 3.398e+01  1  0   0  0   0   1         0
8131.916  8.132  0   0  5 3.014e+03 3.014e+00  0 1.841e+03 1.841e+00  1  0   0  0   0   1         0
8107.335  8.107  0   0  2 7.305e+03 7.305e+00  2 4.860e+02 4.860e-01  1  0   0  0   0   1         0
8104.830  8.105  0   0  4 2.582e+04 2.582e+01  4 9.628e+03 9.628e+00  1  0   0  0   0   1         0
8113.046  8.113  0   0  4 1.817e+03 1.817e+00  4 1.099e+05 1.099e+02  1  0   0  0   0   1         0
8130.488  8.130  0   0  3 2.215e+03 2.215e+00  0 3.301e+02 3.301e-01  1  0   0  0   0   1         0
8146.620  8.147  0   0  1 1.518e+02 1.518e-01  0 1.514e+04 1.514e+01  1  0   0  0   0   1         0
8139.054  8.139  0   0  5 1.684e+04 1.684e+01  0 1.219e+04 1.219e+01  1  0   0  0   0   1         0
8137.393  8.137  0   0  6 2.242e+03 2.242e+00  6 1.782e+03 1.782e+00  1  0   0  0   0   1         0
8116.639  8.117  0   0  1 1.019e+04 1.019e+01  0 9.191e+03 9.191e+00  1  0   0  0   0   1         0
8105.642  8.106  0   0  0 1.515e+02 1.515e-01  0 1.594e+04 1.594e+01  1  0   0  0   0   1         0
8144.652  8.145  0   0  1 5.854e+03 5.854e+00  0 3.330e+04 3.330e+01  1  0   0  0   0   1         0
8125.186  8.125  0   0  2 6.191e+02 6.191e-01  2 2.028e+03 2.028e+00  1  0   0  0   0   1         0
8105.078  8.105  0   0  4 7.271e+02 7.271e-01  4 1.722e+04 1.722e+01  1  0   0  0   0   1         0
8126.891  8.127  0   0  7 2.512e+03 2.512e+00  0 2.185e+04 2.185e+01  1  0   0  0   0   1         0
8133.895  8.134  0   0  4 1.271e+03 1.271e+00  4 2.144e+04 2.144e+01  1  0   0  0   0   1         0
8116.120  8.116  0   0  1 3.488e+04 3.488e+01  0 8.333e+03 8.333e+00  1  0   0  0   0   1         0
8100.468  8.100  0   0  3 1.347e+03 1.347e+00  0 4.328e+01 4.328e-02  1  0   0  0   0   1         0
8131.214  8.131  0   0  4 1.146e+02 1.146e-01  4 1.288e+04 1.288e+01  1  0   0  0   0   1         0
8102.027  8.102  0   0  5 2.830e+02 2.830e-01  0 1.336e+04 1.336e+01  1  0   0  0   0   1         0
8121.780  8.122  0   0  5 7.630e+02 7.630e-01  0 6.243e+03 6.243e+00  1  0   0  0   0   1         0
8141.321  8.141  0   0  1 2.641e+02 2.641e-01  0 1.585e+04 1.585e+01  1  0   0  0   0   1         0
8149.943  8.150  0   0  3 3.359e+03 3.359e+00  0 4.816e+03 4.816e+00  1  0   0  0   0   1         0
8118.649  8.119  0   0  5 2.509e+02 2.509e-01  0 7.761e+01 7.761e-02  1  0   0  0   0   1         0
8101.018  8.101  0   0  3 3.731e+02 3.731e-01  0 1.152e+02 1.152e-01  1  0   0  0   0   1         0
8124.788  8.125  0   0  3 2.310e+02 2.310e-01  0 3.468e+04 3.468e+01  1  0   0  0   0   1         0
8113.929  8.114  0   0  1 1.603e+03 1.603e+00  0 3.283e+03 3.283e+00  1  0   0  0   0   1         0
8144.693  8.145  0   0  8 2.386e+03 2.386e+00  8 3.332e+04 3.332e+01  1  0   0  0   0   1         0
8135.692  8.136  0   0  3 8.990e+02 8.990e-01  0 9.875e+02 9.875e-01  1  0   0  0   0   1         0
8120.354  8.120  0   0  1 3.916e+03 3.916e+00  0 7.392e+04 7.392e+01  1  0   0  0   0   1         0
8138.204  8.138  0   0  0 4.275e+02 4.275e-01  0 1.506e+04 1.506e+01  1  0   0  0   0   1         0
8117.189  8.117  0   0  0 2.475e+03 2.475e+00  0 1.067e+04 1.067e+01  1  0   0  0   0   1         0
8126.231  8.126  0   0  3 4.179e+03 4.179e+00  0 1.193e+04 1.193e+01  1  0   0  0   0   1         0
8146.180  8.146  0   0  6 6.618e+01 6.618e-02  6 3.283e+01 3.283e-02  1  0   0  0   0   1         0
8110.100  8.110  0   0  5 1.709e+00 1.709e-03  0 1.311e+04 1.311e+01  1  0   0  0   0   1         0
8115.776  8.116  0   0  6 5.648e+03 5.648e+00  6 1.033e+03 1.033e+00  1  0   0  0   0   1         0
8144.337  8.144  0   0  2 1.037e+03 1.037e+00  2 2.424e+04 2.424e+01  1  0   0  0   0   1         0
8123.236  8.123  0   0  2 5.398e+02 5.398e-01  2 2.600e+02 2.600e-01  1  0   0  0   0   1         0
8116.019  8.116  0   0  0 2.979e+04 2.979e+01  0 1.368e+01 1.368e-02  1  0   0  0   0   1         0
8101.885  8.102  0   0  2 1.124e+03 1.124e+00  2 9.876e+03 9.876e+00  1  0   0  0   0   1         0
8121.087  8.121  0   0  5 4.055e+03 4.055e+00  0 8.428e+03 8.428e+00  1  0   0  0   0   1         0
8125.173  8.125  0   0  4 2.045e+03 2.045e+00  4 1.165e+04 1.165e+01  1  0   0  0   0   1         0
8120.455  8.120  0   0  3 1.184e+02 1.184e-01  0 4.695e+00 4.695e-03  1  0   0  0   0   1         0
8113.988  8.114  0   0  0 1.675e+02 1.675e-01  0 3.290e+03 3.290e+00  1  0   0  0   0   1         0
8118.590  8.119  0   0  5 2.059e+02 2.059e-01  0 3.814e+03 3.814e+00  1  0   0  0   0   1         0
8132.253  8.132  0   0  3 4.784e+03 4.784e+00  0 2.619e+03 2.619e+00  1  0   0  0   0   1         0
8144.619  8.145  0   0  1 1.065e+04 1.065e+01  0 1.784e+03 1.784e+00  1  0   0  0   0   1         0
8132.614  8.133  0   0  5 8.172e+03 8.172e+00  0 8.891e+02 8.891e-01  1  0   0  0   0   1         0
8132.439  8.132  0   0  2 7.328e+01 7.328e-02  2 1.229e+03 1.229e+00  1  0   0  0   0   1         0
8140.929  8.141  0   0  4 1.266e+02 1.266e-01  4 9.382e+03 9.382e+00  1  0   0  0   0   1         0
8108.337  8.108  0   0  3 2.767e+04 2.767e+01  0 2.575e+02 2.575e-01  1  0   0  0   0   1         0
8115.176  8.115  0   0  3 1.916e+04 1.916e+01  0 3.068e+03 3.068e+00  1  0   0  0   0   1         0
8102.557  8.103  0   0  2 7.028e+02 7.028e-01  2 2.601e+03 2.601e+00  1  0   0  0   0   1         0
8117.612  8.118  0   0  2 8.582e+03 8.582e+00  2 1.501e+03 1.501e+00  1  0   0  0   0   1         0
8149.942  8.150  0   0  4 2.401e+02 2.401e-01  4 2.796e+04 2.796e+01  1  0   0  0   0   1         0
8116.593  8.117  0   0  1 3.648e+02 3.648e-01  0 4.780e+04 4.780e+01  1  0   0  0   0   1         0
8143.057  8.143  0   0  0 9.714e+01 9.714e-02  0 2.823e+03 2.823e+00  1  0   0  0   0   1         0
8104.334  8.104  0   0  2 2.071e+03 2.071e+00  2 6.054e+03 6.054e+00  1  0   0  0   0   1         0
8123.128  8.123  0   0  3 1.170e+02 1.170e-01  0 5.795e+03 5.795e+00  1  0   0  0   0   1         0
8181.582  8.182  0   0  8 1.979e+02 1.979e-01  8 3.386e+04 3.386e+01  1  0   0  0   0   1         0
8168.769  8.169  0   0  2 2.554e+03 2.554e+00  2 8.052e+03 8.052e+00  1  0   0  0   0   1         0
8161.133  8.161  0   0  1 2.567e+03 2.567e+00  0 1.428e+04 1.428e+01  1  0   0  0   0   1         0
8182.945  8.183  0   0  3 3.435e+03 3.435e+00  0 6.862e+03 6.862e+00  1  0   0  0   0   1         0
8169.829  8.170  0   0  2 1.767e+03 1.767e+00  2 4.197e+03 4.197e+00  1  0   0  0   0   1         0
8157.955  8.158  0   0  1 6.095e+03 6.095e+00  0 3.744e+04 3.744e+01  1  0   0  0   0   1         0
8190.526  8.191  0   0  0 4.567e+03 4.567e+00  0 4.507e+04 4.507e+01  1  0   0  0   0   1         0
8171.725  8.172  0   0  5 3.137e+03 3.137e+00  0 9.442e+03 9.442e+00  1  0   0  0   0   1         0
8195.797  8.196  0   0  1 1.680e+04 1.680e+01  0 1.889e+03 1.889e+00  1  0   0  0   0   1         0
8159.758  8.160  0   0  0 2.946e+03 2.946e+00  0 3.875e+00 3.875e-03  1  0   0  0   0   1         0
8193.878  8.194  0   0  4 7.214e+02 7.214e-01  4 3.519e+02 3.519e-01  1  0   0  0   0   1         0
8190.879  8.191  0   0  5 2.252e+03 2.252e+00  0 3.320e+03 3.320e+00  1  0   0  0   0   1         0
8155.248  8.155  0   0  6 8.882e+02 8.882e-01  6 1.847e+03 1.847e+00  1  0   0  0   0   1         0
8176.723  8.177  0   0  5 2.581e+02 2.581e-01  0 2.226e+02 2.226e-01  1  0   0  0   0   1         0
8182.810  8.183  0   0  2 7.761e+03 7.761e+00  2 5.829e+01 5.829e-02  1  0   0  0   0   1         0
8174.914  8.175  0   0  5 1.479e+03 1.479e+00  0 1.573e+04 1.573e+01  1  0   0  0   0   1         0
8169.646  8.170  0   0  5 8.971e+03 8.971e+00  0 1.644e+02 1.644e-01  1  0   0  0   0   1         0
8197.221  8.197  0   0  5 2.158e+03 2.158e+00  0 9.203e+03 9.203e+00  1  0   0  0   0   1         0
8185.158  8.185  0   0  4 2.062e+03 2.062e+00  4 1.114e+04 1.114e+01  1  0   0  0   0   1         0
8198.312  8.198  0   0  4 3.405e+01 3.405e-02  4 2.995e+01 2.995e-02  1  0   0  0   0   1         0
8192.384  8.192  0   0  1 2.726e+03 2.726e+00  0 1.104e+04 1.104e+01  1  0   0  0   0   1         0
8190.939  8.191  0   0  0 8.177e+03 8.177e+00  0 2.228e+03 2.228e+00  1  0   0  0   0   1         0
8186.392  8.186  0   0  1 5.409e+01 5.409e-02  0 1.824e+04 1.824e+01  1  0   0  0   0   1         0
8182.431  8.182  0   0  1 1.094e+00 1.094e-03  0 2.662e+04 2.662e+01  1  0   0  0   0   1         0
8194.399  8.194  0   0  1 1.841e+03 1.841e+00  0 4.190e+03 4.190e+00  1  0   0  0   0   1         0
8180.803  8.181  0   0  2 1.329e+03 1.329e+00  2 1.608e+04 1.608e+01  1  0   0  0   0   1         0
8153.804  8.154  0   0  2 1.793e-02 1.793e-05  2 5.568e+02 5.568e-01  1  0   0  0   0   1         0
8179.264  8.179  0   0  5 6.443e+03 6.443e+00  0 1.484e+03 1.484e+00  1  0   0  0   0   1         0
8155.194  8.155  0   0  1 1.574e+04 1.574e+01  0 2.376e+03 2.376e+00  1  0   0  0   0   1         0
8197.492  8.197  0   0  3 3.512e+03 3.512e+00  0 6.846e+03 6.846e+00  1  0   0  0   0   1         0
8182.461  8.182  0   0  0 1.226e+04 1.226e+01  0 1.021e+03 1.021e+00  1  0   0  0   0   1         0
8177.920  8.178  0   0  6 1.131e+04 1.131e+01  6 2.999e+03 2.999e+00  1  0   0  0   0   1         0
8159.980  8.160  0   0  1 1.349e+04 1.349e+01  0 9.348e+04 9.348e+01  1  0   0  0   0   1         0
8175.928  8.176  0   0  3 1.934e+02 1.934e-01  0 4.608e+03 4.608e+00  1  0   0  0   0   1         0
8167.253  8.167  0   0  1 1.844e+04 1.844e+01  0 2.003e+03 2.003e+00  1  0   0  0   0   1         0
8183.891  8.184  0   0  3 6.331e+03 6.331e+00  0 5.976e+03 5.976e+00  1  0   0  0   0   1         0
8180.354  8.180  0   0  7 1.535e+04 1.535e+01  0 3.471e+01 3.471e-02  1  0   0  0   0   1         0
8175.105  8.175  0   0  6 2.599e+04 2.599e+01  6 8.623e+02 8.623e-01  1  0   0  0   0   1         0
8162.743  8.163  0   0  0 3.321e+03 3.321e+00  0 2.453e+02 2.453e-01  1  0   0  0   0   1         0
8176.426  8.176  0   0  3 6.043e+03 6.043e+00  0 2.081e+03 2.081e+00  1  0   0  0   0   1         0
8173.224  8.173  0   0  4 2.477e+04 2.477e+01  4 8.306e+02 8.306e-01  1  0   0  0   0   1         0
8192.633  8.193  0   0  3 1.517e+02 1.517e-01  0 6.099e+04 6.099e+01  1  0   0  0   0   1         0
8194.769  8.195  0   0  1 8.663e+03 8.663e+00  0 9.001e+03 9.001e+00  1  0   0  0   0   1         0
8188.064  8.188  0   0  0 2.600e+02 2.600e-01  0 8.463e+03 8.463e+00  1  0   0  0   0   1         0
8166.104  8.166  0   0  0 7.375e+03 7.375e+00  0 1.008e+04 1.008e+01  1  0   0  0   0   1         0
8151.925  8.152  0   0  3 1.212e+01 1.212e-02  0 1.874e+04 1.874e+01  1  0   0  0   0   1         0
8196.305  8.196  0   0  0 1.797e+04 1.797e+01  0 7.149e+03 7.149e+00  1  0   0  0   0   1         0
8199.605  8.200  0   0  4 2.078e+01 2.078e-02  4 6.070e+03 6.070e+00  1  0   0  0   0   1         0
8156.414  8.156  0   0  4 2.015e+02 2.015e-01  4 4.241e+03 4.241e+00  1  0   0  0   0   1         0
8184.401  8.184  0   0  1 1.518e+01 1.518e-02  0 2.726e+04 2.726e+01  1  0   0  0   0   1         0
8171.394  8.171  0   0  0 2.487e+03 2.487e+00  0 1.138e+04 1.138e+01  1  0   0  0   0   1         0
8157.497  8.157  0   0  3 3.844e+02 3.844e-01  0 4.138e+03 4.138e+00  1  0   0  0   0   1         0
8199.906  8.200  0   0  5 3.129e+03 3.129e+00  0 1.756e+03 1.756e+00  1  0   0  0   0   1         0
8196.696  8.197  0   0  2 2.643e+00 2.643e-03  2 8.147e+00 8.147e-03  1  0   0  0   0   1         0
8220.552  8.221  0   0  7 7.943e+03 7.943e+00  0 1.497e+03 1.497e+00  1  0   0  0   0   1         0
8227.525  8.228  0   0  8 8.046e+02 8.046e-01  8 1.193e+04 1.193e+01  1  0   0  0   0   1         0
8203.463  8.203  0   0  0 6.810e+02 6.810e-01  0 9.797e+03 9.797e+00  1  0   0  0   0   1         0
8239.611  8.240  0   0  3 3.110e+02 3.110e-01  0 5.099e+01 5.099e-02  1  0   0  0   0   1         0
8241.353  8.241  0   0  0 5.335e+03 5.335e+00  0 2.232e+04 2.232e+01  1  0   0  0   0   1         0
8210.750  8.211  0   0  1 1.400e+02 1.400e-01  0 1.351e+02 1.351e-01  1  0   0  0   0   1         0
8240.008  8.240  0   0  2 2.905e+03 2.905e+00  2 7.419e+04 7.419e+01  1  0   0  0   0   1         0
8218.198  8.218  0   0  5 4.125e+03 4.125e+00  0 6.746e+01 6.746e-02  1  0   0  0   0   1         0
8221.289  8.221  0   0  4 1.301e+02 1.301e-01  4 1.354e+04 1.354e+01  1  0   0  0   0   1         0
8246.852  8.247  0   0  4 5.908e+03 5.908e+00  4 1.369e+03 1.369e+00  1  0   0  0   0   1         0
8244.647  8.245  0   0  2 3.678e+03 3.678e+00  2 2.682e+04 2.682e+01  1  0   0  0   0   1         0
8218.884  8.219  0   0  4 9.433e+02 9.433e-01  4 1.177e+02 1.177e-01  1  0   0  0   0   1         0
8224.542  8.225  0   0  3 1.019e+03 1.019e+00  0 2.348e+02 2.348e-01  1  0   0  0   0   1         0
8214.438  8.214  0   0  3 2.530e+03 2.530e+00  0 1.901e+03 1.901e+00  1  0   0  0   0   1         0
8225.908  8.226  0   0  5 3.158e+03 3.158e+00  0 3.179e+03 3.179e+00  1  0   0  0   0   1         0
8234.213  8.234  0   0  6 4.564e+01 4.564e-02  6 4.806e+02 4.806e-01  1  0   0  0   0   1         0
8204.680  8.205  0   0  5 1.351e+04 1.351e+01  0 1.667e+04 1.667e+01  1  0   0  0   0   1         0
8246.032  8.246  0   0  3 2.437e+03 2.437e+00  0 2.127e+04 2.127e+01  1  0   0  0   0   1         0
8236.054  8.236  0   0  2 7.670e+03 7.670e+00  2 1.188e+03 1.188e+00  1  0   0  0   0   1         0
8204.886  8.205  0   0  4 7.859e+02 7.859e-01  4 6.165e+03 6.165e+00  1  0   0  0   0   1         0
8243.511  8.244  0   0  5 3.280e+02 3.280e-01  0 2.417e+04 2.417e+01  1  0   0  0   0   1         0
8237.288  8.237  0   0  3 4.658e+01 4.658e-02  0 5.525e+03 5.525e+00  1  0   0  0   0   1         0
8215.774  8.216  0   0  0 5.101e+02 5.101e-01  0 2.590e+02 2.590e-01  1  0   0  0   0   1         0
8226.208  8.226  0   0  5 9.674e+02 9.674e-01  0 4.008e+02 4.008e-01  1  0   0  0   0   1         0
8243.072  8.243  0   0  5 4.117e+03 4.117e+00  0 1.146e+04 1.146e+01  1  0   0  0   0   1         0
8248.423  8.248  0   0  3 1.013e+03 1.013e+00  0 1.057e+04 1.057e+01  1  0   0  0   0   1         0
8214.165  8.214  0   0  2 1.344e+02 1.344e-01  2 1.400e+04 1.400e+01  1  0   0  0   0   1         0
8232.652  8.233  0   0  0 7.616e+02 7.616e-01  0 1.421e+04 1.421e+01  1  0   0  0   0   1         0
8243.078  8.243  0   0  2 1.828e+03 1.828e+00  2 3.208e+02 3.208e-01  1  0   0  0   0   1         0
8249.415  8.249  0   0  7 1.321e+03 1.321e+00  0 1.642e+01 1.642e-02  1  0   0  0   0   1         0
8203.572  8.204  0   0  6 1.635e+04 1.635e+01  6 6.567e+03 6.567e+00  1  0   0  0   0   1         0
8225.318  8.225  0   0  2 2.683e+03 2.683e+00  2 7.723e+02 7.723e-01  1  0   0  0   0   1         0
8243.743  8.244  0   0  0 1.518e+03 1.518e+00  0 1.370e+01 1.370e-02  1  0   0  0   0   1         0
8200.160  8.200  0   0  2 1.398e+04 1.398e+01  2 2.066e+03 2.066e+00  1  0   0  0   0   1         0
8221.996  8.222  0   0  5 2.055e+04 2.055e+01  0 8.073e+02 8.073e-01  1  0   0  0   0   1         0
8229.343  8.229  0   0  6 2.457e+03 2.457e+00  6 1.285e+04 1.285e+01  1  0   0  0   0   1         0
8226.461  8.226  0   0  2 5.819e+03 5.819e+00  2 2.228e+02 2.228e-01  1  0   0  0   0   1         0
8236.745  8.237  0   0  3 1.118e+04 1.118e+01  0 7.294e+01 7.294e-02  1  0   0  0   0   1         0
8203.310  8.203  0   0  2 9.941e+02 9.941e-01  2 2.352e+04 2.352e+01  1  0   0  0   0   1         0
8239.362  8.239  0   0  5 1.946e+04 1.946e+01  0 8.525e+03 8.525e+00  1  0   0  0   0   1         0
8214.270  8.214  0   0  3 1.345e+03 1.345e+00  0 1.569e+03 1.569e+00  1  0   0  0   0   1         0
8241.290  8.241  0   0  2 6.989e+02 6.989e-01  2 5.896e+03 5.896e+00  1  0   0  0   0   1         0
8221.108  8.221  0   0  3 2.668e+03 2.668e+00  0 3.018e+04 3.018e+01  1  0   0  0   0   1         0
8202.169  8.202  0   0  0 4.016e+02 4.016e-01  0 1.639e+04 1.639e+01  1  0   0  0   0   1         0
8295.178  8.295  0   0  0 3.182e+02 3.182e-01  0 6.599e+02 6.599e-01  1  0   0  0   0   1         0
8251.039  8.251  0   0  1 1.071e+04 1.071e+01  0 3.756e+03 3.756e+00  1  0   0  0   0   1         0
8280.255  8.280  0   0  6 2.872e+01 2.872e-02  6 8.390e+03 8.390e+00  1  0   0  0   0   1         0
8263.886  8.264  0   0  5 1.609e+03 1.609e+00  0 1.710e+03 1.710e+00  1  0   0  0   0   1         0
8273.662  8.274  0   0  2 7.011e+02 7.011e-01  2 1.374e+04 1.374e+01  1  0   0  0   0   1         0
8272.226  8.272  0   0  4 9.002e+01 9.002e-02  4 6.059e+04 6.059e+01  1  0   0  0   0   1         0
8287.545  8.288  0   0  3 1.259e+03 1.259e+00  0 9.281e+02 9.281e-01  1  0   0  0   0   1         0
8274.966  8.275  0   0  1 3.990e+03 3.990e+00  0 4.552e+03 4.552e+00  1  0   0  0   0   1         0
8271.192  8.271  0   0  4 3.864e+03 3.864e+00  4 7.892e+03 7.892e+00  1  0   0  0   0   1         0
8286.619  8.287  0   0  0 2.437e+02 2.437e-01  0 6.124e+03 6.124e+00  1  0   0  0   0   1         0
8296.327  8.296  0   0  3 6.837e+03 6.837e+00  0 1.310e+04 1.310e+01  1  0   0  0   0   1         0
8289.783  8.290  0   0  0 2.482e+03 2.482e+00  0 4.166e+04 4.166e+01  1  0   0  0   0   1         0
8286.939  8.287  0   0  0 5.654e+02 5.654e-01  0 6.744e+03 6.744e+00  1  0   0  0   0   1         0
8274.520  8.275  0   0  3 4.373e+03 4.373e+00  0 1.753e+04 1.753e+01  1  0   0  0   0   1         0
8295.058  8.295  0   0  5 4.293e+02 4.293e-01  0 2.477e+03 2.477e+00  1  0   0  0   0   1         0
8274.449  8.274  0   0  1 1.340e+03 1.340e+00  0 4.403e+03 4.403e+00  1  0   0  0   0   1         0
8296.549  8.297  0   0  3 1.802e+03 1.802e+00  0 3.341e+03 3.341e+00  1  0   0  0   0   1         0
8290.230  8.290  0   0  6 4.925e+03 4.925e+00  6 7.094e+02 7.094e-01  1  0   0  0   0   1         0
8257.582  8.258  0   0  1 7.207e+03 7.207e+00  0 7.340e+02 7.340e-01  1  0   0  0   0   1         0
8252.374  8.252  0   0  4 8.850e+02 8.850e-01  4 8.512e+03 8.512e+00  1  0   0  0   0   1         0
8287.145  8.287  0   0  1 7.939e+03 7.939e+00  0 5.283e+02 5.283e-01  1  0   0  0   0   1         0
8284.407  8.284  0   0  1 1.257e+03 1.257e+00  0 2.581e+02 2.581e-01  1  0   0  0   0   1         0
8280.232  8.280  0   0  6 4.238e+03 4.238e+00  6 1.989e+04 1.989e+01  1  0   0  0   0   1         0
8298.824  8.299  0   0  3 3.772e+03 3.772e+00  0 1.278e+03 1.278e+00  1  0   0  0   0   1         0
8277.403  8.277  0   0  1 4.833e+03 4.833e+00  0 6.478e+02 6.478e-01  1  0   0  0   0   1         0
8267.517  8.268  0   0  5 3.414e+03 3.414e+00  0 2.460e+04 2.460e+01  1  0   0  0   0   1         0
8278.380  8.278  0   0  3 1.604e+03 1.604e+00  0 2.308e+03 2.308e+00  1  0   0  0   0   1         0
8251.435  8.251  0   0  9 1.204e+04 1.204e+01  0 6.684e+03 6.684e+00  1  0   0  0   0   1         0
8279.093  8.279  0   0  4 2.239e+03 2.239e+00  4 6.453e+03 6.453e+00  1  0   0  0   0   1         0
8295.168  8.295  0   0  2 2.467e+01 2.467e-02  2 4.129e+02 4.129e-01  1  0   0  0   0   1         0
8250.219  8.250  0   0  3 5.371e+02 5.371e-01  0 2.629e+02 2.629e-01  1  0   0  0   0   1         0
8292.335  8.292  0   0  3 1.106e+04 1.106e+01  0 1.175e+04 1.175e+01  1  0   0  0   0   1         0
8290.181  8.290  0   0  0 4.715e+03 4.715e+00  0 1.026e+02 1.026e-01  1  0   0  0   0   1         0
8255.356  8.255  0   0  5 4.945e+03 4.945e+00  0 1.224e+04 1.224e+01  1  0   0  0   0   1         0
8292.410  8.292  0   0  6 2.893e+04 2.893e+01  6 6.443e+03 6.443e+00  1  0   0  0   0   1         0
8288.273  8.288  0   0  1 1.994e+02 1.994e-01  0 2.854e+04 2.854e+01  1  0   0  0   0   1         0
8274.686  8.275  0   0  7 2.422e+03 2.422e+00  0 5.444e+02 5.444e-01  1  0   0  0   0   1         0
8262.360  8.262  0   0  3 1.057e+03 1.057e+00  0 1.868e+04 1.868e+01  1  0   0  0   0   1         0
8264.515  8.265  0   0  4 7.439e+01 7.439e-02  4 8.371e+02 8.371e-01  1  0   0  0   0   1         0
8280.740  8.281  0   0  3 1.421e+03 1.421e+00  0 6.780e+01 6.780e-02  1  0   0  0   0   1         0
8262.415  8.262  0   0  1 1.765e+02 1.765e-01  0 9.275e+02 9.275e-01  1  0   0  0   0   1         0
8266.386  8.266  0   0  2 2.045e+03 2.045e+00  2 1.005e+04 1.005e+01  1  0   0  0   0   1         0
8296.576  8.297  0   0  3 1.483e+03 1.483e+00  0 1.225e+04 1.225e+01  1  0   0  0   0   1         0
8286.572  8.287  0   0  5 3.378e+03 3.378e+00  0 5.318e+03 5.318e+00  1  0   0  0   0   1         0
8286.907  8.287  0   0  2 1.742e+03 1.742e+00  2 7.837e+03 7.837e+00  1  0   0  0   0   1         0
8297.819  8.298  0   0  1 5.738e+02 5.738e-01  0 7.778e+00 7.778e-03  1  0   0  0   0   1         0
8250.293  8.250  0   0  3 2.285e+03 2.285e+00  0 2.540e+03 2.540e+00  1  0   0  0   0   1         0
8262.324  8.262  0   0  4 2.175e+03 2.175e+00  4 6.296e+00 6.296e-03  1  0   0  0   0   1         0
8283.019  8.283  0   0  2 1.105e+04 1.105e+01  2 5.839e+04 5.839e+01  1  0   0  0   0   1         0
8272.045  8.272  0   0  8 4.872e+03 4.872e+00  8 6.604e+03 6.604e+00  1  0   0  0   0   1         0
8255.694  8.256  0   0  2 7.061e+02 7.061e-01  2 9.488e+02 9.488e-01  1  0   0  0   0   1         0
8289.153  8.289  0   0  9 2.005e+03 2.005e+00  0 1.283e+02 1.283e-01  1  0   0  0   0   1         0
8252.378  8.252  0   0  1 2.165e+04 2.165e+01  0 4.459e+03 4.459e+00  1  0   0  0   0   1         0
8277.325  8.277  0   0  1 6.058e+03 6.058e+00  0 3.138e+04 3.138e+01  1  0   0  0   0   1         0
8278.255  8.278  0   0  3 1.948e+04 1.948e+01  0 6.047e+03 6.047e+00  1  0   0  0   0   1         0
8281.921  8.282  0   0  2 1.116e+03 1.116e+00  2 1.313e+03 1.313e+00  1  0   0  0   0   1         0
8265.897  8.266  0   0  4 1.268e+03 1.268e+00  4 8.647e+03 8.647e+00  1  0   0  0   0   1         0
8251.192  8.251  0   0  6 1.711e+03 1.711e+00  6 2.233e+03 2.233e+00  1  0   0  0   0   1         0
8294.501  8.295  0   0  3 7.200e+02 7.200e-01  0 3.724e+04 3.724e+01  1  0   0  0   0   1         0
8296.495  8.296  0   0  4 5.007e+02 5.007e-01  4 1.493e+03 1.493e+00  1  0   0  0   0   1         0
8274.233  8.274  0   0  2 4.341e+01 4.341e-02  2 9.233e+02 9.233e-01  1  0   0  0   0   1         0
8313.411  8.313  0   0  3 2.118e+03 2.118e+00  0 1.077e+03 1.077e+00  1  0   0  0   0   1         0
8348.734  8.349  0   0  4 8.135e+02 8.135e-01  4 9.088e+03 9.088e+00  1  0   0  0   0   1         0
8324.748  8.325  0   0  4 1.403e+04 1.403e+01  4 1.613e+00 1.613e-03  1  0   0  0   0   1         0
8311.144  8.311  0   0  6 3.555e+03 3.555e+00  6 7.773e+02 7.773e-01  1  0   0  0   0   1         0
8319.692  8.320  0   0  4 1.799e+04 1.799e+01  4 2.364e+03 2.364e+00  1  0   0  0   0   1         0
8309.250  8.309  0   0  0 8.527e+01 8.527e-02  0 4.778e+03 4.778e+00  1  0   0  0   0   1         0
8341.756  8.342  0   0  2 1.381e+03 1.381e+00  2 1.918e+04 1.918e+01  1  0   0  0   0   1         0
8306.054  8.306  0   0  5 1.537e+03 1.537e+00  0 9.434e+02 9.434e-01  1  0   0  0   0   1         0
8343.734  8.344  0   0  7 2.603e+04 2.603e+01  0 1.616e+04 1.616e+01  1  0   0  0   0   1         0
8302.319  8.302  0   0  3 2.376e+03 2.376e+00  0 7.003e+02 7.003e-01  1  0   0  0   0   1         0
8315.091  8.315  0   0  0 4.021e+03 4.021e+00  0 1.498e+04 1.498e+01  1  0   0  0   0   1         0
8307.058  8.307  0   0  4 6.302e+03 6.302e+00  4 3.579e+03 3.579e+00  1  0   0  0   0   1         0
8334.376  8.334  0   0  2 3.482e+03 3.482e+00  2 1.182e+03 1.182e+00  1  0   0  0   0   1         0
8325.747  8.326  0   0  6 2.353e+03 2.353e+00  6 3.549e+03 3.549e+00  1  0   0  0   0   1         0
8346.996  8.347  0   0  6 4.094e+03 4.094e+00  6 3.499e+03 3.499e+00  1  0   0  0   0   1         0
8318.431  8.318  0   0  0 4.341e+03 4.341e+00  0 1.602e+04 1.602e+01  1  0   0  0   0   1         0
8302.058  8.302  0   0  1 1.102e+00 1.102e-03  0 1.307e+04 1.307e+01  1  0   0  0   0   1         0
8338.178  8.338  0   0  2 1.412e+04 1.412e+01  2 1.492e+04 1.492e+01  1  0   0  0   0   1         0
8329.102  8.329  0   0  2 4.796e+03 4.796e+00  2 1.646e+04 1.646e+01  1  0   0  0   0   1         0
8341.446  8.341  0   0  3 2.078e+04 2.078e+01  0 3.530e+04 3.530e+01  1  0   0  0   0   1         0
8321.435  8.321  0   0  4 1.847e+04 1.847e+01  4 1.980e+04 1.980e+01  1  0   0  0   0   1         0
8337.010  8.337  0   0  1 1.383e+04 1.383e+01  0 3.180e+04 3.180e+01  1  0   0  0   0   1         0
8308.628  8.309  0   0  8 1.359e+04 1.359e+01  8 4.121e+04 4.121e+01  1  0   0  0   0   1         0
8349.977  8.350  0   0  4 7.318e+02 7.318e-01  4 8.883e+02 8.883e-01  1  0   0  0   0   1         0
8308.758  8.309  0   0  1 1.919e+02 1.919e-01  0 8.981e+03 8.981e+00  1  0   0  0   0   1         0
8341.563  8.342  0   0  5 8.734e+03 8.734e+00  0 2.744e+04 2.744e+01  1  0   0  0   0   1         0
8310.710  8.311  0   0  6 1.339e+02 1.339e-01  6 2.709e+04 2.709e+01  1  0   0  0   0   1         0
8339.214  8.339  0   0  0 4.252e+01 4.252e-02  0 4.070e+04 4.070e+01  1  0   0  0   0   1         0
8343.125  8.343  0   0  4 2.827e+03 2.827e+00  4 2.249e+04 2.249e+01  1  0   0  0   0   1         0
8343.888  8.344  0   0  4 1.143e+04 1.143e+01  4 7.372e+03 7.372e+00  1  0   0  0   0   1         0
8323.917  8.324  0   0  3 4.702e+03 4.702e+00  0 3.826e+04 3.826e+01  1  0   0  0   0   1         0
8321.569  8.322  0   0  0 2.841e+03 2.841e+00  0 2.817e+04 2.817e+01  1  0   0  0   0   1         0
8341.762  8.342  0   0  0 2.039e+04 2.039e+01  0 1.514e+03 1.514e+00  1  0   0  0   0   1         0
8329.102  8.329  0   0  0 9.081e+01 9.081e-02  0 8.509e+03 8.509e+00  1  0   0  0   0   1         0
8331.187  8.331  0   0  6 6.601e+02 6.601e-01  6 2.885e+02 2.885e-01  1  0   0  0   0   1         0
8311.898  8.312  0   0  0 1.835e+03 1.835e+00  0 2.107e+04 2.107e+01  1  0   0  0   0   1         0
8322.438  8.322  0   0  0 1.280e+04 1.280e+01  0 1.351e+04 1.351e+01  1  0   0  0   0   1         0
8318.595  8.319  0   0  1 2.541e+03 2.541e+00  0 1.421e+03 1.421e+00  1  0   0  0   0   1         0
8333.382  8.333  0   0  7 1.243e+03 1.243e+00  0 4.206e+03 4.206e+00  1  0   0  0   0   1         0
8309.907  8.310  0   0  2 2.259e+03 2.259e+00  2 7.689e+03 7.689e+00  1  0   0  0   0   1         0
8320.414  8.320  0   0  4 4.857e+02 4.857e-01  4 3.620e+03 3.620e+00  1  0   0  0   0   1         0
8342.503  8.343  0   0  4 4.050e+03 4.050e+00  4 3.251e+03 3.251e+00  1  0   0  0   0   1         0
8327.452  8.327  0   0  1 5.035e+02 5.035e-01  0 1.718e+04 1.718e+01  1  0   0  0   0   1         0
8344.850  8.345  0   0  2 4.407e+03 4.407e+00  2 2.977e+03 2.977e+00  1  0   0  0   0   1         0
8311.720  8.312  0   0  4 1.206e+02 1.206e-01  4 7.562e+03 7.562e+00  1  0   0  0   0   1         0
8322.124  8.322  0   0  4 2.399e+04 2.399e+01  4 6.575e+01 6.575e-02  1  0   0  0   0   1         0
8325.152  8.325  0   0  1 1.303e+03 1.303e+00  0 1.132e+04 1.132e+01  1  0   0  0   0   1         0
8320.154  8.320  0   0  3 4.490e+02 4.490e-01  0 5.345e+03 5.345e+00  1  0   0  0   0   1         0
8334.337  8.334  0   0  1 3.160e+02 3.160e-01  0 1.889e+03 1.889e+00  1  0   0  0   0   1         0
8307.503  8.308  0   0  3 9.688e+02 9.688e-01  0 5.058e+03 5.058e+00  1  0   0  0   0   1         0
8326.101  8.326  0   0  1 9.086e+03 9.086e+00  0 2.482e+04 2.482e+01  1  0   0  0   0   1         0
8307.002  8.307  0   0  4 1.938e+02 1.938e-01  4 2.385e+03 2.385e+00  1  0   0  0   0   1         0
8331.582  8.332  0   0  2 6.602e+03 6.602e+00  2 7.728e+04 7.728e+01  1  0   0  0   0   1         0
8341.586  8.342  0   0  5 6.572e+03 6.572e+00  0 1.649e+04 1.649e+01  1  0   0  0   0   1         0
8301.010  8.301  0   0  0 9.379e+03 9.379e+00  0 1.377e+04 1.377e+01  1  0   0  0   0   1         0
8322.977  8.323  0   0  6 1.822e+04 1.822e+01  6 1.969e+01 1.969e-02  1  0   0  0   0   1         0
8324.766  8.325  0   0  2 1.062e+04 1.062e+01  2 3.358e+03 3.358e+00  1  0   0  0   0   1         0
8336.118  8.336  0   0  3 1.047e+04 1.047e+01  0 4.014e+02 4.014e-01  1  0   0  0   0   1         0
8303.772  8.304  0   0  3 4.812e+02 4.812e-01  0 1.804e+03 1.804e+00  1  0   0  0   0   1         0
8320.428  8.320  0   0  0 4.164e+01 4.164e-02  0 2.161e+02 2.161e-01  1  0   0  0   0   1         0
8339.362  8.339  0   0  2 9.137e+02 9.137e-01  2 3.613e+00 3.613e-03  1  0   0  0   0   1         0
8326.738  8.327  0   0  5 9.129e+00 9.129e-03  0 1.591e+04 1.591e+01  1  0   0  0   0   1         0
8337.590  8.338  0   0  1 1.499e+04 1.499e+01  0 1.030e+04 1.030e+01  1  0   0  0   0   1         0
8318.322  8.318  0   0  2 5.330e+02 5.330e-01  2 1.702e+04 1.702e+01  1  0   0  0   0   1         0
8346.042  8.346  0   0  6 2.047e+03 2.047e+00  6 5.476e+01 5.476e-02  1  0   0  0   0   1         0
8303.905  8.304  0   0  0 5.922e+03 5.922e+00  0 2.350e+03 2.350e+00  1  0   0  0   0   1         0
8304.602  8.305  0   0  4 4.221e+03 4.221e+00  4 9.499e+03 9.499e+00  1  0   0  0   0   1         0
8367.600  8.368  0   0  1 1.649e+03 1.649e+00  0 1.576e+03 1.576e+00  1  0   0  0   0   1         0
8351.422  8.351  0   0  3 4.118e+02 4.118e-01  0 8.895e-01 8.895e-04  1  0   0  0   0   1         0
8372.218  8.372  0   0  3 9.625e+03 9.625e+00  0 2.576e+03 2.576e+00  1  0   0  0   0   1         0
8352.295  8.352  0   0  2 1.057e+03 1.057e+00  2 1.714e+04 1.714e+01  1  0   0  0   0   1         0
8373.571  8.374  0   0  8 6.448e+02 6.448e-01  8 1.917e+03 1.917e+00  1  0   0  0   0   1         0
8373.332  8.373  0   0  5 2.266e+03 2.266e+00  0 1.436e+04 1.436e+01  1  0   0  0   0   1         0
8359.012  8.359  0   0  3 6.345e+03 6.345e+00  0 9.680e+03 9.680e+00  1  0   0  0   0   1         0
8389.299  8.389  0   0  0 1.003e+03 1.003e+00  0 1.669e+04 1.669e+01  1  0   0  0   0   1         0
8385.317  8.385  0   0  2 3.907e+00 3.907e-03  2 2.796e+02 2.796e-01  1  0   0  0   0   1         0
8378.103  8.378  0   0  3 3.655e+03 3.655e+00  0 7.493e+03 7.493e+00  1  0   0  0   0   1         0
8396.330  8.396  0   0  2 1.117e+01 1.117e-02  2 9.132e+00 9.132e-03  1  0   0  0   0   1         0
8364.465  8.364  0   0  4 1.987e+03 1.987e+00  4 3.548e+04 3.548e+01  1  0   0  0   0   1         0
8363.201  8.363  0   0  0 9.320e+02 9.320e-01  0 7.731e+03 7.731e+00  1  0   0  0   0   1         0
8359.249  8.359  0   0  7 9.026e+02 9.026e-01  0 2.244e+04 2.244e+01  1  0   0  0   0   1         0
8377.349  8.377  0   0  1 4.425e+02 4.425e-01  0 2.532e+03 2.532e+00  1  0   0  0   0   1         0
8360.352  8.360  0   0  3 1.998e+03 1.998e+00  0 3.992e+03 3.992e+00  1  0   0  0   0   1         0
8393.503  8.394  0   0  2 9.916e+01 9.916e-02  2 8.905e+02 8.905e-01  1  0   0  0   0   1         0
8365.324  8.365  0   0  2 3.929e+03 3.929e+00  2 8.502e+03 8.502e+00  1  0   0  0   0   1         0
8374.675  8.375  0   0  0 5.140e+03 5.140e+00  0 2.155e+02 2.155e-01  1  0   0  0   0   1         0
8376.603  8.377  0   0  0 5.183e+03 5.183e+00  0 4.848e+04 4.848e+01  1  0   0  0   0   1         0
8365.492  8.365  0   0  3 2.482e+03 2.482e+00  0 7.083e+03 7.083e+00  1  0   0  0   0   1         0
8387.019  8.387  0   0  3 1.224e+04 1.224e+01  0 7.876e+02 7.876e-01  1  0   0  0   0   1         0
8384.712  8.385  0   0  1 2.607e+02 2.607e-01  0 2.057e+02 2.057e-01  1  0   0  0   0   1         0
8388.133  8.388  0   0  5 3.527e+01 3.527e-02  0 9.637e+01 9.637e-02  1  0   0  0   0   1         0
8380.418  8.380  0   0  2 1.797e+02 1.797e-01  2 3.662e+04 3.662e+01  1  0   0  0   0   1         0
8373.137  8.373  0   0  4 9.003e+02 9.003e-01  4 3.056e+03 3.056e+00  1  0   0  0   0   1         0
8372.573  8.373  0   0  2 7.975e+03 7.975e+00  2 1.473e+03 1.473e+00  1  0   0  0   0   1         0
8385.931  8.386  0   0  5 1.665e+03 1.665e+00  0 1.572e+04 1.572e+01  1  0   0  0   0   1         0
8368.973  8.369  0   0  3 4.084e+03 4.084e+00  0 4.749e+04 4.749e+01  1  0   0  0   0   1         0
8371.989  8.372  0   0  4 1.247e+02 1.247e-01  4 2.796e+03 2.796e+00  1  0   0  0   0   1         0
8358.254  8.358  0   0  4 8.607e+03 8.607e+00  4 2.889e+04 2.889e+01  1  0   0  0   0   1         0
8384.093  8.384  0   0  3 2.186e+02 2.186e-01  0 3.966e+04 3.966e+01  1  0   0  0   0   1         0
8353.883  8.354  0   0  4 8.039e+01 8.039e-02  4 3.767e+04 3.767e+01  1  0   0  0   0   1         0
8399.530  8.400  0   0  2 8.486e+03 8.486e+00  2 2.845e+02 2.845e-01  1  0   0  0   0   1         0
8357.250  8.357  0   0  4 6.911e+03 6.911e+00  4 3.307e+03 3.307e+00  1  0   0  0   0   1         0
8369.270  8.369  0   0  3 2.472e+03 2.472e+00  0 1.082e+03 1.082e+00  1  0   0  0   0   1         0
8361.983  8.362  0   0  4 5.780e+03 5.780e+00  4 2.013e+03 2.013e+00  1  0   0  0   0   1         0
8364.639  8.365  0   0  0 1.982e+04 1.982e+01  0 6.166e+03 6.166e+00  1  0   0  0   0   1         0
8366.235  8.366  0   0  1 8.203e+02 8.203e-01  0 2.006e+01 2.006e-02  1  0   0  0   0   1         0
8386.020  8.386  0   0  5 1.032e+03 1.032e+00  0 1.924e+03 1.924e+00  1  0   0  0   0   1         0
8358.913  8.359  0   0  4 5.438e+02 5.438e-01  4 1.213e+04 1.213e+01  1  0   0  0   0   1         0
8363.293  8.363  0   0  3 9.707e+03 9.707e+00  0 3.229e+02 3.229e-01  1  0   0  0   0   1         0
8355.107  8.355  0   0  2 5.576e+03 5.576e+00  2 1.146e+04 1.146e+01  1  0   0  0   0   1         0
8366.687  8.367  0   0  5 3.986e+03 3.986e+00  0 2.053e+03 2.053e+00  1  0   0  0   0   1         0
8397.090  8.397  0   0  2 6.312e+03 6.312e+00  2 8.198e-01 8.198e-04  1  0   0  0   0   1         0
8369.127  8.369  0   0  3 4.003e+03 4.003e+00  0 1.999e+04 1.999e+01  1  0   0  0   0   1         0
8388.955  8.389  0   0  4 3.740e+03 3.740e+00  4 1.072e+04 1.072e+01  1  0   0  0   0   1         0
8373.213  8.373  0   0  3 4.370e+03 4.370e+00  0 1.037e+03 1.037e+00  1  0   0  0   0   1         0
8372.607  8.373  0   0  1 1.670e+01 1.670e-02  0 5.202e-01 5.202e-04  1  0   0  0   0   1         0
8391.272  8.391  0   0  2 1.768e+03 1.768e+00  2 8.084e+01 8.084e-02  1  0   0  0   0   1         0
8351.354  8.351  0   0  1 9.578e+02 9.578e-01  0 2.738e+03 2.738e+00  1  0   0  0   0   1         0
8393.304  8.393  0   0  1 2.710e+02 2.710e-01  0 4.949e+03 4.949e+00  1  0   0  0   0   1         0
8374.389  8.374  0   0  5 5.839e+03 5.839e+00  0 4.910e+04 4.910e+01  1  0   0  0   0   1         0
8367.674  8.368  0   0  4 1.602e+03 1.602e+00  4 6.344e+03 6.344e+00  1  0   0  0   0   1         0
8395.385  8.395  0   0  0 3.382e+03 3.382e+00  0 2.008e+04 2.008e+01  1  0   0  0   0   1         0
8367.108  8.367  0   0  5 2.232e+00 2.232e-03  0 3.234e+03 3.234e+00  1  0   0  0   0   1         0
8398.896  8.399  0   0  2 4.777e+02 4.777e-01  2 1.937e+04 1.937e+01  1  0   0  0   0   1         0
8396.848  8.397  0   0  4 5.735e+03 5.735e+00  4 3.047e+04 3.047e+01  1  0   0  0   0   1         0
8363.497  8.363  0   0  5 9.209e+03 9.209e+00  0 1.075e+02 1.075e-01  1  0   0  0   0   1         0
8367.146  8.367  0   0  1 3.697e+03 3.697e+00  0 2.284e+03 2.284e+00  1  0   0  0   0   1         0
8390.686  8.391  0   0  1 3.413e+02 3.413e-01  0 1.725e+04 1.725e+01  1  0   0  0   0   1         0
8359.862  8.360  0   0  1 1.428e+04 1.428e+01  0 2.136e+04 2.136e+01  1  0   0  0   0   1         0
8386.698  8.387  0   0  2 2.639e+03 2.639e+00  2 2.016e+02 2.016e-01  1  0   0  0   0   1         0
8356.516  8.357  0   0  4 1.249e+03 1.249e+00  4 1.758e+03 1.758e+00  1  0   0  0   0   1         0
8360.365  8.360  0   0  3 2.934e+03 2.934e+00  0 1.007e+04 1.007e+01  1  0   0  0   0   1         0
8375.153  8.375  0   0  3 3.987e+03 3.987e+00  0 2.058e+04 2.058e+01  1  0   0  0   0   1         0
8387.391  8.387  0   0  6 2.490e+03 2.490e+00  6 1.108e+03 1.108e+00  1  0   0  0   0   1         0
8387.070  8.387  0   0  4 7.487e+02 7.487e-01  4 1.019e+04 1.019e+01  1  0   0  0   0   1         0
8380.568  8.381  0   0  3 9.083e+03 9.083e+00  0 1.040e+04 1.040e+01  1  0   0  0   0   1         0
8421.041  8.421  0   0  0 9.225e+01 9.225e-02  0 4.826e+03 4.826e+00  1  0   0  0   0   1         0
8427.919  8.428  0   0  1 4.824e+02 4.824e-01  0 6.275e+00 6.275e-03  1  0   0  0   0   1         0
8434.888  8.435  0   0  2 1.741e+03 1.741e+00  2 9.174e+02 9.174e-01  1  0   0  0   0   1         0
8447.286  8.447  0   0  4 1.319e+04 1.319e+01  4 3.841e+03 3.841e+00  1  0   0  0   0   1         0
8413.550  8.414  0   0  3 3.476e+03 3.476e+00  0 4.341e+02 4.341e-01  1  0   0  0   0   1         0
8405.234  8.405  0   0  0 9.733e+02 9.733e-01  0 6.019e+04 6.019e+01  1  0   0  0   0   1         0
8421.563  8.422  0   0  0 8.390e+02 8.390e-01  0 4.944e+03 4.944e+00  1  0   0  0   0   1         0
8427.460  8.427  0   0  3 1.194e+03 1.194e+00  0 2.820e+03 2.820e+00  1  0   0  0   0   1         0
8411.489  8.411  0   0  0 2.120e+02 2.120e-01  0 3.644e+03 3.644e+00  1  0   0  0   0   1         0
8444.573  8.445  0   0  5 1.720e+00 1.720e-03  0 7.002e+03 7.002e+00  1  0   0  0   0   1         0
8440.023  8.440  0   0  4 1.668e+04 1.668e+01  4 6.841e+03 6.841e+00  1  0   0  0   0   1         0
8424.809  8.425  0   0  4 8.914e+01 8.914e-02  4 1.884e+04 1.884e+01  1  0   0  0   0   1         0
8422.628  8.423  0   0  3 1.096e+04 1.096e+01  0 7.744e+02 7.744e-01  1  0   0  0   0   1         0
8402.057  8.402  0   0  3 1.551e+03 1.551e+00  0 3.856e+03 3.856e+00  1  0   0  0   0   1         0
8426.969  8.427  0   0  5 8.995e+03 8.995e+00  0 7.917e+02 7.917e-01  1  0   0  0   0   1         0
8429.908  8.430  0   0  0 2.563e+03 2.563e+00  0 3.609e+03 3.609e+00  1  0   0  0   0   1         0
8444.630  8.445  0   0  0 8.707e+02 8.707e-01  0 2.713e+04 2.713e+01  1  0   0  0   0   1         0
8425.181  8.425  0   0  7 9.606e+01 9.606e-02  0 4.401e+03 4.401e+00  1  0   0  0   0   1         0
8407.936  8.408  0   0  4 8.165e+03 8.165e+00  4 6.441e+03 6.441e+00  1  0   0  0   0   1         0
8409.077  8.409  0   0  1 8.947e+03 8.947e+00  0 4.030e+02 4.030e-01  1  0   0  0   0   1         0
8408.061  8.408  0   0  5 7.902e+03 7.902e+00  0 4.006e+02 4.006e-01  1  0   0  0   0   1         0
8446.955  8.447  0   0  0 1.227e+02 1.227e-01  0 5.940e-01 5.940e-04  1  0   0  0   0   1         0
8439.751  8.440  0   0  3 5.840e+01 5.840e-02  0 6.008e+01 6.008e-02  1  0   0  0   0   1         0
8441.311  8.441  0   0  3 3.909e+03 3.909e+00  0 7.283e+03 7.283e+00  1  0   0  0   0   1         0
8442.089  8.442  0   0  4 3.285e+03 3.285e+00  4 1.104e+04 1.104e+01  1  0   0  0   0   1         0
8404.825  8.405  0   0  0 1.648e+04 1.648e+01  0 1.390e+04 1.390e+01  1  0   0  0   0   1         0
8435.214  8.435  0   0  9 3.348e+03 3.348e+00  0 1.301e+03 1.301e+00  1  0   0  0   0   1         0
8435.321  8.435  0   0  5 1.516e+03 1.516e+00  0 5.257e+01 5.257e-02  1  0   0  0   0   1         0
8411.329  8.411  0   0  1 1.130e+03 1.130e+00  0 1.830e+04 1.830e+01  1  0   0  0   0   1         0
8424.659  8.425  0   0  1 1.270e+03 1.270e+00  0 9.604e+00 9.604e-03  1  0   0  0   0   1         0
8433.234  8.433  0   0  6 6.479e+01 6.479e-02  6 7.771e+02 7.771e-01  1  0   0  0   0   1         0
8444.913  8.445  0   0  1 2.127e+04 2.127e+01  0 1.477e+04 1.477e+01  1  0   0  0   0   1         0
8405.571  8.406  0   0  5 3.321e+03 3.321e+00  0 1.488e+04 1.488e+01  1  0   0  0   0   1         0
8444.658  8.445  0   0  4 1.351e+02 1.351e-01  4 1.398e+03 1.398e+00  1  0   0  0   0   1         0
8446.156  8.446  0   0  0 9.547e+02 9.547e-01  0 3.147e+03 3.147e+00  1  0   0  0   0   1         0
8446.216  8.446  0   0  4 4.354e+02 4.354e-01  4 1.768e+04 1.768e+01  1  0   0  0   0   1         0
8400.244  8.400  0   0  2 4.926e+03 4.926e+00  2 1.107e+04 1.107e+01  1  0   0  0   0   1         0
8411.137  8.411  0   0  1 2.359e+02 2.359e-01  0 7.211e+02 7.211e-01  1  0   0  0   0   1         0
8434.669  8.435  0   0  8 7.142e+03 7.142e+00  8 5.749e+03 5.749e+00  1  0   0  0   0   1         0
8416.197  8.416  0   0  2 2.006e+02 2.006e-01  2 2.446e+02 2.446e-01  1  0   0  0   0   1         0
8403.083  8.403  0   0  1 2.131e+02 2.131e-01  0 3.057e+02 3.057e-01  1  0   0  0   0   1         0
8438.237  8.438  0   0  2 3.537e-06 3.537e-09  2 2.423e+03 2.423e+00  1  0   0  0   0   1         0
8401.444  8.401  0   0  1 2.876e+03 2.876e+00  0 7.771e+03 7.771e+00  1  0   0  0   0   1         0
8422.425  8.422  0   0  2 1.494e+04 1.494e+01  2 4.292e+03 4.292e+00  1  0   0  0   0   1         0
8447.404  8.447  0   0  3 1.249e+00 1.249e-03  0 5.147e+04 5.147e+01  1  0   0  0   0   1         0
8422.136  8.422  0   0  3 7.558e+03 7.558e+00  0 1.077e+04 1.077e+01  1  0   0  0   0   1         0
8445.634  8.446  0   0  4 3.395e+03 3.395e+00  4 7.356e+02 7.356e-01  1  0   0  0   0   1         0
8420.572  8.421  0   0  3 8.617e+02 8.617e-01  0 1.018e+03 1.018e+00  1  0   0  0   0   1         0
8417.449  8.417  0   0  2 4.608e+03 4.608e+00  2 2.271e+04 2.271e+01  1  0   0  0   0   1         0
8405.418  8.405  0   0  0 1.041e+04 1.041e+01  0 1.538e+04 1.538e+01  1  0   0  0   0   1         0
8418.020  8.418  0   0  5 6.081e+02 6.081e-01  0 7.367e+03 7.367e+00  1  0   0  0   0   1         0
8416.962  8.417  0   0  3 8.805e+02 8.805e-01  0 4.121e+03 4.121e+00  1  0   0  0   0   1         0
8442.392  8.442  0   0  5 3.248e+03 3.248e+00  0 2.218e+03 2.218e+00  1  0   0  0   0   1         0
8446.032  8.446  0   0  2 2.462e+02 2.462e-01  2 5.951e+03 5.951e+00  1  0   0  0   0   1         0
8466.713  8.467  0   0  1 5.381e+03 5.381e+00  0 2.358e+04 2.358e+01  1  0   0  0   0   1         0
8467.047  8.467  0   0  3 5.928e+02 5.928e-01  0 2.756e+04 2.756e+01  1  0   0  0   0   1         0
8465.990  8.466  0   0  0 5.404e+03 5.404e+00  0 1.758e+04 1.758e+01  1  0   0  0   0   1         0
8472.388  8.472  0   0  6 5.295e+03 5.295e+00  6 2.711e+03 2.711e+00  1  0   0  0   0   1         0
8490.672  8.491  0   0  1 4.180e+03 4.180e+00  0 3.367e+04 3.367e+01  1  0   0  0   0   1         0
8473.574  8.474  0   0  5 1.296e+02 1.296e-01  0 5.834e+03 5.834e+00  1  0   0  0   0   1         0
8499.685  8.500  0   0  1 1.084e+02 1.084e-01  0 4.983e+03 4.983e+00  1  0   0  0   0   1         0
8468.924  8.469  0   0  3 1.135e+04 1.135e+01  0 1.726e+04 1.726e+01  1  0   0  0   0   1         0
8485.066  8.485  0   0  1 9.148e+02 9.148e-01  0 1.096e+03 1.096e+00  1  0   0  0   0   1         0
8477.570  8.478  0   0  1 7.018e+03 7.018e+00  0 7.497e+03 7.497e+00  1  0   0  0   0   1         0
8488.203  8.488  0   0  1 2.308e+03 2.308e+00  0 1.076e+04 1.076e+01  1  0   0  0   0   1         0
8494.467  8.494  0   0  3 2.264e+04 2.264e+01  0 3.330e+03 3.330e+00  1  0   0  0   0   1         0
8475.707  8.476  0   0  7 2.192e+03 2.192e+00  0 7.949e+03 7.949e+00  1  0   0  0   0   1         0
8474.847  8.475  0   0  2 6.780e+03 6.780e+00  2 1.865e+03 1.865e+00  1  0   0  0   0   1         0
8497.162  8.497  0   0  2 8.198e+03 8.198e+00  2 2.078e+04 2.078e+01  1  0   0  0   0   1         0
8496.713  8.497  0   0  7 7.154e+03 7.154e+00  0 5.627e+03 5.627e+00  1  0   0  0   0   1         0
8499.851  8.500  0   0  6 5.379e+03 5.379e+00  6 2.221e+03 2.221e+00  1  0   0  0   0   1         0
8457.889  8.458  0   0  0 1.146e+03 1.146e+00  0 1.915e+03 1.915e+00  1  0   0  0   0   1         0
8450.180  8.450  0   0  0 1.198e+03 1.198e+00  0 2.235e+02 2.235e-01  1  0   0  0   0   1         0
8471.987  8.472  0   0  4 3.148e+03 3.148e+00  4 1.070e+04 1.070e+01  1  0   0  0   0   1         0
8486.763  8.487  0   0  2 3.931e+03 3.931e+00  2 2.353e+04 2.353e+01  1  0   0  0   0   1         0
8453.676  8.454  0   0  4 3.561e+03 3.561e+00  4 9.432e+00 9.432e-03  1  0   0  0   0   1         0
8468.796  8.469  0   0  4 1.133e+02 1.133e-01  4 1.348e+03 1.348e+00  1  0   0  0   0   1         0
8479.193  8.479  0   0  2 9.879e+02 9.879e-01  2 4.483e+04 4.483e+01  1  0   0  0   0   1         0
8460.710  8.461  0   0  3 3.119e+03 3.119e+00  0 2.217e+03 2.217e+00  1  0   0  0   0   1         0
8486.654  8.487  0   0  6 2.130e+01 2.130e-02  6 1.396e+04 1.396e+01  1  0   0  0   0   1         0
8461.564  8.462  0   0  1 6.639e-01 6.639e-04  0 3.375e+03 3.375e+00  1  0   0  0   0   1         0
8492.099  8.492  0   0  3 2.004e+03 2.004e+00  0 1.494e+04 1.494e+01  1  0   0  0   0   1         0
8467.526  8.468  0   0  1 1.191e+04 1.191e+01  0 3.831e+02 3.831e-01  1  0   0  0   0   1         0
8480.051  8.480  0   0  5 2.403e+02 2.403e-01  0 1.421e+03 1.421e+00  1  0   0  0   0   1         0
8477.330  8.477  0   0  2 1.429e+04 1.429e+01  2 3.807e+04 3.807e+01  1  0   0  0   0   1         0
8464.926  8.465  0   0  6 4.201e+02 4.201e-01  6 8.623e+03 8.623e+00  1  0   0  0   0   1         0
8472.075  8.472  0   0  0 9.822e+03 9.822e+00  0 8.637e+03 8.637e+00  1  0   0  0   0   1         0
8492.362  8.492  0   0  1 3.648e+03 3.648e+00  0 1.256e+03 1.256e+00  1  0   0  0   0   1         0
8477.539  8.478  0   0  3 1.290e+03 1.290e+00  0 7.143e-01 7.143e-04  1  0   0  0   0   1         0
8452.805  8.453  0   0  0 4.488e+02 4.488e-01  0 1.317e+04 1.317e+01  1  0   0  0   0   1         0
8485.752  8.486  0   0  5 2.292e+02 2.292e-01  0 4.973e+04 4.973e+01  1  0   0  0   0   1         0
8459.197  8.459  0   0  4 4.423e+03 4.423e+00  4 3.208e+03 3.208e+00  1  0   0  0   0   1         0
8474.426  8.474  0   0  4 1.807e+03 1.807e+00  4 6.012e+01 6.012e-02  1  0   0  0   0   1         0
8473.550  8.474  0   0  5 4.991e+02 4.991e-01  0 1.084e+03 1.084e+00  1  0   0  0   0   1         0
8474.447  8.474  0   0  5 3.277e+03 3.277e+00  0 6.629e+04 6.629e+01  1  0   0  0   0   1         0
8451.566  8.452  0   0  1 8.203e+01 8.203e-02  0 1.234e+03 1.234e+00  1  0   0  0   0   1         0
8463.717  8.464  0   0  6 4.008e+03 4.008e+00  6 5.657e+04 5.657e+01  1  0   0  0   0   1         0
8452.561  8.453  0   0  4 1.814e+03 1.814e+00  4 3.106e+03 3.106e+00  1  0   0  0   0   1         0
8470.868  8.471  0   0  0 1.178e+04 1.178e+01  0 1.386e+04 1.386e+01  1  0   0  0   0   1         0
8481.183  8.481  0   0  6 4.584e+03 4.584e+00  6 1.892e+03 1.892e+00  1  0   0  0   0   1         0
8482.815  8.483  0   0  2 1.641e+02 1.641e-01  2 4.223e+03 4.223e+00  1  0   0  0   0   1         0
8453.257  8.453  0   0  4 1.684e+03 1.684e+00  4 2.525e+04 2.525e+01  1  0   0  0   0   1         0
8455.996  8.456  0   0  4 2.100e+04 2.100e+01  4 5.997e+03 5.997e+00  1  0   0  0   0   1         0
8483.185  8.483  0   0  5 9.962e+03 9.962e+00  0 8.566e+03 8.566e+00  1  0   0  0   0   1         0
8476.682  8.477  0   0  5 1.486e+02 1.486e-01  0 1.072e+04 1.072e+01  1  0   0  0   0   1         0
8491.738  8.492  0   0  1 1.084e+03 1.084e+00  0 2.759e+04 2.759e+01  1  0   0  0   0   1         0
8460.338  8.460  0   0  6 2.681e+04 2.681e+01  6 1.921e+02 1.921e-01  1  0   0  0   0   1         0
8456.070  8.456  0   0  3 1.384e+03 1.384e+00  0 2.356e+03 2.356e+00  1  0   0  0   0   1         0
8468.215  8.468  0   0  3 1.283e+01 1.283e-02  0 1.560e+04 1.560e+01  1  0   0  0   0   1         0
8481.967  8.482  0   0  3 4.576e+02 4.576e-01  0 1.748e+01 1.748e-02  1  0   0  0   0   1         0
8474.421  8.474  0   0  2 3.009e+03 3.009e+00  2 1.325e+03 1.325e+00  1  0   0  0   0   1         0
8454.974  8.455  0   0  9 9.320e+03 9.320e+00  0 1.333e+04 1.333e+01  1  0   0  0   0   1         0
8453.597  8.454  0   0  3 1.552e+04 1.552e+01  0 4.467e+04 4.467e+01  1  0   0  0   0   1         0
8483.992  8.484  0   0  2 8.609e+01 8.609e-02  2 2.184e+02 2.184e-01  1  0   0  0   0   1         0
8464.952  8.465  0   0  1 8.628e+02 8.628e-01  0 1.678e+04 1.678e+01  1  0   0  0   0   1         0
8483.583  8.484  0   0  0 5.047e+02 5.047e-01  0 1.152e+04 1.152e+01  1  0   0  0   0   1         0
8464.849  8.465  0   0  1 2.152e+03 2.152e+00  0 1.366e+02 1.366e-01  1  0   0  0   0   1         0
8465.846  8.466  0   0  5 5.034e+03 5.034e+00  0 4.009e+02 4.009e-01  1  0   0  0   0   1         0
8460.573  8.461  0   0  2 8.922e+03 8.922e+00  2 1.948e+03 1.948e+00  1  0   0  0   0   1         0
8499.194  8.499  0   0  3 3.428e+01 3.428e-02  0 1.060e+03 1.060e+00  1  0   0  0   0   1         0
8450.811  8.451  0   0  6 5.060e+01 5.060e-02  6 9.485e+04 9.485e+01  1  0   0  0   0   1         0
8456.418  8.456  0   0  3 5.008e+03 5.008e+00  0 8.484e+02 8.484e-01  1  0   0  0   0   1         0
8491.881  8.492  0   0  2 1.092e+03 1.092e+00  2 2.527e+04 2.527e+01  1  0   0  0   0   1         0
8456.967  8.457  0   0  1 5.148e-01 5.148e-04  0 8.863e+04 8.863e+01  1  0   0  0   0   1         0
8464.135  8.464  0   0  1 2.240e+03 2.240e+00  0 1.643e+04 1.643e+01  1  0   0  0   0   1         0
8535.489  8.535  0   0  0 7.890e+02 7.890e-01  0 2.556e+04 2.556e+01  1  0   0  0   0   1         0
8531.228  8.531  0   0  1 3.112e+03 3.112e+00  0 3.676e+03 3.676e+00  1  0   0  0   0   1         0
8533.869  8.534  0   0  9 3.125e+03 3.125e+00  0 4.337e+04 4.337e+01  1  0   0  0   0   1         0
8513.400  8.513  0   0  1 2.215e+02 2.215e-01  0 3.080e+04 3.080e+01  1  0   0  0   0   1         0
8540.610  8.541  0   0  1 5.711e+03 5.711e+00  0 1.255e+04 1.255e+01  1  0   0  0   0   1         0
8528.081  8.528  0   0  0 3.779e-02 3.779e-05  0 1.208e+04 1.208e+01  1  0   0  0   0   1         0
8536.350  8.536  0   0  4 2.636e+02 2.636e-01  4 2.085e+04 2.085e+01  1  0   0  0   0   1         0
8547.006  8.547  0   0  5 1.317e+03 1.317e+00  0 1.430e+03 1.430e+00  1  0   0  0   0   1         0
8542.834  8.543  0   0  1 2.282e+02 2.282e-01  0 1.035e+04 1.035e+01  1  0   0  0   0   1         0
8539.199  8.539  0   0  2 1.629e+03 1.629e+00  2 6.916e+03 6.916e+00  1  0   0  0   0   1         0
8514.582  8.515  0   0  3 4.902e+03 4.902e+00  0 4.772e+02 4.772e-01  1  0   0  0   0   1         0
8502.729  8.503  0   0  0 1.856e+03 1.856e+00  0 1.976e+03 1.976e+00  1  0   0  0   0   1         0
8528.850  8.529  0   0  2 6.280e+03 6.280e+00  2 3.381e+02 3.381e-01  1  0   0  0   0   1         0
8501.742  8.502  0   0  6 4.595e+02 4.595e-01  6 5.763e+02 5.763e-01  1  0   0  0   0   1         0
8535.808  8.536  0   0  3 3.911e+03 3.911e+00  0 5.396e+02 5.396e-01  1  0   0  0   0   1         0
8536.934  8.537  0   0  3 4.297e+02 4.297e-01  0 9.244e+01 9.244e-02  1  0   0  0   0   1         0
8528.264  8.528  0   0  2 1.683e+02 1.683e-01  2 9.044e+03 9.044e+00  1  0   0  0   0   1         0
8508.476  8.508  0   0  4 2.412e+03 2.412e+00  4 1.609e+03 1.609e+00  1  0   0  0   0   1         0
8543.838  8.544  0   0  0 5.030e+01 5.030e-02  0 7.614e+02 7.614e-01  1  0   0  0   0   1         0
8529.912  8.530  0   0  3 3.873e+01 3.873e-02  0 8.102e+03 8.102e+00  1  0   0  0   0   1         0
8525.865  8.526  0   0  5 1.043e+03 1.043e+00  0 3.177e+02 3.177e-01  1  0   0  0   0   1         0
8528.498  8.528  0   0  5 1.820e+04 1.820e+01  0 1.883e+03 1.883e+00  1  0   0  0   0   1         0
8504.181  8.504  0   0  5 9.657e+02 9.657e-01  0 1.156e+03 1.156e+00  1  0   0  0   0   1         0
8537.114  8.537  0   0  4 6.412e+03 6.412e+00  4 6.132e+04 6.132e+01  1  0   0  0   0   1         0
8503.067  8.503  0   0  3 4.211e+03 4.211e+00  0 2.372e+03 2.372e+00  1  0   0  0   0   1         0
8529.037  8.529  0   0  2 8.816e+03 8.816e+00  2 8.785e+02 8.785e-01  1  0   0  0   0   1         0
8508.531  8.509  0   0  3 4.244e+03 4.244e+00  0 1.567e+03 1.567e+00  1  0   0  0   0   1         0
8510.465  8.510  0   0  0 6.497e+03 6.497e+00  0 3.572e+04 3.572e+01  1  0   0  0   0   1         0
8511.749  8.512  0   0  3 1.398e+02 1.398e-01  0 1.175e+04 1.175e+01  1  0   0  0   0   1         0
8500.722  8.501  0   0  4 3.081e+03 3.081e+00  4 2.624e+04 2.624e+01  1  0   0  0   0   1         0
8544.638  8.545  0   0  6 1.324e+03 1.324e+00  6 1.698e+04 1.698e+01  1  0   0  0   0   1         0
8540.287  8.540  0   0  1 4.922e+01 4.922e-02  0 5.354e+02 5.354e-01  1  0   0  0   0   1         0
8501.579  8.502  0   0  1 9.016e+01 9.016e-02  0 2.450e+04 2.450e+01  1  0   0  0   0   1         0
8502.876  8.503  0   0  1 6.630e+02 6.630e-01  0 2.500e+03 2.500e+00  1  0   0  0   0   1         0
8539.225  8.539  0   0  6 6.631e+03 6.631e+00  6 3.735e+02 3.735e-01  1  0   0  0   0   1         0
8500.343  8.500  0   0  6 5.820e+01 5.820e-02  6 6.662e+02 6.662e-01  1  0   0  0   0   1         0
8523.570  8.524  0   0  1 3.574e+03 3.574e+00  0 6.067e+03 6.067e+00  1  0   0  0   0   1         0
8505.411  8.505  0   0  3 5.058e+03 5.058e+00  0 1.190e+04 1.190e+01  1  0   0  0   0   1         0
8529.698  8.530  0   0  4 1.470e+02 1.470e-01  4 3.072e+03 3.072e+00  1  0   0  0   0   1         0
8549.918  8.550  0   0  0 5.474e+03 5.474e+00  0 1.682e+03 1.682e+00  1  0   0  0   0   1         0
8508.670  8.509  0   0  4 2.432e+04 2.432e+01  4 5.983e+02 5.983e-01  1  0   0  0   0   1         0
8547.854  8.548  0   0  5 7.938e+02 7.938e-01  0 2.886e+03 2.886e+00  1  0   0  0   0   1         0
8543.330  8.543  0   0  4 8.806e+02 8.806e-01  4 1.538e+04 1.538e+01  1  0   0  0   0   1         0
8549.299  8.549  0   0  3 2.416e+03 2.416e+00  0 1.483e+03 1.483e+00  1  0   0  0   0   1         0
8538.396  8.538  0   0  7 1.212e+03 1.212e+00  0 8.869e+03 8.869e+00  1  0   0  0   0   1         0
8542.908  8.543  0   0  4 4.144e+03 4.144e+00  4 3.156e+03 3.156e+00  1  0   0  0   0   1         0
8529.846  8.530  0   0  1 3.821e+02 3.821e-01  0 1.473e+04 1.473e+01  1  0   0  0   0   1         0
8543.419  8.543  0   0  1 3.004e+01 3.004e-02  0 2.930e+04 2.930e+01  1  0   0  0   0   1         0
8505.624  8.506  0   0  5 2.294e+03 2.294e+00  0 9.402e+02 9.402e-01  1  0   0  0   0   1         0
8537.175  8.537  0   0  3 1.449e+03 1.449e+00  0 1.737e+04 1.737e+01  1  0   0  0   0   1         0
8531.549  8.532  0   0  0 6.330e+03 6.330e+00  0 1.892e+03 1.892e+00  1  0   0  0   0   1         0
8503.020  8.503  0   0  3 9.868e+02 9.868e-01  0 1.961e+03 1.961e+00  1  0   0  0   0   1         0
8514.680  8.515  0   0  1 1.956e+02 1.956e-01  0 1.495e+04 1.495e+01  1  0   0  0   0   1         0
8510.888  8.511  0   0  2 5.728e+03 5.728e+00  2 1.042e+04 1.042e+01  1  0   0  0   0   1         0
8520.375  8.520  0   0  0 8.038e+02 8.038e-01  0 3.204e+03 3.204e+00  1  0   0  0   0   1         0
8509.995  8.510  0   0  1 2.822e+03 2.822e+00  0 4.706e+01 4.706e-02  1  0   0  0   0   1         0
8513.838  8.514  0   0  1 9.703e+03 9.703e+00  0 2.097e+04 2.097e+01  1  0   0  0   0   1         0
8514.903  8.515  0   0  6 1.701e+01 1.701e-02  6 1.115e+02 1.115e-01  1  0   0  0   0   1         0
8530.106  8.530  0   0  5 3.898e+03 3.898e+00  0 6.457e+03 6.457e+00  1  0   0  0   0   1         0
8506.801  8.507  0   0  7 8.053e+01 8.053e-02  0 1.283e+04 1.283e+01  1  0   0  0   0   1         0
8512.144  8.512  0   0  2 1.416e+03 1.416e+00  2 9.573e+03 9.573e+00  1  0   0  0   0   1         0
8515.962  8.516  0   0  0 1.076e+03 1.076e+00  0 2.179e+04 2.179e+01  1  0   0  0   0   1         0
8522.573  8.523  0   0  3 6.579e+04 6.579e+01  0 2.790e+04 2.790e+01  1  0   0  0   0   1         0
8558.952  8.559  0   0  6 9.974e+01 9.974e-02  6 2.373e+02 2.373e-01  1  0   0  0   0   1         0
8598.721  8.599  0   0  3 1.080e+04 1.080e+01  0 4.089e+02 4.089e-01  1  0   0  0   0   1         0
8597.810  8.598  0   0  1 4.297e+03 4.297e+00  0 1.214e+02 1.214e-01  1  0   0  0   0   1         0
8561.313  8.561  0   0  0 1.612e+04 1.612e+01  0 1.018e+04 1.018e+01  1  0   0  0   0   1         0
8582.458  8.582  0   0  5 1.881e+01 1.881e-02  0 8.884e+00 8.884e-03  1  0   0  0   0   1         0
8583.510  8.584  0   0  3 2.215e+03 2.215e+00  0 1.050e+03 1.050e+00  1  0   0  0   0   1         0
8550.203  8.550  0   0  2 2.231e+02 2.231e-01  2 1.091e+03 1.091e+00  1  0   0  0   0   1         0
8584.540  8.585  0   0  0 4.222e+01 4.222e-02  0 8.880e+03 8.880e+00  1  0   0  0   0   1         0
8561.149  8.561  0   0  1 7.015e+03 7.015e+00  0 2.450e+04 2.450e+01  1  0   0  0   0   1         0
8595.108  8.595  0   0  0 1.199e+03 1.199e+00  0 4.654e+04 4.654e+01  1  0   0  0   0   1         0
8591.989  8.592  0   0  3 2.161e+03 2.161e+00  0 3.716e+04 3.716e+01  1  0   0  0   0   1         0
8595.305  8.595  0   0  2 1.580e+03 1.580e+00  2 2.904e+03 2.904e+00  1  0   0  0   0   1         0
8587.964  8.588  0   0  0 1.659e+03 1.659e+00  0 2.581e+04 2.581e+01  1  0   0  0   0   1         0
8558.311  8.558  0   0  7 5.096e+03 5.096e+00  0 2.085e+02 2.085e-01  1  0   0  0   0   1         0
8568.137  8.568  0   0  4 1.042e+04 1.042e+01  4 1.465e+04 1.465e+01  1  0   0  0   0   1         0
8585.544  8.586  0   0  0 2.829e+01 2.829e-02  0 5.076e+03 5.076e+00  1  0   0  0   0   1         0
8566.270  8.566  0   0  0 3.139e+03 3.139e+00  0 9.649e+01 9.649e-02  1  0   0  0   0   1         0
8585.599  8.586  0   0  3 1.979e+04 1.979e+01  0 3.279e+03 3.279e+00  1  0   0  0   0   1         0
8566.914  8.567  0   0  5 6.162e+03 6.162e+00  0 3.174e+02 3.174e-01  1  0   0  0   0   1         0
8558.956  8.559  0   0  2 1.295e+04 1.295e+01  2 6.056e+01 6.056e-02  1  0   0  0   0   1         0
8576.027  8.576  0   0  4 2.398e+03 2.398e+00  4 2.555e+01 2.555e-02  1  0   0  0   0   1         0
8584.413  8.584  0   0  3 1.419e+03 1.419e+00  0 6.623e+04 6.623e+01  1  0   0  0   0   1         0
8575.978  8.576  0   0  2 2.831e+03 2.831e+00  2 1.042e+04 1.042e+01  1  0   0  0   0   1         0
8582.202  8.582  0   0  2 6.668e+03 6.668e+00  2 1.470e+04 1.470e+01  1  0   0  0   0   1         0
8572.019  8.572  0   0  6 1.299e+02 1.299e-01  6 2.482e+02 2.482e-01  1  0   0  0   0   1         0
8588.998  8.589  0   0  4 2.241e+03 2.241e+00  4 1.092e+04 1.092e+01  1  0   0  0   0   1         0
8582.606  8.583  0   0  3 2.677e+03 2.677e+00  0 5.965e+03 5.965e+00  1  0   0  0   0   1         0
8578.846  8.579  0   0  2 1.893e+02 1.893e-01  2 2.716e+04 2.716e+01  1  0   0  0   0   1         0
8571.885  8.572  0   0  5 3.403e+04 3.403e+01  0 1.224e+03 1.224e+00  1  0   0  0   0   1         0
8576.904  8.577  0   0  6 5.222e+03 5.222e+00  6 4.018e+04 4.018e+01  1  0   0  0   0   1         0
8552.574  8.553  0   0  2 5.251e+04 5.251e+01  2 2.163e+04 2.163e+01  1  0   0  0   0   1         0
8583.441  8.583  0   0  0 7.705e+03 7.705e+00  0 2.811e+04 2.811e+01  1  0   0  0   0   1         0
8560.298  8.560  0   0  5 7.890e+03 7.890e+00  0 1.806e+03 1.806e+00  1  0   0  0   0   1         0
8593.064  8.593  0   0  0 1.036e+04 1.036e+01  0 8.092e+03 8.092e+00  1  0   0  0   0   1         0
8590.689  8.591  0   0  3 1.974e+03 1.974e+00  0 1.971e+04 1.971e+01  1  0   0  0   0   1         0
8576.516  8.577  0   0  0 4.055e+03 4.055e+00  0 5.781e+01 5.781e-02  1  0   0  0   0   1         0
8592.417  8.592  0   0  3 3.771e+01 3.771e-02  0 4.773e+03 4.773e+00  1  0   0  0   0   1         0
8583.645  8.584  0   0  2 1.413e+02 1.413e-01  2 4.065e+03 4.065e+00  1  0   0  0   0   1         0
8557.121  8.557  0   0  6 8.228e+03 8.228e+00  6 1.486e+03 1.486e+00  1  0   0  0   0   1         0
8587.129  8.587  0   0  4 7.743e+03 7.743e+00  4 2.328e+03 2.328e+00  1  0   0  0   0   1         0
8599.792  8.600  0   0  4 4.286e-02 4.286e-05  4 1.690e+04 1.690e+01  1  0   0  0   0   1         0
8552.068  8.552  0   0  2 3.231e+02 3.231e-01  2 2.304e+04 2.304e+01  1  0   0  0   0   1         0
8562.334  8.562  0   0  3 4.102e+03 4.102e+00  0 2.264e+04 2.264e+01  1  0   0  0   0   1         0
8580.001  8.580  0   0  5 1.519e+03 1.519e+00  0 8.691e+03 8.691e+00  1  0   0  0   0   1         0
8570.875  8.571  0   0  0 4.266e+01 4.266e-02  0 1.843e+03 1.843e+00  1  0   0  0   0   1         0
8581.987  8.582  0   0 11 1.973e+02 1.973e-01  0 1.206e+04 1.206e+01  1  0   0  0   0   1         0
8579.435  8.579  0   0  7 5.795e+03 5.795e+00  0 9.016e+02 9.016e-01  1  0   0  0   0   1         0
8589.478  8.589  0   0  6 6.773e+02 6.773e-01  6 2.996e+03 2.996e+00  1  0   0  0   0   1         0
8553.576  8.554  0   0  2 1.500e+04 1.500e+01  2 1.509e+03 1.509e+00  1  0   0  0   0   1         0
8572.148  8.572  0   0  5 1.913e+03 1.913e+00  0 2.089e+04 2.089e+01  1  0   0  0   0   1         0
8593.059  8.593  0   0  3 8.720e+03 8.720e+00  0 1.713e+02 1.713e-01  1  0   0  0   0   1         0
8568.248  8.568  0   0  2 6.051e+02 6.051e-01  2 8.648e+03 8.648e+00  1  0   0  0   0   1         0
8575.308  8.575  0   0  1 1.402e+03 1.402e+00  0 3.246e+04 3.246e+01  1  0   0  0   0   1         0
8551.089  8.551  0   0  5 1.529e+04 1.529e+01  0 9.770e+01 9.770e-02  1  0   0  0   0   1         0
8561.291  8.561  0   0  3 3.991e+01 3.991e-02  0 6.926e+02 6.926e-01  1  0   0  0   0   1         0
8573.301  8.573  0   0  1 9.607e+03 9.607e+00  0 2.127e+03 2.127e+00  1  0   0  0   0   1         0
8570.062  8.570  0   0  1 7.709e+02 7.709e-01  0 3.026e+02 3.026e-01  1  0   0  0   0   1         0
8585.829  8.586  0   0  7 1.566e+03 1.566e+00  0 3.318e+02 3.318e-01  1  0   0  0   0   1         0
8580.706  8.581  0   0  2 4.894e+03 4.894e+00  2 3.123e+04 3.123e+01  1  0   0  0   0   1         0
8594.064  8.594  0   0  3 2.015e+03 2.015e+00  0 1.351e+04 1.351e+01  1  0   0  0   0   1         0
8592.797  8.593  0   0  5 2.289e+03 2.289e+00  0 3.036e+03 3.036e+00  1  0   0  0   0   1         0
8562.148  8.562  0   0  3 9.894e+03 9.894e+00  0 8.425e+03 8.425e+00  1  0   0  0   0   1         0
8550.890  8.551  0   0  9 9.720e-01 9.720e-04  0 1.247e+03 1.247e+00  1  0   0  0   0   1         0
8592.782  8.593  0   0  0 5.428e+02 5.428e-01  0 3.965e+04 3.965e+01  1  0   0  0   0   1         0
8566.561  8.567  0   0  4 4.912e+03 4.912e+00  4 4.037e+00 4.037e-03  1  0   0  0   0   1         0
8567.463  8.567  0   0  2 2.359e+04 2.359e+01  2 1.163e+04 1.163e+01  1  0   0  0   0   1         0
8557.983  8.558  0   0  6 8.231e+02 8.231e-01  6 7.936e+03 7.936e+00  1  0   0  0   0   1         0
8584.751  8.585  0   0  4 5.445e+02 5.445e-01  4 9.448e+03 9.448e+00  1  0   0  0   0   1         0
8564.102  8.564  0   0  5 8.472e+02 8.472e-01  0 8.582e+03 8.582e+00  1  0   0  0   0   1         0
8558.906  8.559  0   0  2 2.435e+03 2.435e+00  2 1.559e+04 1.559e+01  1  0   0  0   0   1         0
8575.288  8.575  0   0  0 1.411e+04 1.411e+01  0 4.143e+03 4.143e+00  1  0   0  0   0   1         0
8587.609  8.588  0   0  1 1.623e+03 1.623e+00  0 9.106e+02 9.106e-01  1  0   0  0   0   1         0
8563.574  8.564  0   0  2 9.487e+03 9.487e+00  2 1.029e+02 1.029e-01  1  0   0  0   0   1         0
8586.197  8.586  0   0  1 5.301e+03 5.301e+00  0 1.567e+04 1.567e+01  1  0   0  0   0   1         0
8573.217  8.573  0   0  5 7.791e+03 7.791e+00  0 1.249e+04 1.249e+01  1  0   0  0   0   1         0
8570.303  8.570  0   0  0 5.589e+03 5.589e+00  0 1.028e+03 1.028e+00  1  0   0  0   0   1         0
8568.086  8.568  0   0  0 6.414e+03 6.414e+00  0 1.963e+03 1.963e+00  1  0   0  0   0   1         0
8557.338  8.557  0   0  5 6.661e+03 6.661e+00  0 5.030e+03 5.030e+00  1  0   0  0   0   1         0
8566.737  8.567  0   0  2 1.365e+03 1.365e+00  2 5.308e+04 5.308e+01  1  0   0  0   0   1         0
8610.403  8.610  0   0  3 3.642e+03 3.642e+00  0 1.159e+04 1.159e+01  1  0   0  0   0   1         0
8628.685  8.629  0   0  3 2.510e+03 2.510e+00  0 5.725e+02 5.725e-01  1  0   0  0   0   1         0
8628.901  8.629  0   0  0 6.569e+03 6.569e+00  0 2.242e+03 2.242e+00  1  0   0  0   0   1         0
8608.870  8.609  0   0  5 2.799e+03 2.799e+00  0 2.220e+04 2.220e+01  1  0   0  0   0   1         0
8629.194  8.629  0   0  3 3.306e+03 3.306e+00  0 5.039e+04 5.039e+01  1  0   0  0   0   1         0
8618.246  8.618  0   0  0 2.196e+03 2.196e+00  0 1.888e+03 1.888e+00  1  0   0  0   0   1         0
8647.145  8.647  0   0  0 1.351e+03 1.351e+00  0 2.442e+02 2.442e-01  1  0   0  0   0   1         0
8612.849  8.613  0   0  1 2.290e+02 2.290e-01  0 3.903e+01 3.903e-02  1  0   0  0   0   1         0
8641.812  8.642  0   0  2 1.274e+03 1.274e+00  2 6.968e+03 6.968e+00  1  0   0  0   0   1         0
8644.885  8.645  0   0  3 7.966e+03 7.966e+00  0 8.956e+03 8.956e+00  1  0   0  0   0   1         0
8636.884  8.637  0   0  6 2.367e+03 2.367e+00  6 4.160e+03 4.160e+00  1  0   0  0   0   1         0
8610.813  8.611  0   0  0 2.461e+04 2.461e+01  0 2.894e+04 2.894e+01  1  0   0  0   0   1         0
8613.108  8.613  0   0  1 1.077e+03 1.077e+00  0 5.093e+03 5.093e+00  1  0   0  0   0   1         0
8648.569  8.649  0   0  6 2.342e+03 2.342e+00  6 8.058e+03 8.058e+00  1  0   0  0   0   1         0
8603.824  8.604  0   0  4 5.526e+01 5.526e-02  4 5.905e+03 5.905e+00  1  0   0  0   0   1         0
8605.903  8.606  0   0  6 7.911e+02 7.911e-01  6 6.293e+02 6.293e-01  1  0   0  0   0   1         0
8648.938  8.649  0   0  1 2.688e+03 2.688e+00  0 5.873e+03 5.873e+00  1  0   0  0   0   1         0
8638.925  8.639  0   0  0 9.219e+03 9.219e+00  0 8.396e+02 8.396e-01  1  0   0  0   0   1         0
8637.407  8.637  0   0  7 4.190e+03 4.190e+00  0 4.899e+03 4.899e+00  1  0   0  0   0   1         0
8608.073  8.608  0   0  2 8.538e+01 8.538e-02  2 2.223e+03 2.223e+00  1  0   0  0   0   1         0
8624.563  8.625  0   0  2 5.630e+02 5.630e-01  2 2.449e+04 2.449e+01  1  0   0  0   0   1         0
8642.100  8.642  0   0  7 9.449e+02 9.449e-01  0 5.824e+03 5.824e+00  1  0   0  0   0   1         0
8616.546  8.617  0   0  6 4.290e+03 4.290e+00  6 1.853e+03 1.853e+00  1  0   0  0   0   1         0
8609.711  8.610  0   0  4 2.543e+03 2.543e+00  4 9.952e+01 9.952e-02  1  0   0  0   0   1         0
8600.552  8.601  0   0  7 9.997e+02 9.997e-01  0 5.559e+03 5.559e+00  1  0   0  0   0   1         0
8631.236  8.631  0   0  1 8.565e+02 8.565e-01  0 1.012e+04 1.012e+01  1  0   0  0   0   1         0
8614.787  8.615  0   0  2 1.617e+03 1.617e+00  2 1.033e+04 1.033e+01  1  0   0  0   0   1         0
8643.238  8.643  0   0  8 2.884e+03 2.884e+00  8 9.707e+03 9.707e+00  1  0   0  0   0   1         0
8614.271  8.614  0   0  4 1.256e+02 1.256e-01  4 9.897e+03 9.897e+00  1  0   0  0   0   1         0
8607.639  8.608  0   0  2 2.153e+03 2.153e+00  2 1.672e+04 1.672e+01  1  0   0  0   0   1         0
8648.040  8.648  0   0  2 7.534e+03 7.534e+00  2 1.440e+03 1.440e+00  1  0   0  0   0   1         0
8648.254  8.648  0   0  1 6.926e+00 6.926e-03  0 9.426e+03 9.426e+00  1  0   0  0   0   1         0
8634.351  8.634  0   0  2 4.942e+04 4.942e+01  2 1.866e+04 1.866e+01  1  0   0  0   0   1         0
8646.450  8.646  0   0  5 9.965e+03 9.965e+00  0 9.686e+03 9.686e+00  1  0   0  0   0   1         0
8608.155  8.608  0   0  2 7.681e+03 7.681e+00  2 4.816e+03 4.816e+00  1  0   0  0   0   1         0
8623.133  8.623  0   0  1 1.932e+02 1.932e-01  0 7.432e+02 7.432e-01  1  0   0  0   0   1         0
8610.284  8.610  0   0  4 2.662e+03 2.662e+00  4 3.109e+01 3.109e-02  1  0   0  0   0   1         0
8624.055  8.624  0   0  3 9.861e+02 9.861e-01  0 6.346e+03 6.346e+00  1  0   0  0   0   1         0
8639.635  8.640  0   0  0 1.096e+02 1.096e-01  0 1.287e+03 1.287e+00  1  0   0  0   0   1         0
8642.307  8.642  0   0  0 1.291e+02 1.291e-01  0 1.920e+04 1.920e+01  1  0   0  0   0   1         0
8600.210  8.600  0   0  1 8.830e+03 8.830e+00  0 1.602e+04 1.602e+01  1  0   0  0   0   1         0
8619.586  8.620  0   0  3 7.906e+03 7.906e+00  0 1.748e+04 1.748e+01  1  0   0  0   0   1         0
8649.706  8.650  0   0  3 3.868e+03 3.868e+00  0 1.394e+03 1.394e+00  1  0   0  0   0   1         0
8629.578  8.630  0   0  8 1.469e+03 1.469e+00  8 6.720e+03 6.720e+00  1  0   0  0   0   1         0
8614.907  8.615  0   0  4 6.216e+01 6.216e-02  4 1.236e+04 1.236e+01  1  0   0  0   0   1         0
8619.561  8.620  0   0  3 6.769e+03 6.769e+00  0 6.180e+02 6.180e-01  1  0   0  0   0   1         0
8616.230  8.616  0   0  6 2.953e+02 2.953e-01  6 7.320e+03 7.320e+00  1  0   0  0   0   1         0
8622.495  8.622  0   0  4 1.382e+04 1.382e+01  4 3.166e+02 3.166e-01  1  0   0  0   0   1         0
8622.339  8.622  0   0  3 2.251e+03 2.251e+00  0 1.739e+04 1.739e+01  1  0   0  0   0   1         0
8625.460  8.625  0   0  2 2.057e+04 2.057e+01  2 2.376e+02 2.376e-01  1  0   0  0   0   1         0
8623.341  8.623  0   0  3 6.095e+01 6.095e-02  0 1.838e+04 1.838e+01  1  0   0  0   0   1         0
8625.922  8.626  0   0  6 2.749e+04 2.749e+01  6 1.631e+02 1.631e-01  1  0   0  0   0   1         0
8601.412  8.601  0   0  4 1.573e+03 1.573e+00  4 1.014e+04 1.014e+01  1  0   0  0   0   1         0
8602.745  8.603  0   0  1 7.812e+02 7.812e-01  0 2.150e+04 2.150e+01  1  0   0  0   0   1         0
8618.666  8.619  0   0  4 4.831e+03 4.831e+00  4 3.226e+01 3.226e-02  1  0   0  0   0   1         0
8644.294  8.644  0   0  1 3.914e+01 3.914e-02  0 1.770e+04 1.770e+01  1  0   0  0   0   1         0
8639.618  8.640  0   0  0 1.476e+02 1.476e-01  0 1.570e+03 1.570e+00  1  0   0  0   0   1         0
8605.554  8.606  0   0  1 2.348e+03 2.348e+00  0 6.521e+03 6.521e+00  1  0   0  0   0   1         0
8694.884  8.695  0   0  1 9.024e+03 9.024e+00  0 5.578e+04 5.578e+01  1  0   0  0   0   1         0
8696.426  8.696  0   0  6 2.880e+03 2.880e+00  6 1.524e+04 1.524e+01  1  0   0  0   0   1         0
8685.746  8.686  0   0  0 6.930e+02 6.930e-01  0 1.644e+02 1.644e-01  1  0   0  0   0   1         0
8660.862  8.661  0   0  2 1.406e+04 1.406e+01  2 1.732e+03 1.732e+00  1  0   0  0   0   1         0
8673.809  8.674  0   0  0 6.275e+03 6.275e+00  0 7.703e+03 7.703e+00  1  0   0  0   0   1         0
8665.368  8.665  0   0  1 4.085e+01 4.085e-02  0 3.563e+03 3.563e+00  1  0   0  0   0   1         0
8689.987  8.690  0   0  2 8.763e+01 8.763e-02  2 4.823e+03 4.823e+00  1  0   0  0   0   1         0
8651.472  8.651  0   0 10 6.668e+03 6.668e+00 10 9.187e+03 9.187e+00  1  0   0  0   0   1         0
8683.226  8.683  0   0  1 2.422e+03 2.422e+00  0 9.613e+02 9.613e-01  1  0   0  0   0   1         0
8666.262  8.666  0   0  1 9.316e+03 9.316e+00  0 1.001e+04 1.001e+01  1  0   0  0   0   1         0
8674.164  8.674  0   0  5 1.009e+04 1.009e+01  0 2.686e+03 2.686e+00  1  0   0  0   0   1         0
8666.250  8.666  0   0  4 8.334e+03 8.334e+00  4 1.102e+03 1.102e+00  1  0   0  0   0   1         0
8668.346  8.668  0   0  7 2.965e+03 2.965e+00  0 7.656e+03 7.656e+00  1  0   0  0   0   1         0
8683.818  8.684  0   0  5 6.528e+02 6.528e-01  0 1.849e+03 1.849e+00  1  0   0  0   0   1         0
8679.884  8.680  0   0  5 1.003e+03 1.003e+00  0 1.023e+04 1.023e+01  1  0   0  0   0   1         0
8662.289  8.662  0   0  3 1.611e+03 1.611e+00  0 6.396e+03 6.396e+00  1  0   0  0   0   1         0
8652.201  8.652  0   0  4 4.264e+01 4.264e-02  4 7.856e+03 7.856e+00  1  0   0  0   0   1         0
8692.857  8.693  0   0  1 1.807e+03 1.807e+00  0 3.506e+03 3.506e+00  1  0   0  0   0   1         0
8674.730  8.675  0   0  1 7.597e+03 7.597e+00  0 4.843e+02 4.843e-01  1  0   0  0   0   1         0
8681.044  8.681  0   0  3 4.824e+02 4.824e-01  0 2.630e+03 2.630e+00  1  0   0  0   0   1         0
8674.539  8.675  0   0  1 5.955e+03 5.955e+00  0 4.540e+04 4.540e+01  1  0   0  0   0   1         0
8681.055  8.681  0   0  3 3.162e+03 3.162e+00  0 5.403e+02 5.403e-01  1  0   0  0   0   1         0
8681.455  8.681  0   0  3 1.178e+04 1.178e+01  0 1.206e+02 1.206e-01  1  0   0  0   0   1         0
8650.759  8.651  0   0  2 1.257e+02 1.257e-01  2 1.310e+04 1.310e+01  1  0   0  0   0   1         0
8676.777  8.677  0   0  5 4.471e+03 4.471e+00  0 6.023e+03 6.023e+00  1  0   0  0   0   1         0
8675.220  8.675  0   0  8 1.813e+03 1.813e+00  8 1.341e+04 1.341e+01  1  0   0  0   0   1         0
8654.831  8.655  0   0  0 1.556e+04 1.556e+01  0 2.272e+02 2.272e-01  1  0   0  0   0   1         0
8687.380  8.687  0   0  1 2.757e+02 2.757e-01  0 1.851e+01 1.851e-02  1  0   0  0   0   1         0
8661.876  8.662  0   0  2 2.292e+03 2.292e+00  2 1.505e+02 1.505e-01  1  0   0  0   0   1         0
8652.750  8.653  0   0  2 3.946e+03 3.946e+00  2 9.663e+02 9.663e-01  1  0   0  0   0   1         0
8690.230  8.690  0   0  2 5.491e+02 5.491e-01  2 2.911e+00 2.911e-03  1  0   0  0   0   1         0
8693.309  8.693  0   0  3 2.166e+03 2.166e+00  0 2.401e+04 2.401e+01  1  0   0  0   0   1         0
8662.119  8.662  0   0  3 9.854e+03 9.854e+00  0 2.116e+03 2.116e+00  1  0   0  0   0   1         0
8684.475  8.684  0   0  4 2.620e+03 2.620e+00  4 4.180e+04 4.180e+01  1  0   0  0   0   1         0
8650.250  8.650  0   0  7 1.871e+03 1.871e+00  0 3.933e+04 3.933e+01  1  0   0  0   0   1         0
8686.149  8.686  0   0  5 7.701e+01 7.701e-02  0 2.602e+03 2.602e+00  1  0   0  0   0   1         0
8673.355  8.673  0   0  0 2.538e+03 2.538e+00  0 2.627e+04 2.627e+01  1  0   0  0   0   1         0
8689.699  8.690  0   0  3 2.808e+02 2.808e-01  0 4.231e+04 4.231e+01  1  0   0  0   0   1         0
8669.761  8.670  0   0  1 1.408e+03 1.408e+00  0 1.636e+02 1.636e-01  1  0   0  0   0   1         0
8667.658  8.668  0   0  2 5.296e+02 5.296e-01  2 3.844e+03 3.844e+00  1  0   0  0   0   1         0
8692.100  8.692  0   0  1 1.976e+04 1.976e+01  0 2.010e+04 2.010e+01  1  0   0  0   0   1         0
8651.949  8.652  0   0  5 7.697e+03 7.697e+00  0 6.024e+03 6.024e+00  1  0   0  0   0   1         0
8659.428  8.659  0   0  4 1.183e+04 1.183e+01  4 1.528e+04 1.528e+01  1  0   0  0   0   1         0
8670.717  8.671  0   0  4 9.907e+02 9.907e-01  4 1.086e+03 1.086e+00  1  0   0  0   0   1         0
8679.927  8.680  0   0  1 9.114e+03 9.114e+00  0 4.379e-02 4.379e-05  1  0   0  0   0   1         0
8650.258  8.650  0   0  3 2.134e+04 2.134e+01  0 9.465e+02 9.465e-01  1  0   0  0   0   1         0
8678.869  8.679  0   0  4 4.104e+01 4.104e-02  4 9.276e+02 9.276e-01  1  0   0  0   0   1         0
8669.032  8.669  0   0  0 4.000e+03 4.000e+00  0 1.091e+03 1.091e+00  1  0   0  0   0   1         0
8681.606  8.682  0   0  4 7.502e+02 7.502e-01  4 1.262e+02 1.262e-01  1  0   0  0   0   1         0
8695.387  8.695  0   0  1 9.857e+00 9.857e-03  0 3.343e+02 3.343e-01  1  0   0  0   0   1         0
8672.156  8.672  0   0  2 1.598e+03 1.598e+00  2 5.100e+03 5.100e+00  1  0   0  0   0   1         0
8677.842  8.678  0   0  7 4.372e+01 4.372e-02  0 7.701e+02 7.701e-01  1  0   0  0   0   1         0
8673.253  8.673  0   0  3 7.176e+03 7.176e+00  0 1.356e+03 1.356e+00  1  0   0  0   0   1         0
8655.974  8.656  0   0  1 2.465e+03 2.465e+00  0 3.349e+03 3.349e+00  1  0   0  0   0   1         0
8689.730  8.690  0   0  0 2.993e+01 2.993e-02  0 6.572e+02 6.572e-01  1  0   0  0   0   1         0
8694.306  8.694  0   0  3 3.705e+02 3.705e-01  0 3.954e+03 3.954e+00  1  0   0  0   0   1         0
8690.643  8.691  0   0  2 2.334e+04 2.334e+01  2 2.254e+03 2.254e+00  1  0   0  0   0   1         0
8697.402  8.697  0   0  5 9.601e+02 9.601e-01  0 2.381e+04 2.381e+01  1  0   0  0   0   1         0
8673.515  8.674  0   0  1 2.711e+03 2.711e+00  0 6.653e+03 6.653e+00  1  0   0  0   0   1         0
8682.719  8.683  0   0  7 1.295e+02 1.295e-01  0 3.314e+02 3.314e-01  1  0   0  0   0   1         0
8658.481  8.658  0   0  3 6.693e+02 6.693e-01  0 3.012e+04 3.012e+01  1  0   0  0   0   1         0
8698.851  8.699  0   0  0 3.062e+01 3.062e-02  0 1.064e+04 1.064e+01  1  0   0  0   0   1         0
8679.139  8.679  0   0  1 5.855e+03 5.855e+00  0 1.125e+02 1.125e-01  1  0   0  0   0   1         0
8727.068  8.727  0   0  4 1.226e+04 1.226e+01  4 2.132e+03 2.132e+00  1  0   0  0   0   1         0
8748.296  8.748  0   0  9 2.977e+03 2.977e+00  0 1.983e+04 1.983e+01  1  0   0  0   0   1         0
8729.719  8.730  0   0  2 4.240e+03 4.240e+00  2 4.900e+02 4.900e-01  1  0   0  0   0   1         0
8710.490  8.710  0   0  6 6.114e+03 6.114e+00  6 1.358e+03 1.358e+00  1  0   0  0   0   1         0
8741.672  8.742  0   0  2 6.219e+02 6.219e-01  2 1.285e+04 1.285e+01  1  0   0  0   0   1         0
8714.667  8.715  0   0  1 9.181e+02 9.181e-01  0 5.493e+02 5.493e-01  1  0   0  0   0   1         0
8747.981  8.748  0   0  2 3.321e+02 3.321e-01  2 2.009e+03 2.009e+00  1  0   0  0   0   1         0
8716.364  8.716  0   0  0 3.115e+03 3.115e+00  0 5.809e+03 5.809e+00  1  0   0  0   0   1         0
8745.512  8.746  0   0  0 2.152e+01 2.152e-02  0 4.582e+03 4.582e+00  1  0   0  0   0   1         0
8743.995  8.744  0   0  5 7.544e+03 7.544e+00  0 3.441e+04 3.441e+01  1  0   0  0   0   1         0
8743.252  8.743  0   0  4 8.229e+03 8.229e+00  4 5.832e+04 5.832e+01  1  0   0  0   0   1         0
8701.986  8.702  0   0  3 4.712e+02 4.712e-01  0 2.131e+03 2.131e+00  1  0   0  0   0   1         0
8742.550  8.743  0   0  0 9.121e+03 9.121e+00  0 1.823e+02 1.823e-01  1  0   0  0   0   1         0
8736.155  8.736  0   0  5 1.146e+02 1.146e-01  0 3.154e+03 3.154e+00  1  0   0  0   0   1         0
8716.815  8.717  0   0  3 1.793e+02 1.793e-01  0 1.710e+04 1.710e+01  1  0   0  0   0   1         0
8724.617  8.725  0   0  5 2.377e+02 2.377e-01  0 1.711e+04 1.711e+01  1  0   0  0   0   1         0
8732.099  8.732  0   0  0 9.352e+01 9.352e-02  0 5.085e+03 5.085e+00  1  0   0  0   0   1         0
8747.200  8.747  0   0  5 6.065e+03 6.065e+00  0 1.144e+04 1.144e+01  1  0   0  0   0   1         0
8739.081  8.739  0   0  0 9.546e+03 9.546e+00  0 8.115e+02 8.115e-01  1  0   0  0   0   1         0
8721.535  8.722  0   0  5 1.393e+03 1.393e+00  0 4.076e+04 4.076e+01  1  0   0  0   0   1         0
8732.373  8.732  0   0  3 1.968e+02 1.968e-01  0 3.340e+02 3.340e-01  1  0   0  0   0   1         0
8709.362  8.709  0   0  4 6.360e+02 6.360e-01  4 7.561e+03 7.561e+00  1  0   0  0   0   1         0
8721.307  8.721  0   0  4 3.299e+03 3.299e+00  4 4.276e+04 4.276e+01  1  0   0  0   0   1         0
8739.639  8.740  0   0  3 1.917e+04 1.917e+01  0 5.790e+02 5.790e-01  1  0   0  0   0   1         0
8730.436  8.730  0   0  3 1.086e+03 1.086e+00  0 5.616e+03 5.616e+00  1  0   0  0   0   1         0
8739.238  8.739  0   0  2 5.244e+03 5.244e+00  2 2.805e+03 2.805e+00  1  0   0  0   0   1         0
8725.603  8.726  0   0  2 4.052e+03 4.052e+00  2 3.017e+04 3.017e+01  1  0   0  0   0   1         0
8719.113  8.719  0   0  3 1.409e+04 1.409e+01  0 6.522e+03 6.522e+00  1  0   0  0   0   1         0
8737.212  8.737  0   0  4 7.656e+03 7.656e+00  4 3.151e+04 3.151e+01  1  0   0  0   0   1         0
8704.726  8.705  0   0  7 2.001e+03 2.001e+00  0 1.745e+04 1.745e+01  1  0   0  0   0   1         0
8748.940  8.749  0   0  2 1.109e+04 1.109e+01  2 7.242e+03 7.242e+00  1  0   0  0   0   1         0
8747.440  8.747  0   0  4 9.854e+02 9.854e-01  4 2.359e+03 2.359e+00  1  0   0  0   0   1         0
8744.065  8.744  0   0  2 3.070e+01 3.070e-02  2 1.363e+02 1.363e-01  1  0   0  0   0   1         0
8744.259  8.744  0   0  0 2.490e+04 2.490e+01  0 3.188e+03 3.188e+00  1  0   0  0   0   1         0
8725.665  8.726  0   0  0 5.498e+03 5.498e+00  0 8.643e+03 8.643e+00  1  0   0  0   0   1         0
8725.009  8.725  0   0  0 4.797e+03 4.797e+00  0 9.736e+02 9.736e-01  1  0   0  0   0   1         0
8741.070  8.741  0   0  0 1.057e+03 1.057e+00  0 8.132e+03 8.132e+00  1  0   0  0   0   1         0
8714.254  8.714  0   0  4 4.332e+03 4.332e+00  4 6.766e+03 6.766e+00  1  0   0  0   0   1         0
8742.553  8.743  0   0  4 6.422e+02 6.422e-01  4 1.610e+03 1.610e+00  1  0   0  0   0   1         0
8710.116  8.710  0   0  4 1.906e+03 1.906e+00  4 1.516e+02 1.516e-01  1  0   0  0   0   1         0
8744.003  8.744  0   0  3 5.152e+01 5.152e-02  0 5.997e+03 5.997e+00  1  0   0  0   0   1         0
8727.166  8.727  0   0  2 7.658e+00 7.658e-03  2 9.803e+03 9.803e+00  1  0   0  0   0   1         0
8742.219  8.742  0   0  3 1.458e+04 1.458e+01  0 3.252e+03 3.252e+00  1  0   0  0   0   1         0
8724.769  8.725  0   0  2 1.845e+03 1.845e+00  2 7.430e+03 7.430e+00  1  0   0  0   0   1         0
8730.528  8.731  0   0  3 3.720e+02 3.720e-01  0 7.190e+02 7.190e-01  1  0   0  0   0   1         0
8746.370  8.746  0   0  1 4.140e+00 4.140e-03  0 9.303e+03 9.303e+00  1  0   0  0   0   1         0
8721.020  8.721  0   0  4 2.038e+02 2.038e-01  4 4.738e+04 4.738e+01  1  0   0  0   0   1         0
8711.092  8.711  0   0  2 1.685e+03 1.685e+00  2 5.801e+03 5.801e+00  1  0   0  0   0   1         0
8704.586  8.705  0   0  0 1.643e+02 1.643e-01  0 7.741e+03 7.741e+00  1  0   0  0   0   1         0
8729.607  8.730  0   0  1 1.457e+02 1.457e-01  0 3.151e+04 3.151e+01  1  0   0  0   0   1         0
8730.661  8.731  0   0  4 7.660e+02 7.660e-01  4 4.878e+03 4.878e+00  1  0   0  0   0   1         0
8731.141  8.731  0   0  0 2.175e+03 2.175e+00  0 1.791e+04 1.791e+01  1  0   0  0   0   1         0
8701.874  8.702  0   0  1 1.150e+04 1.150e+01  0 1.574e+03 1.574e+00  1  0   0  0   0   1         0
8701.383  8.701  0   0  2 4.031e+03 4.031e+00  2 4.371e+03 4.371e+00  1  0   0  0   0   1         0
8744.812  8.745  0   0  3 3.639e+03 3.639e+00  0 7.423e+02 7.423e-01  1  0   0  0   0   1         0
8734.870  8.735  0   0  4 4.004e+02 4.004e-01  4 2.606e+03 2.606e+00  1  0   0  0   0   1         0
8705.711  8.706  0   0  1 1.892e+02 1.892e-01  0 2.808e+04 2.808e+01  1  0   0  0   0   1         0
8703.763  8.704  0   0  0 7.368e+01 7.368e-02  0 1.580e+03 1.580e+00  1  0   0  0   0   1         0
8708.154  8.708  0   0  3 1.180e+04 1.180e+01  0 7.476e+04 7.476e+01  1  0   0  0   0   1         0
8740.416  8.740  0   0  4 2.118e+02 2.118e-01  4 2.044e+04 2.044e+01  1  0   0  0   0   1         0
8736.244  8.736  0   0  3 6.306e+03 6.306e+00  0 1.092e+03 1.092e+00  1  0   0  0   0   1         0
8732.036  8.732  0   0  2 2.479e+02 2.479e-01  2 5.839e+03 5.839e+00  1  0   0  0   0   1         0
8759.533  8.760  0   0  1 2.974e-03 2.974e-06  0 1.445e+04 1.445e+01  1  0   0  0   0   1         0
8762.138  8.762  0   0  3 1.898e+03 1.898e+00  0 1.666e+04 1.666e+01  1  0   0  0   0   1         0
8784.729  8.785  0   0  5 4.312e+02 4.312e-01  0 2.231e+04 2.231e+01  1  0   0  0   0   1         0
8792.650  8.793  0   0  3 2.323e+03 2.323e+00  0 5.598e+02 5.598e-01  1  0   0  0   0   1         0
8758.925  8.759  0   0  4 2.011e+02 2.011e-01  4 6.355e+03 6.355e+00  1  0   0  0   0   1         0
8790.684  8.791  0   0  5 2.317e+02 2.317e-01  0 1.432e+04 1.432e+01  1  0   0  0   0   1         0
8789.478  8.789  0   0  3 2.872e+03 2.872e+00  0 1.850e+04 1.850e+01  1  0   0  0   0   1         0
8790.812  8.791  0   0  4 4.324e+03 4.324e+00  4 2.873e+04 2.873e+01  1  0   0  0   0   1         0
8779.194  8.779  0   0  5 3.369e+02 3.369e-01  0 3.418e+03 3.418e+00  1  0   0  0   0   1         0
8767.693  8.768  0   0  1 3.553e+01 3.553e-02  0 1.277e+04 1.277e+01  1  0   0  0   0   1         0
8788.628  8.789  0   0  0 2.301e+04 2.301e+01  0 1.434e+03 1.434e+00  1  0   0  0   0   1         0
8774.107  8.774  0   0  3 3.163e+03 3.163e+00  0 7.371e+03 7.371e+00  1  0   0  0   0   1         0
8761.170  8.761  0   0  9 2.928e+03 2.928e+00  0 1.391e+04 1.391e+01  1  0   0  0   0   1         0
8770.226  8.770  0   0  0 1.553e+02 1.553e-01  0 1.514e+03 1.514e+00  1  0   0  0   0   1         0
8772.995  8.773  0   0  4 1.962e+02 1.962e-01  4 1.214e+03 1.214e+00  1  0   0  0   0   1         0
8775.377  8.775  0   0  6 2.579e+02 2.579e-01  6 5.800e+04 5.800e+01  1  0   0  0   0   1         0
8794.918  8.795  0   0  5 1.223e+03 1.223e+00  0 1.128e+04 1.128e+01  1  0   0  0   0   1         0
8770.665  8.771  0   0  5 7.007e+03 7.007e+00  0 5.108e+03 5.108e+00  1  0   0  0   0   1         0
8764.331  8.764  0   0  6 1.185e+03 1.185e+00  6 7.766e+02 7.766e-01  1  0   0  0   0   1         0
8798.133  8.798  0   0  4 2.229e+02 2.229e-01  4 1.305e+04 1.305e+01  1  0   0  0   0   1         0
8762.179  8.762  0   0  2 6.529e+03 6.529e+00  2 2.475e+03 2.475e+00  1  0   0  0   0   1         0
8750.561  8.751  0   0  6 3.891e+03 3.891e+00  6 3.019e+04 3.019e+01  1  0   0  0   0   1         0
8792.547  8.793  0   0  5 4.407e+02 4.407e-01  0 4.762e+04 4.762e+01  1  0   0  0   0   1         0
8797.741  8.798  0   0  0 3.319e+02 3.319e-01  0 3.905e+04 3.905e+01  1  0   0  0   0   1         0
8784.202  8.784  0   0  2 2.290e+02 2.290e-01  2 9.173e+03 9.173e+00  1  0   0  0   0   1         0
8770.489  8.770  0   0  2 1.571e+04 1.571e+01  2 5.407e+01 5.407e-02  1  0   0  0   0   1         0
8777.297  8.777  0   0  3 6.796e+02 6.796e-01  0 1.322e+03 1.322e+00  1  0   0  0   0   1         0
8791.661  8.792  0   0  5 1.966e+04 1.966e+01  0 7.456e+00 7.456e-03  1  0   0  0   0   1         0
8794.311  8.794  0   0  1 2.497e+03 2.497e+00  0 3.163e+03 3.163e+00  1  0   0  0   0   1         0
8755.167  8.755  0   0  4 5.790e+02 5.790e-01  4 1.942e+04 1.942e+01  1  0   0  0   0   1         0
8793.450  8.793  0   0  1 1.459e+00 1.459e-03  0 7.684e+03 7.684e+00  1  0   0  0   0   1         0
8780.971  8.781  0   0  2 2.683e+03 2.683e+00  2 2.172e+04 2.172e+01  1  0   0  0   0   1         0
8751.628  8.752  0   0  3 1.339e+03 1.339e+00  0 7.655e+02 7.655e-01  1  0   0  0   0   1         0
8755.467  8.755  0   0  7 3.316e+02 3.316e-01  0 6.182e+03 6.182e+00  1  0   0  0   0   1         0
8752.296  8.752  0   0  3 2.585e+02 2.585e-01  0 1.206e+03 1.206e+00  1  0   0  0   0   1         0
8797.449  8.797  0   0  1 2.864e+00 2.864e-03  0 8.450e+02 8.450e-01  1  0   0  0   0   1         0
8771.434  8.771  0   0  1 1.757e+03 1.757e+00  0 2.346e+03 2.346e+00  1  0   0  0   0   1         0
8785.870  8.786  0   0  5 6.222e+03 6.222e+00  0 1.412e+02 1.412e-01  1  0   0  0   0   1         0
8750.087  8.750  0   0  1 2.203e+03 2.203e+00  0 7.668e+04 7.668e+01  1  0   0  0   0   1         0
8789.731  8.790  0   0  0 2.414e+02 2.414e-01  0 3.924e+02 3.924e-01  1  0   0  0   0   1         0
8774.212  8.774  0   0  0 3.425e+01 3.425e-02  0 7.418e+04 7.418e+01  1  0   0  0   0   1         0
8796.211  8.796  0   0  2 2.154e+03 2.154e+00  2 3.623e+03 3.623e+00  1  0   0  0   0   1         0
8776.155  8.776  0   0  2 4.824e+03 4.824e+00  2 1.024e+04 1.024e+01  1  0   0  0   0   1         0
8789.513  8.790  0   0  3 1.425e+04 1.425e+01  0 4.685e+03 4.685e+00  1  0   0  0   0   1         0
8781.576  8.782  0   0  1 4.515e+02 4.515e-01  0 9.667e+01 9.667e-02  1  0   0  0   0   1         0
8776.137  8.776  0   0  5 3.526e+01 3.526e-02  0 6.100e+04 6.100e+01  1  0   0  0   0   1         0
8797.434  8.797  0   0  1 1.295e+03 1.295e+00  0 1.747e+04 1.747e+01  1  0   0  0   0   1         0
8774.890  8.775  0   0  5 1.242e+03 1.242e+00  0 3.782e+03 3.782e+00  1  0   0  0   0   1         0
8794.661  8.795  0   0  3 3.457e+03 3.457e+00  0 4.303e+03 4.303e+00  1  0   0  0   0   1         0
8751.819  8.752  0   0  2 1.007e+03 1.007e+00  2 9.188e+00 9.188e-03  1  0   0  0   0   1         0
8782.970  8.783  0   0  0 1.068e+03 1.068e+00  0 1.434e+04 1.434e+01  1  0   0  0   0   1         0
8795.618  8.796  0   0  5 9.785e+02 9.785e-01  0 1.253e+03 1.253e+00  1  0   0  0   0   1         0
8795.003  8.795  0   0  0 2.669e+04 2.669e+01  0 1.234e+04 1.234e+01  1  0   0  0   0   1         0
8774.363  8.774  0   0  2 8.366e+02 8.366e-01  2 6.774e+02 6.774e-01  1  0   0  0   0   1         0
8773.715  8.774  0   0  3 1.465e+04 1.465e+01  0 4.988e+02 4.988e-01  1  0   0  0   0   1         0
8790.593  8.791  0   0  2 1.349e+02 1.349e-01  2 1.389e+04 1.389e+01  1  0   0  0   0   1         0
8766.849  8.767  0   0  3 1.114e+04 1.114e+01  0 1.295e+04 1.295e+01  1  0   0  0   0   1         0
8796.884  8.797  0   0  5 8.923e+02 8.923e-01  0 4.398e+03 4.398e+00  1  0   0  0   0   1         0
8762.617  8.763  0   0  0 3.798e+02 3.798e-01  0 9.541e+03 9.541e+00  1  0   0  0   0   1         0
8753.750  8.754  0   0  5 1.546e+03 1.546e+00  0 6.979e+03 6.979e+00  1  0   0  0   0   1         0
8788.673  8.789  0   0  8 1.090e+04 1.090e+01  8 4.466e+04 4.466e+01  1  0   0  0   0   1         0
8770.343  8.770  0   0  1 9.619e+03 9.619e+00  0 7.283e+01 7.283e-02  1  0   0  0   0   1         0
8767.890  8.768  0   0  5 2.221e+03 2.221e+00  0 3.310e+01 3.310e-02  1  0   0  0   0   1         0
8766.142  8.766  0   0  4 5.082e+02 5.082e-01  4 4.603e+04 4.603e+01  1  0   0  0   0   1         0
8799.030  8.799  0   0  3 3.251e+03 3.251e+00  0 2.704e+04 2.704e+01  1  0   0  0   0   1         0
8778.692  8.779  0   0  2 3.481e+02 3.481e-01  2 1.756e+03 1.756e+00  1  0   0  0   0   1         0
8799.599  8.800  0   0  5 1.797e+04 1.797e+01  0 3.663e+03 3.663e+00  1  0   0  0   0   1         0
8767.279  8.767  0   0  1 1.004e+02 1.004e-01  0 3.344e+02 3.344e-01  1  0   0  0   0   1         0
8770.805  8.771  0   0  2 2.772e+03 2.772e+00  2 4.802e+04 4.802e+01  1  0   0  0   0   1         0
8845.598  8.846  0   0  1 5.877e+03 5.877e+00  0 4.279e+04 4.279e+01  1  0   0  0   0   1         0
8812.685  8.813  0   0  2 1.226e+04 1.226e+01  2 6.806e+03 6.806e+00  1  0   0  0   0   1         0
8840.307  8.840  0   0  4 1.865e+02 1.865e-01  4 2.769e+02 2.769e-01  1  0   0  0   0   1         0
8800.769  8.801  0   0  3 2.311e+02 2.311e-01  0 2.023e+04 2.023e+01  1  0   0  0   0   1         0
8826.869  8.827  0   0  0 1.045e+03 1.045e+00  0 1.140e+04 1.140e+01  1  0   0  0   0   1         0
8836.376  8.836  0   0  5 4.591e+03 4.591e+00  0 9.740e+03 9.740e+00  1  0   0  0   0   1         0
8842.005  8.842  0   0  3 6.704e+02 6.704e-01  0 2.278e+02 2.278e-01  1  0   0  0   0   1         0
8842.114  8.842  0   0  8 7.164e+03 7.164e+00  8 1.002e+04 1.002e+01  1  0   0  0   0   1         0
8815.034  8.815  0   0  4 6.379e+02 6.379e-01  4 3.358e+03 3.358e+00  1  0   0  0   0   1         0
8842.711  8.843  0   0  1 7.770e+02 7.770e-01  0 9.698e+02 9.698e-01  1  0   0  0   0   1         0
8816.277  8.816  0   0  2 1.018e+04 1.018e+01  2 3.685e+04 3.685e+01  1  0   0  0   0   1         0
8811.766  8.812  0   0  3 1.244e+03 1.244e+00  0 1.477e+04 1.477e+01  1  0   0  0   0   1         0
8800.074  8.800  0   0  0 1.360e+04 1.360e+01  0 1.287e+04 1.287e+01  1  0   0  0   0   1         0
8811.864  8.812  0   0  2 8.234e+02 8.234e-01  2 2.177e+04 2.177e+01  1  0   0  0   0   1         0
8805.967  8.806  0   0  1 1.089e+03 1.089e+00  0 1.650e+02 1.650e-01  1  0   0  0   0   1         0
8833.842  8.834  0   0  3 8.338e+03 8.338e+00  0 9.900e+01 9.900e-02  1  0   0  0   0   1         0
8807.293  8.807  0   0  4 5.038e+03 5.038e+00  4 9.209e+03 9.209e+00  1  0   0  0   0   1         0
8829.374  8.829  0   0  2 4.968e+02 4.968e-01  2 1.095e+04 1.095e+01  1  0   0  0   0   1         0
8806.371  8.806  0   0  3 9.578e+03 9.578e+00  0 1.606e+04 1.606e+01  1  0   0  0   0   1         0
8835.311  8.835  0   0  3 1.366e+04 1.366e+01  0 4.368e+03 4.368e+00  1  0   0  0   0   1         0
8814.366  8.814  0   0  2 2.952e+03 2.952e+00  2 6.117e+03 6.117e+00  1  0   0  0   0   1         0
8815.528  8.816  0   0  2 1.043e+03 1.043e+00  2 3.950e+03 3.950e+00  1  0   0  0   0   1         0
8832.119  8.832  0   0  6 4.640e+01 4.640e-02  6 1.195e+03 1.195e+00  1  0   0  0   0   1         0
8846.972  8.847  0   0  4 1.933e+04 1.933e+01  4 1.178e+04 1.178e+01  1  0   0  0   0   1         0
8849.584  8.850  0   0  3 1.104e+03 1.104e+00  0 2.870e+04 2.870e+01  1  0   0  0   0   1         0
8817.963  8.818  0   0  4 1.094e+03 1.094e+00  4 8.131e+03 8.131e+00  1  0   0  0   0   1         0
8847.338  8.847  0   0  6 5.785e+02 5.785e-01  6 1.119e+04 1.119e+01  1  0   0  0   0   1         0
8830.719  8.831  0   0  2 4.551e+01 4.551e-02  2 3.196e+04 3.196e+01  1  0   0  0   0   1         0
8845.360  8.845  0   0  0 2.152e+03 2.152e+00  0 1.575e+03 1.575e+00  1  0   0  0   0   1         0
8801.404  8.801  0   0  2 1.124e+04 1.124e+01  2 8.178e+03 8.178e+00  1  0   0  0   0   1         0
8801.673  8.802  0   0  1 2.123e+03 2.123e+00  0 5.832e+03 5.832e+00  1  0   0  0   0   1         0
8803.759  8.804  0   0  0 1.028e+04 1.028e+01  0 2.922e+04 2.922e+01  1  0   0  0   0   1         0
8840.287  8.840  0   0  1 6.511e+03 6.511e+00  0 1.284e+04 1.284e+01  1  0   0  0   0   1         0
8806.950  8.807  0   0  3 7.023e+02 7.023e-01  0 5.743e+03 5.743e+00  1  0   0  0   0   1         0
8808.892  8.809  0   0  3 1.532e+03 1.532e+00  0 1.632e+04 1.632e+01  1  0   0  0   0   1         0
8829.375  8.829  0   0  1 9.594e+03 9.594e+00  0 2.757e+04 2.757e+01  1  0   0  0   0   1         0
8847.890  8.848  0   0  4 1.319e+04 1.319e+01  4 3.276e+01 3.276e-02  1  0   0  0   0   1         0
8828.462  8.828  0   0  3 1.699e+03 1.699e+00  0 5.750e+03 5.750e+00  1  0   0  0   0   1         0
8836.714  8.837  0   0  5 6.905e+03 6.905e+00  0 7.814e+03 7.814e+00  1  0   0  0   0   1         0
8809.453  8.809  0   0  2 1.178e+04 1.178e+01  2 1.104e+04 1.104e+01  1  0   0  0   0   1         0
8845.742  8.846  0   0  1 1.010e+03 1.010e+00  0 4.568e+01 4.568e-02  1  0   0  0   0   1         0
8802.817  8.803  0   0  0 1.413e+04 1.413e+01  0 2.401e+04 2.401e+01  1  0   0  0   0   1         0
8814.229  8.814  0   0  1 8.052e+02 8.052e-01  0 3.051e+02 3.051e-01  1  0   0  0   0   1         0
8822.794  8.823  0   0  1 1.231e+04 1.231e+01  0 9.198e+03 9.198e+00  1  0   0  0   0   1         0
8811.385  8.811  0   0  5 1.987e+02 1.987e-01  0 1.957e+04 1.957e+01  1  0   0  0   0   1         0
8833.284  8.833  0   0  0 2.886e+03 2.886e+00  0 1.637e+03 1.637e+00  1  0   0  0   0   1         0
8834.034  8.834  0   0  1 5.554e+03 5.554e+00  0 9.054e+03 9.054e+00  1  0   0  0   0   1         0
8810.665  8.811  0   0  2 2.317e+03 2.317e+00  2 3.221e+03 3.221e+00  1  0   0  0   0   1         0
8800.433  8.800  0   0  5 3.898e+03 3.898e+00  0 3.055e+02 3.055e-01  1  0   0  0   0   1         0
8803.746  8.804  0   0  4 7.493e+03 7.493e+00  4 2.450e-01 2.450e-04  1  0   0  0   0   1         0
8800.022  8.800  0   0  3 5.379e+04 5.379e+01  0 3.801e+03 3.801e+00  1  0   0  0   0   1         0
8845.307  8.845  0   0  3 1.088e+03 1.088e+00  0 8.578e+02 8.578e-01  1  0   0  0   0   1         0
8831.185  8.831  0   0  4 1.410e+03 1.410e+00  4 4.897e+03 4.897e+00  1  0   0  0   0   1         0
8806.974  8.807  0   0  4 7.327e+03 7.327e+00  4 1.820e+04 1.820e+01  1  0   0  0   0   1         0
8804.662  8.805  0   0  3 5.173e+04 5.173e+01  0 6.185e+02 6.185e-01  1  0   0  0   0   1         0
8840.944  8.841  0   0  3 6.032e+03 6.032e+00  0 7.509e+01 7.509e-02  1  0   0  0   0   1         0
8840.618  8.841  0   0  4 6.991e+03 6.991e+00  4 4.754e+00 4.754e-03  1  0   0  0   0   1         0
8846.398  8.846  0   0  2 5.303e+03 5.303e+00  2 1.617e+04 1.617e+01  1  0   0  0   0   1         0
8808.022  8.808  0   0  1 8.090e+03 8.090e+00  0 1.532e+03 1.532e+00  1  0   0  0   0   1         0
8826.222  8.826  0   0  4 7.726e+02 7.726e-01  4 2.903e+04 2.903e+01  1  0   0  0   0   1         0
8806.120  8.806  0   0  4 3.622e+03 3.622e+00  4 1.620e+04 1.620e+01  1  0   0  0   0   1         0
8839.852  8.840  0   0  2 4.002e+03 4.002e+00  2 3.182e+03 3.182e+00  1  0   0  0   0   1         0
8820.729  8.821  0   0  4 1.601e+02 1.601e-01  4 5.629e+01 5.629e-02  1  0   0  0   0   1         0
8834.883  8.835  0   0  1 2.822e+04 2.822e+01  0 4.916e+03 4.916e+00  1  0   0  0   0   1         0
8801.528  8.802  0   0  1 1.188e+03 1.188e+00  0 8.380e+03 8.380e+00  1  0   0  0   0   1         0
8838.971  8.839  0   0  5 1.645e-01 1.645e-04  0 7.279e+01 7.279e-02  1  0   0  0   0   1         0
8811.551  8.812  0   0  7 9.719e+03 9.719e+00  0 5.702e+03 5.702e+00  1  0   0  0   0   1         0
8842.197  8.842  0   0  3 1.238e+03 1.238e+00  0 1.337e+02 1.337e-01  1  0   0  0   0   1         0
8809.359  8.809  0   0  0 4.290e+03 4.290e+00  0 4.198e+04 4.198e+01  1  0   0  0   0   1         0
8839.576  8.840  0   0  4 7.896e+03 7.896e+00  4 3.505e+03 3.505e+00  1  0   0  0   0   1         0
8806.756  8.807  0   0  1 1.874e+04 1.874e+01  0 1.123e+03 1.123e+00  1  0   0  0   0   1         0
8833.267  8.833  0   0  0 1.800e+03 1.800e+00  0 1.604e+04 1.604e+01  1  0   0  0   0   1         0
8839.037  8.839  0   0  3 3.575e+03 3.575e+00  0 5.723e-01 5.723e-04  1  0   0  0   0   1         0
8819.415  8.819  0   0  0 1.665e+03 1.665e+00  0 3.923e+03 3.923e+00  1  0   0  0   0   1         0
8812.297  8.812  0   0  3 9.455e+03 9.455e+00  0 2.006e+03 2.006e+00  1  0   0  0   0   1         0
8817.324  8.817  0   0  1 1.090e+03 1.090e+00  0 3.065e+03 3.065e+00  1  0   0  0   0   1         0
8814.920  8.815  0   0  5 1.551e+03 1.551e+00  0 6.114e+04 6.114e+01  1  0   0  0   0   1         0
8831.754  8.832  0   0  9 7.280e+03 7.280e+00  0 1.078e+03 1.078e+00  1  0   0  0   0   1         0
8802.247  8.802  0   0  5 8.998e+02 8.998e-01  0 6.029e+03 6.029e+00  1  0   0  0   0   1         0
8802.089  8.802  0   0  4 3.883e+01 3.883e-02  4 5.564e+03 5.564e+00  1  0   0  0   0   1         0
8814.478  8.814  0   0  4 2.912e+03 2.912e+00  4 2.838e+04 2.838e+01  1  0   0  0   0   1         0
8813.936  8.814  0   0  5 1.469e+03 1.469e+00  0 2.251e+03 2.251e+00  1  0   0  0   0   1         0
8857.424  8.857  0   0  4 1.146e+02 1.146e-01  4 6.696e+02 6.696e-01  1  0   0  0   0   1         0
8887.161  8.887  0   0  7 3.287e+03 3.287e+00  0 8.078e-03 8.078e-06  1  0   0  0   0   1         0
8864.100  8.864  0   0  1 2.660e+03 2.660e+00  0 4.189e+04 4.189e+01  1  0   0  0   0   1         0
8865.177  8.865  0   0  6 2.504e+03 2.504e+00  6 6.693e+03 6.693e+00  1  0   0  0   0   1         0
8867.807  8.868  0   0  1 1.072e+04 1.072e+01  0 2.178e+03 2.178e+00  1  0   0  0   0   1         0
8871.711  8.872  0   0  1 3.074e+03 3.074e+00  0 2.935e+04 2.935e+01  1  0   0  0   0   1         0
8878.912  8.879  0   0  2 6.836e+03 6.836e+00  2 2.069e+04 2.069e+01  1  0   0  0   0   1         0
8884.232  8.884  0   0  2 4.629e+03 4.629e+00  2 8.855e+04 8.855e+01  1  0   0  0   0   1         0
8883.877  8.884  0   0  4 8.209e+02 8.209e-01  4 1.315e+03 1.315e+00  1  0   0  0   0   1         0
8871.288  8.871  0   0  3 1.331e+03 1.331e+00  0 8.179e+03 8.179e+00  1  0   0  0   0   1         0
8874.201  8.874  0   0  4 1.116e+03 1.116e+00  4 2.817e+03 2.817e+00  1  0   0  0   0   1         0
8857.068  8.857  0   0  4 3.606e+03 3.606e+00  4 4.532e+03 4.532e+00  1  0   0  0   0   1         0
8876.181  8.876  0   0  0 4.466e+02 4.466e-01  0 1.049e+03 1.049e+00  1  0   0  0   0   1         0
8893.898  8.894  0   0  2 1.914e+04 1.914e+01  2 2.513e+03 2.513e+00  1  0   0  0   0   1         0
8873.128  8.873  0   0  6 8.213e+02 8.213e-01  6 3.103e+04 3.103e+01  1  0   0  0   0   1         0
8896.925  8.897  0   0  4 4.598e+03 4.598e+00  4 5.499e+03 5.499e+00  1  0   0  0   0   1         0
8857.845  8.858  0   0  3 6.208e+03 6.208e+00  0 2.015e+03 2.015e+00  1  0   0  0   0   1         0
8886.928  8.887  0   0  2 5.895e+03 5.895e+00  2 1.236e+02 1.236e-01  1  0   0  0   0   1         0
8885.487  8.885  0   0  0 8.324e+03 8.324e+00  0 5.240e+01 5.240e-02  1  0   0  0   0   1         0
8884.168  8.884  0   0  7 7.742e+02 7.742e-01  0 5.801e+03 5.801e+00  1  0   0  0   0   1         0
8883.238  8.883  0   0  6 4.868e+03 4.868e+00  6 1.043e+04 1.043e+01  1  0   0  0   0   1         0
8851.125  8.851  0   0  4 4.784e+03 4.784e+00  4 6.481e+03 6.481e+00  1  0   0  0   0   1         0
8887.187  8.887  0   0  2 1.852e+03 1.852e+00  2 3.545e+03 3.545e+00  1  0   0  0   0   1         0
8875.091  8.875  0   0  0 1.036e+04 1.036e+01  0 2.340e+03 2.340e+00  1  0   0  0   0   1         0
8876.315  8.876  0   0  7 1.209e+04 1.209e+01  0 2.830e+03 2.830e+00  1  0   0  0   0   1         0
8852.564  8.853  0   0  4 4.126e+03 4.126e+00  4 1.598e+04 1.598e+01  1  0   0  0   0   1         0
8859.484  8.859  0   0  3 1.679e+04 1.679e+01  0 2.345e+03 2.345e+00  1  0   0  0   0   1         0
8895.585  8.896  0   0  0 2.409e+02 2.409e-01  0 5.671e+04 5.671e+01  1  0   0  0   0   1         0
8865.869  8.866  0   0  1 5.787e+01 5.787e-02  0 8.189e+02 8.189e-01  1  0   0  0   0   1         0
8869.796  8.870  0   0  5 1.032e+03 1.032e+00  0 2.249e+02 2.249e-01  1  0   0  0   0   1         0
8859.526  8.860  0   0  3 1.934e+03 1.934e+00  0 1.986e+03 1.986e+00  1  0   0  0   0   1         0
8881.708  8.882  0   0  0 4.771e+02 4.771e-01  0 1.910e+04 1.910e+01  1  0   0  0   0   1         0
8887.117  8.887  0   0  3 3.334e+03 3.334e+00  0 1.829e+03 1.829e+00  1  0   0  0   0   1         0
8896.094  8.896  0   0  3 1.815e+04 1.815e+01  0 9.019e+01 9.019e-02  1  0   0  0   0   1         0
8878.208  8.878  0   0  1 9.127e+01 9.127e-02  0 1.763e+04 1.763e+01  1  0   0  0   0   1         0
8863.867  8.864  0   0  3 1.277e+03 1.277e+00  0 1.229e+04 1.229e+01  1  0   0  0   0   1         0
8853.576  8.854  0   0  3 2.560e+01 2.560e-02  0 1.133e+04 1.133e+01  1  0   0  0   0   1         0
8863.389  8.863  0   0  3 1.085e+03 1.085e+00  0 9.627e+01 9.627e-02  1  0   0  0   0   1         0
8881.019  8.881  0   0  0 1.924e-02 1.924e-05  0 8.500e+02 8.500e-01  1  0   0  0   0   1         0
8898.716  8.899  0   0  4 1.692e+03 1.692e+00  4 6.989e+03 6.989e+00  1  0   0  0   0   1         0
8853.991  8.854  0   0  5 9.715e+03 9.715e+00  0 2.408e+04 2.408e+01  1  0   0  0   0   1         0
8869.520  8.870  0   0  3 3.504e+03 3.504e+00  0 8.133e+02 8.133e-01  1  0   0  0   0   1         0
8883.456  8.883  0   0  6 1.213e+03 1.213e+00  6 5.241e+03 5.241e+00  1  0   0  0   0   1         0
8878.832  8.879  0   0  0 1.566e+03 1.566e+00  0 3.255e+02 3.255e-01  1  0   0  0   0   1         0
8882.681  8.883  0   0  3 4.525e+02 4.525e-01  0 1.929e+02 1.929e-01  1  0   0  0   0   1         0
8873.266  8.873  0   0  6 4.894e+03 4.894e+00  6 8.414e+03 8.414e+00  1  0   0  0   0   1         0
8863.436  8.863  0   0  6 3.232e+01 3.232e-02  6 3.217e+03 3.217e+00  1  0   0  0   0   1         0
8874.244  8.874  0   0  3 6.788e+02 6.788e-01  0 1.153e+00 1.153e-03  1  0   0  0   0   1         0
8869.178  8.869  0   0  2 2.520e-01 2.520e-04  2 4.099e+03 4.099e+00  1  0   0  0   0   1         0
8885.552  8.886  0   0  6 1.125e+01 1.125e-02  6 2.903e+02 2.903e-01  1  0   0  0   0   1         0
8858.642  8.859  0   0  7 9.033e+03 9.033e+00  0 1.108e+04 1.108e+01  1  0   0  0   0   1         0
8874.914  8.875  0   0  0 9.988e+03 9.988e+00  0 5.274e+02 5.274e-01  1  0   0  0   0   1         0
8897.970  8.898  0   0  1 3.612e+03 3.612e+00  0 1.572e+03 1.572e+00  1  0   0  0   0   1         0
8876.696  8.877  0   0  3 5.609e+03 5.609e+00  0 4.173e+03 4.173e+00  1  0   0  0   0   1         0
8861.938  8.862  0   0  1 6.719e+03 6.719e+00  0 1.621e+03 1.621e+00  1  0   0  0   0   1         0
8896.818  8.897  0   0  5 1.536e+02 1.536e-01  0 8.993e+01 8.993e-02  1  0   0  0   0   1         0
8862.287  8.862  0   0  1 2.299e+03 2.299e+00  0 2.241e+04 2.241e+01  1  0   0  0   0   1         0
8945.364  8.945  0   0  4 5.744e+03 5.744e+00  4 2.122e+03 2.122e+00  1  0   0  0   0   1         0
8909.965  8.910  0   0  1 7.975e+02 7.975e-01  0 1.485e+04 1.485e+01  1  0   0  0   0   1         0
8919.369  8.919  0   0  4 2.608e+03 2.608e+00  4 1.285e+04 1.285e+01  1  0   0  0   0   1         0
8940.339  8.940  0   0  1 1.523e+02 1.523e-01  0 7.421e+03 7.421e+00  1  0   0  0   0   1         0
8918.791  8.919  0   0  3 1.018e+04 1.018e+01  0 3.016e+03 3.016e+00  1  0   0  0   0   1         0
8919.053  8.919  0   0  4 2.498e+04 2.498e+01  4 2.980e+04 2.980e+01  1  0   0  0   0   1         0
8949.308  8.949  0   0  5 2.736e+00 2.736e-03  0 1.382e+03 1.382e+00  1  0   0  0   0   1         0
8938.617  8.939  0   0  1 1.448e+03 1.448e+00  0 8.839e+03 8.839e+00  1  0   0  0   0   1         0
8943.091  8.943  0   0  1 1.243e+03 1.243e+00  0 6.017e-04 6.017e-07  1  0   0  0   0   1         0
8920.450  8.920  0   0  2 3.245e+03 3.245e+00  2 5.362e+03 5.362e+00  1  0   0  0   0   1         0
8929.397  8.929  0   0  6 8.524e+00 8.524e-03  6 4.384e+04 4.384e+01  1  0   0  0   0   1         0
8922.631  8.923  0   0  3 5.024e+02 5.024e-01  0 2.619e+04 2.619e+01  1  0   0  0   0   1         0
8922.618  8.923  0   0  1 1.671e+02 1.671e-01  0 6.973e+03 6.973e+00  1  0   0  0   0   1         0
8906.432  8.906  0   0  2 1.164e+03 1.164e+00  2 1.100e+02 1.100e-01  1  0   0  0   0   1         0
8942.162  8.942  0   0  1 9.521e+03 9.521e+00  0 4.324e+03 4.324e+00  1  0   0  0   0   1         0
8919.627  8.920  0   0  1 2.708e+03 2.708e+00  0 7.199e+03 7.199e+00  1  0   0  0   0   1         0
8929.193  8.929  0   0  5 2.522e+04 2.522e+01  0 3.425e+03 3.425e+00  1  0   0  0   0   1         0
8942.904  8.943  0   0  3 8.791e+02 8.791e-01  0 2.210e+04 2.210e+01  1  0   0  0   0   1         0
8938.747  8.939  0   0  6 1.440e+02 1.440e-01  6 6.010e+02 6.010e-01  1  0   0  0   0   1         0
8909.979  8.910  0   0  0 5.303e+02 5.303e-01  0 1.814e+03 1.814e+00  1  0   0  0   0   1         0
8931.024  8.931  0   0  1 2.881e+02 2.881e-01  0 5.762e+04 5.762e+01  1  0   0  0   0   1         0
8924.891  8.925  0   0  4 9.204e+00 9.204e-03  4 1.301e+04 1.301e+01  1  0   0  0   0   1         0
8913.088  8.913  0   0  4 6.313e+03 6.313e+00  4 1.482e+03 1.482e+00  1  0   0  0   0   1         0
8902.059  8.902  0   0  5 1.285e+04 1.285e+01  0 2.367e+04 2.367e+01  1  0   0  0   0   1         0
8931.587  8.932  0   0  7 5.480e+00 5.480e-03  0 2.587e+02 2.587e-01  1  0   0  0   0   1         0
8939.064  8.939  0   0  2 1.322e+04 1.322e+01  2 2.783e+03 2.783e+00  1  0   0  0   0   1         0
8947.109  8.947  0   0  4 1.739e+03 1.739e+00  4 9.083e+02 9.083e-01  1  0   0  0   0   1         0
8917.845  8.918  0   0  3 2.804e+03 2.804e+00  0 2.499e+04 2.499e+01  1  0   0  0   0   1         0
8920.061  8.920  0   0  4 2.639e+03 2.639e+00  4 2.701e+04 2.701e+01  1  0   0  0   0   1         0
8908.208  8.908  0   0  5 5.313e+02 5.313e-01  0 6.197e+02 6.197e-01  1  0   0  0   0   1         0
8949.237  8.949  0   0  0 2.361e+02 2.361e-01  0 1.080e+02 1.080e-01  1  0   0  0   0   1         0
8942.533  8.943  0   0  4 8.464e+03 8.464e+00  4 1.443e+02 1.443e-01  1  0   0  0   0   1         0
8947.897  8.948  0   0  2 6.041e+02 6.041e-01  2 7.448e+04 7.448e+01  1  0   0  0   0   1         0
8924.872  8.925  0   0  7 6.125e+02 6.125e-01  0 5.074e+02 5.074e-01  1  0   0  0   0   1         0
8910.559  8.911  0   0  3 3.320e+03 3.320e+00  0 5.234e+03 5.234e+00  1  0   0  0   0   1         0
8928.762  8.929  0   0  4 4.128e+02 4.128e-01  4 2.561e+04 2.561e+01  1  0   0  0   0   1         0
8918.703  8.919  0   0  2 3.236e+03 3.236e+00  2 1.943e+03 1.943e+00  1  0   0  0   0   1         0
8917.488  8.917  0   0  1 1.473e+01 1.473e-02  0 4.882e+02 4.882e-01  1  0   0  0   0   1         0
8904.150  8.904  0   0  0 1.877e+04 1.877e+01  0 5.747e+03 5.747e+00  1  0   0  0   0   1         0
8903.686  8.904  0   0  2 1.009e+04 1.009e+01  2 1.609e+04 1.609e+01  1  0   0  0   0   1         0
8919.039  8.919  0   0  4 2.839e+01 2.839e-02  4 3.300e+04 3.300e+01  1  0   0  0   0   1         0
8946.338  8.946  0   0  7 4.786e+01 4.786e-02  0 1.123e+04 1.123e+01  1  0   0  0   0   1         0
8936.235  8.936  0   0  1 1.193e+00 1.193e-03  0 2.906e+01 2.906e-02  1  0   0  0   0   1         0
8938.104  8.938  0   0  3 2.499e+03 2.499e+00  0 1.843e+03 1.843e+00  1  0   0  0   0   1         0
8911.790  8.912  0   0  5 1.964e+04 1.964e+01  0 2.206e+04 2.206e+01  1  0   0  0   0   1         0
8936.808  8.937  0   0  2 1.717e+04 1.717e+01  2 2.390e+02 2.390e-01  1  0   0  0   0   1         0
8920.417  8.920  0   0  2 1.835e+03 1.835e+00  2 5.987e+03 5.987e+00  1  0   0  0   0   1         0
8902.993  8.903  0   0  2 9.557e+02 9.557e-01  2 9.389e+03 9.389e+00  1  0   0  0   0   1         0
8919.841  8.920  0   0  2 3.907e-01 3.907e-04  2 4.017e+01 4.017e-02  1  0   0  0   0   1         0
8906.611  8.907  0   0  2 1.714e+03 1.714e+00  2 1.503e+04 1.503e+01  1  0   0  0   0   1         0
8942.737  8.943  0   0  1 2.782e+03 2.782e+00  0 8.347e+03 8.347e+00  1  0   0  0   0   1         0
8942.070  8.942  0   0  2 1.162e+03 1.162e+00  2 6.144e+00 6.144e-03  1  0   0  0   0   1         0
8914.459  8.914  0   0  2 6.124e+03 6.124e+00  2 8.224e+03 8.224e+00  1  0   0  0   0   1         0
8930.695  8.931  0   0  5 2.540e+03 2.540e+00  0 3.163e+03 3.163e+00  1  0   0  0   0   1         0
8918.285  8.918  0   0  1 1.990e+01 1.990e-02  0 9.523e+02 9.523e-01  1  0   0  0   0   1         0
8907.766  8.908  0   0  0 6.896e-01 6.896e-04  0 5.151e+03 5.151e+00  1  0   0  0   0   1         0
8932.566  8.933  0   0  1 1.452e+02 1.452e-01  0 4.053e+03 4.053e+00  1  0   0  0   0   1         0
8938.081  8.938  0   0  4 4.952e+01 4.952e-02  4 6.047e+03 6.047e+00  1  0   0  0   0   1         0
8938.809  8.939  0   0  0 7.655e+01 7.655e-02  0 5.572e+03 5.572e+00  1  0   0  0   0   1         0
8907.514  8.908  0   0  2 7.104e+02 7.104e-01  2 3.907e+02 3.907e-01  1  0   0  0   0   1         0
8925.733  8.926  0   0  2 1.700e+03 1.700e+00  2 7.781e+03 7.781e+00  1  0   0  0   0   1         0
8901.205  8.901  0   0  1 2.017e+01 2.017e-02  0 9.684e+02 9.684e-01  1  0   0  0   0   1         0
8904.543  8.905  0   0  2 5.864e+03 5.864e+00  2 3.561e+04 3.561e+01  1  0   0  0   0   1         0
8904.084  8.904  0   0  8 7.784e+02 7.784e-01  8 2.914e+03 2.914e+00  1  0   0  0   0   1         0
8902.882  8.903  0   0  2 1.321e+04 1.321e+01  2 7.256e+03 7.256e+00  1  0   0  0   0   1         0
8916.782  8.917  0   0  1 1.831e+02 1.831e-01  0 2.343e+02 2.343e-01  1  0   0  0   0   1         0
8917.980  8.918  0   0  1 1.078e+04 1.078e+01  0 3.069e+04 3.069e+01  1  0   0  0   0   1         0
8934.981  8.935  0   0  1 1.989e+03 1.989e+00  0 8.689e+02 8.689e-01  1  0   0  0   0   1         0
8916.587  8.917  0   0  3 1.202e+02 1.202e-01  0 7.319e+01 7.319e-02  1  0   0  0   0   1         0
8907.071  8.907  0   0  2 1.798e+03 1.798e+00  2 2.747e+03 2.747e+00  1  0   0  0   0   1         0
8947.365  8.947  0   0  0 1.416e+03 1.416e+00  0 1.659e+04 1.659e+01  1  0   0  0   0   1         0
8943.819  8.944  0   0  2 2.277e+03 2.277e+00  2 3.028e+04 3.028e+01  1  0   0  0   0   1         0
8906.257  8.906  0   0  2 5.115e+01 5.115e-02  2 1.762e-03 1.762e-06  1  0   0  0   0   1         0
8918.236  8.918  0   0  0 1.808e+03 1.808e+00  0 7.553e+03 7.553e+00  1  0   0  0   0   1         0
8908.463  8.908  0   0  1 2.580e+03 2.580e+00  0 2.987e+03 2.987e+00  1  0   0  0   0   1         0
8947.972  8.948  0   0  3 5.188e+03 5.188e+00  0 3.992e+03 3.992e+00  1  0   0  0   0   1         0
8917.895  8.918  0   0  6 8.312e+03 8.312e+00  6 7.387e-04 7.387e-07  1  0   0  0   0   1         0
8904.943  8.905  0   0  4 2.893e+04 2.893e+01  4 1.772e+04 1.772e+01  1  0   0  0   0   1         0
8992.916  8.993  0   0  3 6.554e+03 6.554e+00  0 5.089e+02 5.089e-01  1  0   0  0   0   1         0
8984.689  8.985  0   0  3 1.659e+03 1.659e+00  0 3.481e+00 3.481e-03  1  0   0  0   0   1         0
8956.965  8.957  0   0  2 2.688e+02 2.688e-01  2 1.268e+04 1.268e+01  1  0   0  0   0   1         0
8984.136  8.984  0   0  1 7.493e+03 7.493e+00  0 1.192e+04 1.192e+01  1  0   0  0   0   1         0
8980.322  8.980  0   0  5 1.062e+01 1.062e-02  0 5.124e+03 5.124e+00  1  0   0  0   0   1         0
8966.775  8.967  0   0  1 3.298e+03 3.298e+00  0 8.405e+03 8.405e+00  1  0   0  0   0   1         0
8960.499  8.960  0   0  0 5.825e+03 5.825e+00  0 4.608e+03 4.608e+00  1  0   0  0   0   1         0
8994.297  8.994  0   0  8 6.790e+03 6.790e+00  8 5.994e+03 5.994e+00  1  0   0  0   0   1         0
8957.148  8.957  0   0  4 3.691e+03 3.691e+00  4 1.003e+03 1.003e+00  1  0   0  0   0   1         0
8971.210  8.971  0   0  4 3.523e+04 3.523e+01  4 1.043e+04 1.043e+01  1  0   0  0   0   1         0
8981.236  8.981  0   0  1 3.515e+02 3.515e-01  0 6.054e+03 6.054e+00  1  0   0  0   0   1         0
8998.601  8.999  0   0  4 4.646e+02 4.646e-01  4 2.253e+03 2.253e+00  1  0   0  0   0   1         0
8983.639  8.984  0   0  3 1.641e+03 1.641e+00  0 6.351e+03 6.351e+00  1  0   0  0   0   1         0
8965.331  8.965  0   0  4 3.288e+03 3.288e+00  4 1.392e+04 1.392e+01  1  0   0  0   0   1         0
8953.057  8.953  0   0  2 9.693e+02 9.693e-01  2 6.943e+03 6.943e+00  1  0   0  0   0   1         0
8965.975  8.966  0   0  0 8.029e+03 8.029e+00  0 5.583e+02 5.583e-01  1  0   0  0   0   1         0
8964.725  8.965  0   0  4 7.400e+03 7.400e+00  4 8.251e+03 8.251e+00  1  0   0  0   0   1         0
8991.015  8.991  0   0  1 4.545e+01 4.545e-02  0 3.429e+04 3.429e+01  1  0   0  0   0   1         0
8968.926  8.969  0   0  3 2.744e+03 2.744e+00  0 1.867e+03 1.867e+00  1  0   0  0   0   1         0
8954.959  8.955  0   0  7 3.874e+02 3.874e-01  0 8.309e+01 8.309e-02  1  0   0  0   0   1         0
8993.545  8.994  0   0  0 1.042e+03 1.042e+00  0 1.870e+04 1.870e+01  1  0   0  0   0   1         0
8950.910  8.951  0   0  2 5.272e+03 5.272e+00  2 2.475e+02 2.475e-01  1  0   0  0   0   1         0
8950.152  8.950  0   0  5 2.159e+03 2.159e+00  0 5.708e+03 5.708e+00  1  0   0  0   0   1         0
8973.840  8.974  0   0  2 6.507e+01 6.507e-02  2 1.124e+04 1.124e+01  1  0   0  0   0   1         0
8953.488  8.953  0   0  1 1.829e+04 1.829e+01  0 9.994e+03 9.994e+00  1  0   0  0   0   1         0
8958.915  8.959  0   0  3 3.610e+01 3.610e-02  0 1.914e+04 1.914e+01  1  0   0  0   0   1         0
8999.270  8.999  0   0  2 3.339e+03 3.339e+00  2 1.193e+03 1.193e+00  1  0   0  0   0   1         0
8992.272  8.992  0   0  2 7.174e+02 7.174e-01  2 4.143e+04 4.143e+01  1  0   0  0   0   1         0
8988.276  8.988  0   0  1 1.196e+03 1.196e+00  0 1.153e+02 1.153e-01  1  0   0  0   0   1         0
8983.630  8.984  0   0  1 4.223e+03 4.223e+00  0 2.931e+03 2.931e+00  1  0   0  0   0   1         0
8952.410  8.952  0   0  0 4.176e+02 4.176e-01  0 5.475e+03 5.475e+00  1  0   0  0   0   1         0
8991.852  8.992  0   0  1 4.337e+01 4.337e-02  0 3.446e-01 3.446e-04  1  0   0  0   0   1         0
8973.662  8.974  0   0  0 1.159e+03 1.159e+00  0 5.084e+02 5.084e-01  1  0   0  0   0   1         0
8954.953  8.955  0   0  4 5.186e+00 5.186e-03  4 5.497e+03 5.497e+00  1  0   0  0   0   1         0
8965.124  8.965  0   0  2 8.725e+03 8.725e+00  2 1.310e+02 1.310e-01  1  0   0  0   0   1         0
8975.201  8.975  0   0  0 8.657e+03 8.657e+00  0 2.727e+03 2.727e+00  1  0   0  0   0   1         0
8950.690  8.951  0   0  0 6.358e+03 6.358e+00  0 6.054e+03 6.054e+00  1  0   0  0   0   1         0
8962.699  8.963  0   0  3 1.984e+03 1.984e+00  0 4.178e+01 4.178e-02  1  0   0  0   0   1         0
8966.888  8.967  0   0  3 4.070e+03 4.070e+00  0 5.865e+02 5.865e-01  1  0   0  0   0   1         0
8973.292  8.973  0   0  1 1.887e+01 1.887e-02  0 4.424e+03 4.424e+00  1  0   0  0   0   1         0
8950.100  8.950  0   0  5 7.249e+03 7.249e+00  0 5.491e+03 5.491e+00  1  0   0  0   0   1         0
8978.373  8.978  0   0  0 3.565e+03 3.565e+00  0 2.768e+01 2.768e-02  1  0   0  0   0   1         0
8959.947  8.960  0   0  1 2.130e-02 2.130e-05  0 1.988e+03 1.988e+00  1  0   0  0   0   1         0
8979.961  8.980  0   0  0 1.543e+03 1.543e+00  0 4.460e+03 4.460e+00  1  0   0  0   0   1         0
8962.033  8.962  0   0  9 7.418e+00 7.418e-03  0 2.599e+04 2.599e+01  1  0   0  0   0   1         0
8970.235  8.970  0   0  8 5.788e+03 5.788e+00  8 1.189e+02 1.189e-01  1  0   0  0   0   1         0
8981.278  8.981  0   0  3 2.613e+03 2.613e+00  0 3.769e+03 3.769e+00  1  0   0  0   0   1         0
8982.921  8.983  0   0  5 9.615e+03 9.615e+00  0 2.777e+02 2.777e-01  1  0   0  0   0   1         0
8951.542  8.952  0   0  2 9.004e+03 9.004e+00  2 1.252e+04 1.252e+01  1  0   0  0   0   1         0
8976.856  8.977  0   0  3 3.275e+02 3.275e-01  0 3.806e+03 3.806e+00  1  0   0  0   0   1         0
8990.893  8.991  0   0  3 3.872e+04 3.872e+01  0 1.776e+03 1.776e+00  1  0   0  0   0   1         0
8960.389  8.960  0   0  0 3.746e+02 3.746e-01  0 3.215e+04 3.215e+01  1  0   0  0   0   1         0
8976.702  8.977  0   0  1 7.139e+03 7.139e+00  0 2.927e+03 2.927e+00  1  0   0  0   0   1         0
8972.483  8.972  0   0  9 3.346e+04 3.346e+01  0 2.837e+03 2.837e+00  1  0   0  0   0   1         0
8992.549  8.993  0   0  9 7.288e+02 7.288e-01  0 1.433e+03 1.433e+00  1  0   0  0   0   1         0
8972.040  8.972  0   0  0 9.202e+03 9.202e+00  0 3.614e+03 3.614e+00  1  0   0  0   0   1         0
8997.214  8.997  0   0  3 7.917e+03 7.917e+00  0 2.371e+04 2.371e+01  1  0   0  0   0   1         0
8982.714  8.983  0   0  5 2.679e+03 2.679e+00  0 1.049e+04 1.049e+01  1  0   0  0   0   1         0
8978.170  8.978  0   0  3 5.278e+03 5.278e+00  0 1.451e+04 1.451e+01  1  0   0  0   0   1         0
8964.681  8.965  0   0  3 1.078e+04 1.078e+01  0 1.186e+03 1.186e+00  1  0   0  0   0   1         0
8979.925  8.980  0   0  0 4.039e+02 4.039e-01  0 1.369e+01 1.369e-02  1  0   0  0   0   1         0
8956.610  8.957  0   0  0 1.284e+02 1.284e-01  0 6.850e+04 6.850e+01  1  0   0  0   0   1         0
8970.912  8.971  0   0  2 1.617e+03 1.617e+00  2 8.319e+03 8.319e+00  1  0   0  0   0   1         0
8964.306  8.964  0   0  1 2.344e+03 2.344e+00  0 2.059e+04 2.059e+01  1  0   0  0   0   1         0
8983.605  8.984  0   0  4 2.238e+03 2.238e+00  4 8.891e+03 8.891e+00  1  0   0  0   0   1         0
8988.274  8.988  0   0  6 1.140e+03 1.140e+00  6 6.556e+03 6.556e+00  1  0   0  0   0   1         0
8996.458  8.996  0   0  0 1.449e+04 1.449e+01  0 4.290e+02 4.290e-01  1  0   0  0   0   1         0
8961.176  8.961  0   0  1 3.751e+03 3.751e+00  0 4.710e+04 4.710e+01  1  0   0  0   0   1         0
8994.279  8.994  0   0  2 9.421e+03 9.421e+00  2 8.188e+03 8.188e+00  1  0   0  0   0   1         0
8992.351  8.992  0   0  4 4.523e+03 4.523e+00  4 6.432e+03 6.432e+00  1  0   0  0   0   1         0
8993.170  8.993  0   0  1 1.209e+03 1.209e+00  0 1.949e+03 1.949e+00  1  0   0  0   0   1         0
8987.102  8.987  0   0  4 2.788e+03 2.788e+00  4 6.278e+02 6.278e-01  1  0   0  0   0   1         0
8963.467  8.963  0   0  2 1.785e+02 1.785e-01  2 1.640e+03 1.640e+00  1  0   0  0   0   1         0
8993.938  8.994  0   0  8 1.053e+03 1.053e+00  8 7.508e+02 7.508e-01  1  0   0  0   0   1         0
9049.564  9.050  0   0  6 1.497e+04 1.497e+01  6 1.491e+04 1.491e+01  1  0   0  0   0   1         0
9040.505  9.041  0   0  2 1.033e+03 1.033e+00  2 3.425e+03 3.425e+00  1  0   0  0   0   1         0
9011.585  9.012  0   0  3 4.289e+02 4.289e-01  0 2.108e+04 2.108e+01  1  0   0  0   0   1         0
9012.975  9.013  0   0  0 8.189e+03 8.189e+00  0 1.094e+04 1.094e+01  1  0   0  0   0   1         0
9013.231  9.013  0   0  5 3.195e+02 3.195e-01  0 1.071e+03 1.071e+00  1  0   0  0   0   1         0
9047.179  9.047  0   0  5 7.805e+02 7.805e-01  0 5.052e+02 5.052e-01  1  0   0  0   0   1         0
9012.375  9.012  0   0  1 1.408e+04 1.408e+01  0 2.179e+04 2.179e+01  1  0   0  0   0   1         0
9025.621  9.026  0   0  0 8.727e+03 8.727e+00  0 2.984e+04 2.984e+01  1  0   0  0   0   1         0
9017.623  9.018  0   0  8 1.043e+04 1.043e+01  8 3.439e+03 3.439e+00  1  0   0  0   0   1         0
9018.194  9.018  0   0  2 2.878e+03 2.878e+00  2 9.982e+03 9.982e+00  1  0   0  0   0   1         0
9020.547  9.021  0   0  0 6.392e+03 6.392e+00  0 7.855e+03 7.855e+00  1  0   0  0   0   1         0
9017.380  9.017  0   0  1 9.776e+02 9.776e-01  0 4.985e+02 4.985e-01  1  0   0  0   0   1         0
9030.131  9.030  0   0  4 3.973e+02 3.973e-01  4 3.147e+03 3.147e+00  1  0   0  0   0   1         0
9021.411  9.021  0   0  3 1.118e+02 1.118e-01  0 4.601e+02 4.601e-01  1  0   0  0   0   1         0
9022.189  9.022  0   0  4 7.670e+02 7.670e-01  4 9.272e+01 9.272e-02  1  0   0  0   0   1         0
9025.440  9.025  0   0  7 4.400e+03 4.400e+00  0 3.627e+02 3.627e-01  1  0   0  0   0   1         0
9017.938  9.018  0   0  1 1.127e+03 1.127e+00  0 3.182e+04 3.182e+01  1  0   0  0   0   1         0
9037.831  9.038  0   0  0 2.392e+02 2.392e-01  0 6.595e+03 6.595e+00  1  0   0  0   0   1         0
9025.315  9.025  0   0  0 5.997e+00 5.997e-03  0 4.611e+03 4.611e+00  1  0   0  0   0   1         0
9025.601  9.026  0   0  1 5.371e+02 5.371e-01  0 2.944e+04 2.944e+01  1  0   0  0   0   1         0
9010.586  9.011  0   0  2 1.371e+03 1.371e+00  2 4.785e-01 4.785e-04  1  0   0  0   0   1         0
9001.559  9.002  0   0  0 5.961e+03 5.961e+00  0 2.334e+04 2.334e+01  1  0   0  0   0   1         0
9040.550  9.041  0   0  3 9.039e+02 9.039e-01  0 1.556e+02 1.556e-01  1  0   0  0   0   1         0
9042.843  9.043  0   0  0 1.633e+03 1.633e+00  0 9.453e+03 9.453e+00  1  0   0  0   0   1         0
9012.166  9.012  0   0  2 3.395e+03 3.395e+00  2 1.037e+04 1.037e+01  1  0   0  0   0   1         0
9018.131  9.018  0   0  5 2.897e+01 2.897e-02  0 2.402e+02 2.402e-01  1  0   0  0   0   1         0
9018.030  9.018  0   0  4 2.704e+03 2.704e+00  4 6.731e+03 6.731e+00  1  0   0  0   0   1         0
9034.331  9.034  0   0  3 6.400e+03 6.400e+00  0 4.012e+03 4.012e+00  1  0   0  0   0   1         0
9009.448  9.009  0   0  3 9.216e+02 9.216e-01  0 1.414e+04 1.414e+01  1  0   0  0   0   1         0
9048.947  9.049  0   0  4 2.101e+03 2.101e+00  4 2.823e+03 2.823e+00  1  0   0  0   0   1         0
9003.126  9.003  0   0  3 1.770e+03 1.770e+00  0 4.533e+02 4.533e-01  1  0   0  0   0   1         0
9048.702  9.049  0   0  3 5.783e+03 5.783e+00  0 1.115e+04 1.115e+01  1  0   0  0   0   1         0
9003.475  9.003  0   0  1 4.170e+02 4.170e-01  0 1.765e+04 1.765e+01  1  0   0  0   0   1         0
9015.998  9.016  0   0  1 1.620e+03 1.620e+00  0 9.311e+03 9.311e+00  1  0   0  0   0   1         0
9012.641  9.013  0   0  1 4.688e+02 4.688e-01  0 7.055e+03 7.055e+00  1  0   0  0   0   1         0
9013.090  9.013  0   0  4 9.705e+03 9.705e+00  4 1.427e+04 1.427e+01  1  0   0  0   0   1         0
9049.736  9.050  0   0  0 7.772e+01 7.772e-02  0 1.214e+03 1.214e+00  1  0   0  0   0   1         0
9023.057  9.023  0   0  6 3.266e+03 3.266e+00  6 5.616e+03 5.616e+00  1  0   0  0   0   1         0
9006.035  9.006  0   0  6 8.638e+03 8.638e+00  6 1.241e+04 1.241e+01  1  0   0  0   0   1         0
9049.124  9.049  0   0  1 2.887e+03 2.887e+00  0 5.207e+02 5.207e-01  1  0   0  0   0   1         0
9012.237  9.012  0   0  4 2.208e+02 2.208e-01  4 4.271e+03 4.271e+00  1  0   0  0   0   1         0
9003.665  9.004  0   0  0 2.757e+04 2.757e+01  0 7.420e+02 7.420e-01  1  0   0  0   0   1         0
9001.222  9.001  0   0  5 1.422e+02 1.422e-01  0 2.501e+04 2.501e+01  1  0   0  0   0   1         0
9023.301  9.023  0   0  6 2.184e+01 2.184e-02  6 3.814e+03 3.814e+00  1  0   0  0   0   1         0
9045.958  9.046  0   0  6 2.432e+02 2.432e-01  6 1.865e+04 1.865e+01  1  0   0  0   0   1         0
9000.857  9.001  0   0  3 3.039e+03 3.039e+00  0 5.496e+04 5.496e+01  1  0   0  0   0   1         0
9036.370  9.036  0   0  6 1.329e+02 1.329e-01  6 2.352e+04 2.352e+01  1  0   0  0   0   1         0
9013.130  9.013  0   0  0 1.954e+03 1.954e+00  0 4.796e+02 4.796e-01  1  0   0  0   0   1         0
9011.050  9.011  0   0  7 5.689e+02 5.689e-01  0 3.227e+02 3.227e-01  1  0   0  0   0   1         0
9035.306  9.035  0   0  1 1.604e+02 1.604e-01  0 3.304e+02 3.304e-01  1  0   0  0   0   1         0
9037.499  9.037  0   0  3 6.151e+01 6.151e-02  0 4.735e+03 4.735e+00  1  0   0  0   0   1         0
9028.089  9.028  0   0  1 1.215e+03 1.215e+00  0 2.602e+01 2.602e-02  1  0   0  0   0   1         0
9010.204  9.010  0   0  1 1.081e+02 1.081e-01  0 5.875e+03 5.875e+00  1  0   0  0   0   1         0
9000.319  9.000  0   0  0 6.872e+03 6.872e+00  0 3.856e+02 3.856e-01  1  0   0  0   0   1         0
9036.972  9.037  0   0  2 3.886e+01 3.886e-02  2 1.580e+02 1.580e-01  1  0   0  0   0   1         0
9030.115  9.030  0   0  6 7.495e+03 7.495e+00  6 1.809e+04 1.809e+01  1  0   0  0   0   1         0
9021.265  9.021  0   0  7 8.038e+02 8.038e-01  0 1.967e+04 1.967e+01  1  0   0  0   0   1         0
9010.774  9.011  0   0  7 1.491e+03 1.491e+00  0 1.729e+03 1.729e+00  1  0   0  0   0   1         0
9038.198  9.038  0   0  1 1.697e+03 1.697e+00  0 1.997e+04 1.997e+01  1  0   0  0   0   1         0
9003.582  9.004  0   0  1 4.487e+01 4.487e-02  0 4.960e+03 4.960e+00  1  0   0  0   0   1         0
9032.264  9.032  0   0  4 5.258e+01 5.258e-02  4 1.089e+03 1.089e+00  1  0   0  0   0   1         0
9034.540  9.035  0   0  3 5.954e+03 5.954e+00  0 2.108e+04 2.108e+01  1  0   0  0   0   1         0
9011.261  9.011  0   0  5 1.047e+04 1.047e+01  0 6.241e+02 6.241e-01  1  0   0  0   0   1         0
9024.307  9.024  0   0  5 9.934e+03 9.934e+00  0 2.217e+04 2.217e+01  1  0   0  0   0   1         0
9026.150  9.026  0   0  4 2.073e+01 2.073e-02  4 2.353e+01 2.353e-02  1  0   0  0   0   1         0
9029.700  9.030  0   0  3 2.154e+01 2.154e-02  0 4.165e+03 4.165e+00  1  0   0  0   0   1         0
9045.109  9.045  0   0  1 1.144e+04 1.144e+01  0 6.499e+03 6.499e+00  1  0   0  0   0   1         0
9027.460  9.027  0   0  3 3.078e+03 3.078e+00  0 1.951e+04 1.951e+01  1  0   0  0   0   1         0
9003.401  9.003  0   0  6 1.197e+03 1.197e+00  6 1.992e+03 1.992e+00  1  0   0  0   0   1         0
9017.376  9.017  0   0  2 1.118e+04 1.118e+01  2 8.134e+03 8.134e+00  1  0   0  0   0   1         0
9031.547  9.032  0   0  2 1.400e+03 1.400e+00  2 1.441e+04 1.441e+01  1  0   0  0   0   1         0
9016.782  9.017  0   0  1 1.682e+03 1.682e+00  0 1.058e+04 1.058e+01  1  0   0  0   0   1         0
9038.496  9.038  0   0  5 1.790e+04 1.790e+01  0 4.567e+02 4.567e-01  1  0   0  0   0   1         0
9009.582  9.010  0   0  3 5.679e+03 5.679e+00  0 3.153e+04 3.153e+01  1  0   0  0   0   1         0
9007.220  9.007  0   0  5 9.841e+02 9.841e-01  0 2.634e+04 2.634e+01  1  0   0  0   0   1         0
9011.652  9.012  0   0  2 1.068e+04 1.068e+01  2 1.515e+04 1.515e+01  1  0   0  0   0   1         0
9043.865  9.044  0   0  1 2.641e+03 2.641e+00  0 3.145e+04 3.145e+01  1  0   0  0   0   1         0
9034.168  9.034  0   0  2 2.374e+03 2.374e+00  2 8.110e+03 8.110e+00  1  0   0  0   0   1         0
9026.143  9.026  0   0  3 2.072e+03 2.072e+00  0 1.381e+04 1.381e+01  1  0   0  0   0   1         0
9015.135  9.015  0   0  3 1.859e+03 1.859e+00  0 4.200e+02 4.200e-01  1  0   0  0   0   1         0
9088.738  9.089  0   0  1 1.594e+02 1.594e-01  0 4.146e+03 4.146e+00  1  0   0  0   0   1         0
9095.433  9.095  0   0  0 5.573e+03 5.573e+00  0 5.655e+03 5.655e+00  1  0   0  0   0   1         0
9052.256  9.052  0   0  2 5.952e+01 5.952e-02  2 4.092e+03 4.092e+00  1  0   0  0   0   1         0
9053.706  9.054  0   0  2 9.488e+02 9.488e-01  2 1.293e+03 1.293e+00  1  0   0  0   0   1         0
9096.725  9.097  0   0  2 6.070e+03 6.070e+00  2 4.517e+03 4.517e+00  1  0   0  0   0   1         0
9057.467  9.057  0   0  4 1.397e+04 1.397e+01  4 2.011e+03 2.011e+00  1  0   0  0   0   1         0
9098.975  9.099  0   0  2 5.357e+03 5.357e+00  2 3.949e+01 3.949e-02  1  0   0  0   0   1         0
9091.489  9.091  0   0  0 1.601e+03 1.601e+00  0 1.457e+04 1.457e+01  1  0   0  0   0   1         0
9056.094  9.056  0   0  4 2.469e+02 2.469e-01  4 1.290e+04 1.290e+01  1  0   0  0   0   1         0
9055.177  9.055  0   0  7 3.550e+03 3.550e+00  0 3.881e+03 3.881e+00  1  0   0  0   0   1         0
9098.877  9.099  0   0  2 2.790e+03 2.790e+00  2 1.165e+03 1.165e+00  1  0   0  0   0   1         0
9062.846  9.063  0   0  4 6.738e+03 6.738e+00  4 1.668e+02 1.668e-01  1  0   0  0   0   1         0
9077.070  9.077  0   0  4 6.101e+03 6.101e+00  4 2.387e+03 2.387e+00  1  0   0  0   0   1         0
9061.911  9.062  0   0  5 6.968e+02 6.968e-01  0 5.603e+03 5.603e+00  1  0   0  0   0   1         0
9080.165  9.080  0   0  5 1.213e+04 1.213e+01  0 7.427e+03 7.427e+00  1  0   0  0   0   1         0
9092.075  9.092  0   0  3 2.892e+03 2.892e+00  0 1.237e+04 1.237e+01  1  0   0  0   0   1         0
9082.969  9.083  0   0  1 3.519e+02 3.519e-01  0 7.400e+03 7.400e+00  1  0   0  0   0   1         0
9052.355  9.052  0   0  5 1.005e+04 1.005e+01  0 6.725e+03 6.725e+00  1  0   0  0   0   1         0
9079.892  9.080  0   0  3 2.522e+03 2.522e+00  0 2.071e+04 2.071e+01  1  0   0  0   0   1         0
9083.174  9.083  0   0  1 7.528e+03 7.528e+00  0 7.459e+03 7.459e+00  1  0   0  0   0   1         0
9060.134  9.060  0   0  0 5.958e+02 5.958e-01  0 1.356e+04 1.356e+01  1  0   0  0   0   1         0
9088.205  9.088  0   0  0 1.140e+02 1.140e-01  0 8.284e+02 8.284e-01  1  0   0  0   0   1         0
9081.473  9.081  0   0  4 3.524e+01 3.524e-02  4 1.087e+01 1.087e-02  1  0   0  0   0   1         0
9050.483  9.050  0   0  2 2.151e+02 2.151e-01  2 7.217e+01 7.217e-02  1  0   0  0   0   1         0
9097.553  9.098  0   0  1 2.858e+01 2.858e-02  0 2.173e+04 2.173e+01  1  0   0  0   0   1         0
9072.415  9.072  0   0  1 2.433e+04 2.433e+01  0 1.673e+03 1.673e+00  1  0   0  0   0   1         0
9061.718  9.062  0   0  1 3.922e+03 3.922e+00  0 2.494e+03 2.494e+00  1  0   0  0   0   1         0
9054.353  9.054  0   0  2 7.119e+03 7.119e+00  2 1.751e+04 1.751e+01  1  0   0  0   0   1         0
9068.851  9.069  0   0  5 5.026e+02 5.026e-01  0 8.038e+02 8.038e-01  1  0   0  0   0   1         0
9065.506  9.066  0   0  2 1.258e+03 1.258e+00  2 4.011e+04 4.011e+01  1  0   0  0   0   1         0
9065.013  9.065  0   0  1 6.082e+02 6.082e-01  0 3.680e+04 3.680e+01  1  0   0  0   0   1         0
9089.750  9.090  0   0  7 6.676e+02 6.676e-01  0 2.244e+00 2.244e-03  1  0   0  0   0   1         0
9082.421  9.082  0   0  2 1.070e+03 1.070e+00  2 1.344e+03 1.344e+00  1  0   0  0   0   1         0
9056.716  9.057  0   0  0 2.022e+04 2.022e+01  0 7.466e+02 7.466e-01  1  0   0  0   0   1         0
9085.517  9.086  0   0  1 2.113e+04 2.113e+01  0 4.191e+02 4.191e-01  1  0   0  0   0   1         0
9086.283  9.086  0   0  1 8.471e+01 8.471e-02  0 2.249e+04 2.249e+01  1  0   0  0   0   1         0
9075.851  9.076  0   0  1 2.143e+03 2.143e+00  0 5.856e+03 5.856e+00  1  0   0  0   0   1         0
9099.791  9.100  0   0  4 2.076e+03 2.076e+00  4 9.847e+01 9.847e-02  1  0   0  0   0   1         0
9064.286  9.064  0   0  1 1.072e+04 1.072e+01  0 2.252e+02 2.252e-01  1  0   0  0   0   1         0
9052.953  9.053  0   0  6 1.060e+04 1.060e+01  6 2.963e+03 2.963e+00  1  0   0  0   0   1         0
9051.456  9.051  0   0  1 4.357e+03 4.357e+00  0 2.206e+04 2.206e+01  1  0   0  0   0   1         0
9066.147  9.066  0   0  2 4.577e+03 4.577e+00  2 4.976e+02 4.976e-01  1  0   0  0   0   1         0
9075.033  9.075  0   0  1 4.907e+02 4.907e-01  0 1.402e+04 1.402e+01  1  0   0  0   0   1         0
9053.951  9.054  0   0  9 1.521e+04 1.521e+01  0 4.354e+03 4.354e+00  1  0   0  0   0   1         0
9078.425  9.078  0   0  1 1.368e+03 1.368e+00  0 1.669e+04 1.669e+01  1  0   0  0   0   1         0
9095.092  9.095  0   0  6 2.800e+02 2.800e-01  6 1.913e+04 1.913e+01  1  0   0  0   0   1         0
9089.931  9.090  0   0  0 3.040e+02 3.040e-01  0 1.143e+04 1.143e+01  1  0   0  0   0   1         0
9083.744  9.084  0   0  2 2.210e+04 2.210e+01  2 1.461e+04 1.461e+01  1  0   0  0   0   1         0
9083.209  9.083  0   0  0 3.771e+01 3.771e-02  0 4.741e+02 4.741e-01  1  0   0  0   0   1         0
9086.623  9.087  0   0  1 2.818e+03 2.818e+00  0 5.151e+01 5.151e-02  1  0   0  0   0   1         0
9074.848  9.075  0   0  2 1.809e+03 1.809e+00  2 2.020e+03 2.020e+00  1  0   0  0   0   1         0
9070.222  9.070  0   0  4 7.662e+01 7.662e-02  4 1.662e+02 1.662e-01  1  0   0  0   0   1         0
9065.450  9.065  0   0  0 1.303e+04 1.303e+01  0 1.597e+00 1.597e-03  1  0   0  0   0   1         0
9055.031  9.055  0   0  0 1.139e+02 1.139e-01  0 2.499e+04 2.499e+01  1  0   0  0   0   1         0
9078.243  9.078  0   0  3 5.598e+03 5.598e+00  0 1.370e+04 1.370e+01  1  0   0  0   0   1         0
9073.763  9.074  0   0  5 1.581e-01 1.581e-04  0 1.401e+02 1.401e-01  1  0   0  0   0   1         0
9056.003  9.056  0   0  3 7.161e+02 7.161e-01  0 3.316e+03 3.316e+00  1  0   0  0   0   1         0
9063.522  9.064  0   0  3 3.632e+03 3.632e+00  0 2.549e+03 2.549e+00  1  0   0  0   0   1         0
9089.452  9.089  0   0  0 3.389e+02 3.389e-01  0 1.049e+04 1.049e+01  1  0   0  0   0   1         0
9062.885  9.063  0   0  4 6.151e+03 6.151e+00  4 3.542e+04 3.542e+01  1  0   0  0   0   1         0
9071.421  9.071  0   0  1 2.243e+03 2.243e+00  0 3.683e+04 3.683e+01  1  0   0  0   0   1         0
9058.140  9.058  0   0  2 1.789e+04 1.789e+01  2 3.904e+02 3.904e-01  1  0   0  0   0   1         0
9058.570  9.059  0   0  5 1.091e+03 1.091e+00  0 8.578e+03 8.578e+00  1  0   0  0   0   1         0
9087.918  9.088  0   0 10 2.455e+03 2.455e+00 10 1.824e+04 1.824e+01  1  0   0  0   0   1         0
9053.368  9.053  0   0  0 3.668e+04 3.668e+01  0 3.228e+03 3.228e+00  1  0   0  0   0   1         0
9064.364  9.064  0   0  1 4.214e+03 4.214e+00  0 4.046e+03 4.046e+00  1  0   0  0   0   1         0
9099.052  9.099  0   0  3 2.316e+02 2.316e-01  0 1.055e+04 1.055e+01  1  0   0  0   0   1         0
9073.932  9.074  0   0  1 2.242e+02 2.242e-01  0 6.611e+02 6.611e-01  1  0   0  0   0   1         0
9080.441  9.080  0   0  3 5.559e+03 5.559e+00  0 8.788e+02 8.788e-01  1  0   0  0   0   1         0
9082.166  9.082  0   0  6 9.748e+02 9.748e-01  6 6.458e+03 6.458e+00  1  0   0  0   0   1         0
9059.894  9.060  0   0  4 7.715e+02 7.715e-01  4 1.963e+04 1.963e+01  1  0   0  0   0   1         0
9068.595  9.069  0   0  4 5.186e+03 5.186e+00  4 2.654e+04 2.654e+01  1  0   0  0   0   1         0
9070.168  9.070  0   0  0 1.627e+02 1.627e-01  0 9.540e+03 9.540e+00  1  0   0  0   0   1         0
9061.632  9.062  0   0  0 1.205e+03 1.205e+00  0 9.555e+03 9.555e+00  1  0   0  0   0   1         0
9148.533  9.149  0   0  4 4.747e+02 4.747e-01  4 1.973e+03 1.973e+00  1  0   0  0   0   1         0
9125.189  9.125  0   0  5 2.624e+03 2.624e+00  0 1.465e+04 1.465e+01  1  0   0  0   0   1         0
9100.410  9.100  0   0  5 1.472e+03 1.472e+00  0 1.920e+04 1.920e+01  1  0   0  0   0   1         0
9100.311  9.100  0   0  1 1.995e+03 1.995e+00  0 1.737e+03 1.737e+00  1  0   0  0   0   1         0
9147.080  9.147  0   0  0 2.212e+03 2.212e+00  0 1.108e+04 1.108e+01  1  0   0  0   0   1         0
9114.168  9.114  0   0  1 3.656e+01 3.656e-02  0 2.032e+04 2.032e+01  1  0   0  0   0   1         0
9140.685  9.141  0   0  4 1.275e+04 1.275e+01  4 3.447e+04 3.447e+01  1  0   0  0   0   1         0
9102.200  9.102  0   0  4 3.813e+03 3.813e+00  4 1.440e+03 1.440e+00  1  0   0  0   0   1         0
9107.414  9.107  0   0  2 2.333e+03 2.333e+00  2 2.856e+01 2.856e-02  1  0   0  0   0   1         0
9142.904  9.143  0   0  3 5.009e+00 5.009e-03  0 3.673e+03 3.673e+00  1  0   0  0   0   1         0
9149.708  9.150  0   0  1 1.111e+01 1.111e-02  0 2.301e+04 2.301e+01  1  0   0  0   0   1         0
9102.623  9.103  0   0  1 4.329e+03 4.329e+00  0 6.083e+02 6.083e-01  1  0   0  0   0   1         0
9108.457  9.108  0   0  0 2.841e+02 2.841e-01  0 2.031e+04 2.031e+01  1  0   0  0   0   1         0
9136.253  9.136  0   0  2 9.091e+03 9.091e+00  2 2.514e+04 2.514e+01  1  0   0  0   0   1         0
9126.609  9.127  0   0  3 6.168e+03 6.168e+00  0 3.041e+03 3.041e+00  1  0   0  0   0   1         0
9120.428  9.120  0   0  6 1.524e+00 1.524e-03  6 8.083e+03 8.083e+00  1  0   0  0   0   1         0
9109.808  9.110  0   0  1 2.672e+03 2.672e+00  0 1.894e+03 1.894e+00  1  0   0  0   0   1         0
9147.299  9.147  0   0  5 5.408e+03 5.408e+00  0 1.490e+01 1.490e-02  1  0   0  0   0   1         0
9108.691  9.109  0   0  3 2.803e+03 2.803e+00  0 1.722e+04 1.722e+01  1  0   0  0   0   1         0
9113.368  9.113  0   0  0 3.073e+03 3.073e+00  0 2.850e+04 2.850e+01  1  0   0  0   0   1         0
9116.333  9.116  0   0  1 9.868e+03 9.868e+00  0 3.795e+04 3.795e+01  1  0   0  0   0   1         0
9106.994  9.107  0   0  7 1.424e+04 1.424e+01  0 2.048e+01 2.048e-02  1  0   0  0   0   1         0
9126.945  9.127  0   0  4 1.083e+03 1.083e+00  4 2.585e+02 2.585e-01  1  0   0  0   0   1         0
9117.188  9.117  0   0  7 1.591e+03 1.591e+00  0 7.972e+04 7.972e+01  1  0   0  0   0   1         0
9130.520  9.131  0   0  4 3.815e+03 3.815e+00  4 1.846e+03 1.846e+00  1  0   0  0   0   1         0
9118.518  9.119  0   0  2 2.308e+02 2.308e-01  2 2.211e+04 2.211e+01  1  0   0  0   0   1         0
9105.877  9.106  0   0  6 6.686e+03 6.686e+00  6 1.227e+02 1.227e-01  1  0   0  0   0   1         0
9143.689  9.144  0   0  3 4.997e+03 4.997e+00  0 1.470e+01 1.470e-02  1  0   0  0   0   1         0
9125.617  9.126  0   0  3 3.832e+03 3.832e+00  0 5.093e+01 5.093e-02  1  0   0  0   0   1         0
9116.210  9.116  0   0  3 4.209e+03 4.209e+00  0 3.818e+02 3.818e-01  1  0   0  0   0   1         0
9100.827  9.101  0   0  5 5.509e+03 5.509e+00  0 6.712e+04 6.712e+01  1  0   0  0   0   1         0
9130.021  9.130  0   0  4 4.071e+03 4.071e+00  4 4.439e+02 4.439e-01  1  0   0  0   0   1         0
9139.216  9.139  0   0  7 4.191e+01 4.191e-02  0 3.552e+04 3.552e+01  1  0   0  0   0   1         0
9132.625  9.133  0   0  0 1.132e+04 1.132e+01  0 1.576e+03 1.576e+00  1  0   0  0   0   1         0
9139.475  9.139  0   0  1 5.641e+03 5.641e+00  0 5.599e+03 5.599e+00  1  0   0  0   0   1         0
9107.820  9.108  0   0  2 1.216e+04 1.216e+01  2 1.606e+02 1.606e-01  1  0   0  0   0   1         0
9148.600  9.149  0   0  6 1.180e+03 1.180e+00  6 8.880e+02 8.880e-01  1  0   0  0   0   1         0
9110.657  9.111  0   0  0 2.446e+02 2.446e-01  0 5.008e+03 5.008e+00  1  0   0  0   0   1         0
9113.445  9.113  0   0  1 7.488e+01 7.488e-02  0 2.499e+03 2.499e+00  1  0   0  0   0   1         0
9125.751  9.126  0   0  9 9.574e+02 9.574e-01  0 1.261e+04 1.261e+01  1  0   0  0   0   1         0
9100.263  9.100  0   0  1 1.771e+03 1.771e+00  0 9.089e+03 9.089e+00  1  0   0  0   0   1         0
9122.255  9.122  0   0  4 1.398e+03 1.398e+00  4 1.798e+04 1.798e+01  1  0   0  0   0   1         0
9109.871  9.110  0   0  0 4.542e+02 4.542e-01  0 4.839e+03 4.839e+00  1  0   0  0   0   1         0
9137.551  9.138  0   0  8 2.136e+03 2.136e+00  8 7.563e+04 7.563e+01  1  0   0  0   0   1         0
9137.986  9.138  0   0  0 6.250e+01 6.250e-02  0 5.028e+03 5.028e+00  1  0   0  0   0   1         0
9130.914  9.131  0   0  5 5.027e+03 5.027e+00  0 1.422e+04 1.422e+01  1  0   0  0   0   1         0
9121.216  9.121  0   0  1 2.228e+03 2.228e+00  0 6.043e+03 6.043e+00  1  0   0  0   0   1         0
9115.627  9.116  0   0  3 1.490e+03 1.490e+00  0 2.864e+03 2.864e+00  1  0   0  0   0   1         0
9141.449  9.141  0   0  3 1.420e+03 1.420e+00  0 4.413e+04 4.413e+01  1  0   0  0   0   1         0
9125.489  9.125  0   0  7 1.819e+03 1.819e+00  0 2.948e+04 2.948e+01  1  0   0  0   0   1         0
9124.958  9.125  0   0  5 6.244e+03 6.244e+00  0 6.334e+03 6.334e+00  1  0   0  0   0   1         0
9105.726  9.106  0   0  4 1.008e+03 1.008e+00  4 5.240e+03 5.240e+00  1  0   0  0   0   1         0
9111.012  9.111  0   0  1 6.239e+02 6.239e-01  0 2.233e+03 2.233e+00  1  0   0  0   0   1         0
9118.149  9.118  0   0  1 7.833e+02 7.833e-01  0 1.446e+04 1.446e+01  1  0   0  0   0   1         0
9135.055  9.135  0   0  0 4.030e+02 4.030e-01  0 9.070e+03 9.070e+00  1  0   0  0   0   1         0
9142.333  9.142  0   0  2 7.433e+02 7.433e-01  2 9.972e+01 9.972e-02  1  0   0  0   0   1         0
9149.647  9.150  0   0  2 4.984e+03 4.984e+00  2 4.491e+02 4.491e-01  1  0   0  0   0   1         0
9121.503  9.122  0   0  8 6.902e+02 6.902e-01  8 5.396e+02 5.396e-01  1  0   0  0   0   1         0
9122.794  9.123  0   0  0 8.301e+02 8.301e-01  0 1.803e+04 1.803e+01  1  0   0  0   0   1         0
9138.399  9.138  0   0  3 2.326e+02 2.326e-01  0 5.171e+04 5.171e+01  1  0   0  0   0   1         0
9116.179  9.116  0   0  2 2.024e+02 2.024e-01  2 5.607e+03 5.607e+00  1  0   0  0   0   1         0
9127.159  9.127  0   0  0 2.015e+02 2.015e-01  0 1.242e+01 1.242e-02  1  0   0  0   0   1         0
9133.968  9.134  0   0  4 2.085e+00 2.085e-03  4 6.658e+03 6.658e+00  1  0   0  0   0   1         0
9111.910  9.112  0   0  4 1.839e-04 1.839e-07  4 1.953e+02 1.953e-01  1  0   0  0   0   1         0
9114.088  9.114  0   0  3 8.744e+03 8.744e+00  0 2.410e+04 2.410e+01  1  0   0  0   0   1         0
9117.933  9.118  0   0  6 2.897e+03 2.897e+00  6 1.742e+04 1.742e+01  1  0   0  0   0   1         0
9129.015  9.129  0   0  5 2.059e+03 2.059e+00  0 2.279e+03 2.279e+00  1  0   0  0   0   1         0
9113.627  9.114  0   0  2 1.362e+04 1.362e+01  2 1.430e+03 1.430e+00  1  0   0  0   0   1         0
9110.498  9.110  0   0  0 6.974e+03 6.974e+00  0 1.349e+02 1.349e-01  1  0   0  0   0   1         0
9107.544  9.108  0   0  3 4.592e+02 4.592e-01  0 1.192e+03 1.192e+00  1  0   0  0   0   1         0
9140.548  9.141  0   0  0 5.962e+03 5.962e+00  0 3.036e+03 3.036e+00  1  0   0  0   0   1         0
9144.352  9.144  0   0  2 2.191e+03 2.191e+00  2 1.224e+03 1.224e+00  1  0   0  0   0   1         0
9145.282  9.145  0   0  1 3.340e+02 3.340e-01  0 1.094e+04 1.094e+01  1  0   0  0   0   1         0
9141.160  9.141  0   0  4 1.682e+02 1.682e-01  4 3.464e+00 3.464e-03  1  0   0  0   0   1         0
9106.929  9.107  0   0  3 3.001e+01 3.001e-02  0 6.575e+03 6.575e+00  1  0   0  0   0   1         0
9104.935  9.105  0   0  4 2.098e+02 2.098e-01  4 2.909e+03 2.909e+00  1  0   0  0   0   1         0
9125.093  9.125  0   0  2 1.121e+03 1.121e+00  2 1.824e+03 1.824e+00  1  0   0  0   0   1         0
9126.205  9.126  0   0  1 8.273e+03 8.273e+00  0 4.680e+02 4.680e-01  1  0   0  0   0   1         0
9169.272  9.169  0   0  4 7.690e+03 7.690e+00  4 3.752e+03 3.752e+00  1  0   0  0   0   1         0
9159.281  9.159  0   0  4 1.969e+02 1.969e-01  4 9.917e+03 9.917e+00  1  0   0  0   0   1         0
9187.658  9.188  0   0  9 2.170e+03 2.170e+00  0 1.225e+04 1.225e+01  1  0   0  0   0   1         0
9182.977  9.183  0   0  3 1.107e+02 1.107e-01  0 6.634e+01 6.634e-02  1  0   0  0   0   1         0
9197.292  9.197  0   0  1 2.318e+03 2.318e+00  0 1.059e+04 1.059e+01  1  0   0  0   0   1         0
9193.946  9.194  0   0  2 3.380e+03 3.380e+00  2 1.033e+03 1.033e+00  1  0   0  0   0   1         0
9184.827  9.185  0   0  7 1.149e+04 1.149e+01  0 2.503e+03 2.503e+00  1  0   0  0   0   1         0
9158.121  9.158  0   0  6 6.851e+02 6.851e-01  6 6.432e+04 6.432e+01  1  0   0  0   0   1         0
9174.291  9.174  0   0  4 6.544e+03 6.544e+00  4 1.710e+02 1.710e-01  1  0   0  0   0   1         0
9155.995  9.156  0   0  1 1.675e+02 1.675e-01  0 2.055e+01 2.055e-02  1  0   0  0   0   1         0
9177.600  9.178  0   0  5 1.494e+03 1.494e+00  0 9.274e+03 9.274e+00  1  0   0  0   0   1         0
9195.879  9.196  0   0  2 7.122e+03 7.122e+00  2 2.198e+04 2.198e+01  1  0   0  0   0   1         0
9150.193  9.150  0   0  4 7.443e+03 7.443e+00  4 1.388e+03 1.388e+00  1  0   0  0   0   1         0
9193.857  9.194  0   0  5 1.154e+04 1.154e+01  0 1.824e+04 1.824e+01  1  0   0  0   0   1         0
9177.097  9.177  0   0  0 5.810e+02 5.810e-01  0 6.124e+03 6.124e+00  1  0   0  0   0   1         0
9157.630  9.158  0   0  4 9.734e-01 9.734e-04  4 2.037e+02 2.037e-01  1  0   0  0   0   1         0
9192.858  9.193  0   0  3 7.528e+02 7.528e-01  0 2.337e+04 2.337e+01  1  0   0  0   0   1         0
9176.976  9.177  0   0  1 5.500e+02 5.500e-01  0 3.664e+03 3.664e+00  1  0   0  0   0   1         0
9172.539  9.173  0   0  5 3.387e+01 3.387e-02  0 3.693e+01 3.693e-02  1  0   0  0   0   1         0
9175.117  9.175  0   0  2 6.371e+02 6.371e-01  2 1.044e+03 1.044e+00  1  0   0  0   0   1         0
9157.435  9.157  0   0  2 5.106e+03 5.106e+00  2 9.622e+02 9.622e-01  1  0   0  0   0   1         0
9155.690  9.156  0   0  3 4.934e+03 4.934e+00  0 1.528e+03 1.528e+00  1  0   0  0   0   1         0
9183.195  9.183  0   0  6 7.890e+03 7.890e+00  6 1.562e+02 1.562e-01  1  0   0  0   0   1         0
9194.076  9.194  0   0  6 1.502e+01 1.502e-02  6 9.638e+03 9.638e+00  1  0   0  0   0   1         0
9184.834  9.185  0   0  5 1.752e+04 1.752e+01  0 2.609e+03 2.609e+00  1  0   0  0   0   1         0
9192.109  9.192  0   0  2 1.312e+03 1.312e+00  2 1.020e+04 1.020e+01  1  0   0  0   0   1         0
9192.307  9.192  0   0  6 2.764e+03 2.764e+00  6 2.456e+04 2.456e+01  1  0   0  0   0   1         0
9151.618  9.152  0   0  3 2.011e+01 2.011e-02  0 1.832e+04 1.832e+01  1  0   0  0   0   1         0
9188.640  9.189  0   0  1 1.580e+03 1.580e+00  0 2.423e+02 2.423e-01  1  0   0  0   0   1         0
9188.697  9.189  0   0  4 1.652e+03 1.652e+00  4 3.098e+04 3.098e+01  1  0   0  0   0   1         0
9167.619  9.168  0   0  1 3.538e+01 3.538e-02  0 3.510e+04 3.510e+01  1  0   0  0   0   1         0
9170.620  9.171  0   0  8 5.653e+03 5.653e+00  8 1.342e+03 1.342e+00  1  0   0  0   0   1         0
9187.374  9.187  0   0  4 2.628e+03 2.628e+00  4 3.565e+03 3.565e+00  1  0   0  0   0   1         0
9199.334  9.199  0   0  4 6.769e+03 6.769e+00  4 1.946e+03 1.946e+00  1  0   0  0   0   1         0
9199.397  9.199  0   0  2 8.882e+02 8.882e-01  2 7.386e+04 7.386e+01  1  0   0  0   0   1         0
9173.823  9.174  0   0  0 7.952e+02 7.952e-01  0 1.948e+04 1.948e+01  1  0   0  0   0   1         0
9189.564  9.190  0   0  0 7.567e+02 7.567e-01  0 3.721e+02 3.721e-01  1  0   0  0   0   1         0
9173.434  9.173  0   0  3 1.764e+03 1.764e+00  0 3.934e+04 3.934e+01  1  0   0  0   0   1         0
9193.358  9.193  0   0  6 1.626e+03 1.626e+00  6 1.418e+03 1.418e+00  1  0   0  0   0   1         0
9182.606  9.183  0   0  2 7.072e+02 7.072e-01  2 8.053e+03 8.053e+00  1  0   0  0   0   1         0
9196.863  9.197  0   0  5 1.100e+04 1.100e+01  0 1.157e+03 1.157e+00  1  0   0  0   0   1         0
9199.863  9.200  0   0  3 1.245e+02 1.245e-01  0 4.197e+04 4.197e+01  1  0   0  0   0   1         0
9166.626  9.167  0   0  6 8.813e+03 8.813e+00  6 4.693e+03 4.693e+00  1  0   0  0   0   1         0
9198.977  9.199  0   0  0 6.455e+03 6.455e+00  0 4.262e+03 4.262e+00  1  0   0  0   0   1         0
9184.737  9.185  0   0  1 3.823e+02 3.823e-01  0 5.734e+04 5.734e+01  1  0   0  0   0   1         0
9162.000  9.162  0   0  3 4.576e+03 4.576e+00  0 6.399e+03 6.399e+00  1  0   0  0   0   1         0
9150.157  9.150  0   0  6 5.325e+02 5.325e-01  6 3.624e+03 3.624e+00  1  0   0  0   0   1         0
9184.305  9.184  0   0  7 4.615e+03 4.615e+00  0 2.243e+02 2.243e-01  1  0   0  0   0   1         0
9161.210  9.161  0   0  0 1.585e+02 1.585e-01  0 4.202e+03 4.202e+00  1  0   0  0   0   1         0
9161.663  9.162  0   0  1 1.536e+03 1.536e+00  0 2.182e+04 2.182e+01  1  0   0  0   0   1         0
9177.738  9.178  0   0  4 3.948e+03 3.948e+00  4 2.890e+02 2.890e-01  1  0   0  0   0   1         0
9151.562  9.152  0   0  1 9.680e+02 9.680e-01  0 5.311e+02 5.311e-01  1  0   0  0   0   1         0
9170.947  9.171  0   0  2 1.393e+04 1.393e+01  2 2.071e+03 2.071e+00  1  0   0  0   0   1         0
9190.053  9.190  0   0  9 4.460e+03 4.460e+00  0 6.240e+01 6.240e-02  1  0   0  0   0   1         0
9151.377  9.151  0   0  2 1.106e+04 1.106e+01  2 7.494e+02 7.494e-01  1  0   0  0   0   1         0
9181.320  9.181  0   0  6 1.397e+04 1.397e+01  6 1.375e+03 1.375e+00  1  0   0  0   0   1         0
9157.990  9.158  0   0  1 6.102e+02 6.102e-01  0 5.848e+03 5.848e+00  1  0   0  0   0   1         0
9193.204  9.193  0   0  3 3.216e+04 3.216e+01  0 1.812e+04 1.812e+01  1  0   0  0   0   1         0
9169.660  9.170  0   0  6 2.978e+03 2.978e+00  6 4.316e+04 4.316e+01  1  0   0  0   0   1         0
9190.686  9.191  0   0  6 1.477e+03 1.477e+00  6 1.589e+04 1.589e+01  1  0   0  0   0   1         0
9186.296  9.186  0   0  2 1.394e+04 1.394e+01  2 3.360e+00 3.360e-03  1  0   0  0   0   1         0
9193.948  9.194  0   0  0 5.595e+02 5.595e-01  0 2.645e+02 2.645e-01  1  0   0  0   0   1         0
9175.974  9.176  0   0  4 3.635e+02 3.635e-01  4 8.331e+02 8.331e-01  1  0   0  0   0   1         0
9174.437  9.174  0   0  5 7.307e+03 7.307e+00  0 2.340e+04 2.340e+01  1  0   0  0   0   1         0
9151.891  9.152  0   0  3 4.440e+03 4.440e+00  0 2.575e+03 2.575e+00  1  0   0  0   0   1         0
9176.822  9.177  0   0  1 5.205e+03 5.205e+00  0 5.513e-01 5.513e-04  1  0   0  0   0   1         0
9176.230  9.176  0   0  0 3.069e+03 3.069e+00  0 3.869e+02 3.869e-01  1  0   0  0   0   1         0
9180.445  9.180  0   0  0 5.777e+03 5.777e+00  0 2.105e+03 2.105e+00  1  0   0  0   0   1         0
9156.611  9.157  0   0  2 6.969e+02 6.969e-01  2 4.316e+04 4.316e+01  1  0   0  0   0   1         0
9177.129  9.177  0   0  3 2.670e+01 2.670e-02  0 7.512e+03 7.512e+00  1  0   0  0   0   1         0
9172.832  9.173  0   0  2 1.882e+03 1.882e+00  2 1.340e+02 1.340e-01  1  0   0  0   0   1         0
9179.925  9.180  0   0  0 7.623e+03 7.623e+00  0 3.589e+04 3.589e+01  1  0   0  0   0   1         0
9183.145  9.183  0   0  3 1.241e+03 1.241e+00  0 2.347e+03 2.347e+00  1  0   0  0   0   1         0
9168.193  9.168  0   0  1 1.139e+03 1.139e+00  0 1.240e+03 1.240e+00  1  0   0  0   0   1         0
9175.334  9.175  0   0  5 3.051e+03 3.051e+00  0 2.748e+03 2.748e+00  1  0   0  0   0   1         0
9169.881  9.170  0   0  2 5.398e+02 5.398e-01  2 4.585e+03 4.585e+00  1  0   0  0   0   1         0
9188.368  9.188  0   0  6 8.347e+02 8.347e-01  6 8.161e+02 8.161e-01  1  0   0  0   0   1         0
9189.906  9.190  0   0  3 4.203e+01 4.203e-02  0 2.973e+04 2.973e+01  1  0   0  0   0   1         0
9164.757  9.165  0   0  5 3.570e+03 3.570e+00  0 1.575e+03 1.575e+00  1  0   0  0   0   1         0
9163.079  9.163  0   0  0 8.537e-01 8.537e-04  0 1.782e+03 1.782e+00  1  0   0  0   0   1         0
9211.681  9.212  0   0  2 3.946e+03 3.946e+00  2 5.457e+03 5.457e+00  1  0   0  0   0   1         0
9243.896  9.244  0   0  4 5.841e+02 5.841e-01  4 3.301e+02 3.301e-01  1  0   0  0   0   1         0
9219.349  9.219  0   0  0 1.139e+03 1.139e+00  0 4.216e+03 4.216e+00  1  0   0  0   0   1         0
9209.032  9.209  0   0  3 3.056e+02 3.056e-01  0 2.566e+03 2.566e+00  1  0   0  0   0   1         0
9230.522  9.231  0   0  1 9.880e+03 9.880e+00  0 2.380e+04 2.380e+01  1  0   0  0   0   1         0
9210.358  9.210  0   0  4 1.224e+02 1.224e-01  4 1.140e+03 1.140e+00  1  0   0  0   0   1         0
9213.134  9.213  0   0  4 2.185e+03 2.185e+00  4 1.113e+04 1.113e+01  1  0   0  0   0   1         0
9233.753  9.234  0   0  5 1.714e+03 1.714e+00  0 9.632e+02 9.632e-01  1  0   0  0   0   1         0
9247.981  9.248  0   0  5 2.029e+04 2.029e+01  0 1.172e+04 1.172e+01  1  0   0  0   0   1         0
9237.835  9.238  0   0  2 3.562e+02 3.562e-01  2 5.348e+02 5.348e-01  1  0   0  0   0   1         0
9206.264  9.206  0   0  1 2.655e+01 2.655e-02  0 3.431e+03 3.431e+00  1  0   0  0   0   1         0
9215.739  9.216  0   0  3 9.956e+02 9.956e-01  0 4.693e+03 4.693e+00  1  0   0  0   0   1         0
9239.901  9.240  0   0  4 5.053e+03 5.053e+00  4 1.887e+03 1.887e+00  1  0   0  0   0   1         0
9213.861  9.214  0   0  3 1.325e+03 1.325e+00  0 1.094e+03 1.094e+00  1  0   0  0   0   1         0
9237.102  9.237  0   0  5 4.828e+02 4.828e-01  0 4.960e+00 4.960e-03  1  0   0  0   0   1         0
9223.718  9.224  0   0  4 2.158e+03 2.158e+00  4 2.826e+03 2.826e+00  1  0   0  0   0   1         0
9244.273  9.244  0   0  5 2.124e+02 2.124e-01  0 4.162e+03 4.162e+00  1  0   0  0   0   1         0
9218.076  9.218  0   0  6 1.047e+04 1.047e+01  6 8.882e+03 8.882e+00  1  0   0  0   0   1         0
9246.760  9.247  0   0  4 1.126e+02 1.126e-01  4 1.701e+01 1.701e-02  1  0   0  0   0   1         0
9220.496  9.220  0   0  4 7.478e+01 7.478e-02  4 4.203e+03 4.203e+00  1  0   0  0   0   1         0
9236.414  9.236  0   0  5 3.553e+02 3.553e-01  0 1.393e+03 1.393e+00  1  0   0  0   0   1         0
9209.841  9.210  0   0  1 1.234e+04 1.234e+01  0 3.920e+04 3.920e+01  1  0   0  0   0   1         0
9226.668  9.227  0   0  1 6.618e+00 6.618e-03  0 3.241e+01 3.241e-02  1  0   0  0   0   1         0
9215.618  9.216  0   0  3 2.596e+02 2.596e-01  0 6.897e+03 6.897e+00  1  0   0  0   0   1         0
9200.643  9.201  0   0  2 5.579e+03 5.579e+00  2 1.964e+02 1.964e-01  1  0   0  0   0   1         0
9221.991  9.222  0   0  0 2.044e+03 2.044e+00  0 1.744e+04 1.744e+01  1  0   0  0   0   1         0
9208.699  9.209  0   0  0 3.286e+02 3.286e-01  0 2.000e+03 2.000e+00  1  0   0  0   0   1         0
9247.949  9.248  0   0  0 8.303e+03 8.303e+00  0 1.569e+02 1.569e-01  1  0   0  0   0   1         0
9240.509  9.241  0   0  4 2.138e+03 2.138e+00  4 5.026e+04 5.026e+01  1  0   0  0   0   1         0
9237.075  9.237  0   0  2 7.592e+03 7.592e+00  2 6.005e+03 6.005e+00  1  0   0  0   0   1         0
9222.794  9.223  0   0  5 1.893e+04 1.893e+01  0 9.135e+03 9.135e+00  1  0   0  0   0   1         0
9213.055  9.213  0   0  6 1.911e+03 1.911e+00  6 8.470e+02 8.470e-01  1  0   0  0   0   1         0
9216.331  9.216  0   0  0 8.670e+02 8.670e-01  0 2.849e+04 2.849e+01  1  0   0  0   0   1         0
9210.302  9.210  0   0  2 7.097e+03 7.097e+00  2 1.254e+04 1.254e+01  1  0   0  0   0   1         0
9227.722  9.228  0   0  2 2.182e+03 2.182e+00  2 3.677e+03 3.677e+00  1  0   0  0   0   1         0
9240.642  9.241  0   0  2 2.059e+03 2.059e+00  2 1.233e+01 1.233e-02  1  0   0  0   0   1         0
9209.450  9.209  0   0  3 6.714e-02 6.714e-05  0 3.648e+04 3.648e+01  1  0   0  0   0   1         0
9200.230  9.200  0   0  2 1.934e+03 1.934e+00  2 1.076e+04 1.076e+01  1  0   0  0   0   1         0
9206.337  9.206  0   0  3 5.950e+02 5.950e-01  0 4.210e+04 4.210e+01  1  0   0  0   0   1         0
9223.175  9.223  0   0  5 6.074e+03 6.074e+00  0 5.159e+03 5.159e+00  1  0   0  0   0   1         0
9200.939  9.201  0   0  6 1.114e+04 1.114e+01  6 5.687e+03 5.687e+00  1  0   0  0   0   1         0
9220.288  9.220  0   0  3 7.776e+03 7.776e+00  0 1.532e+04 1.532e+01  1  0   0  0   0   1         0
9205.609  9.206  0   0  4 1.975e+03 1.975e+00  4 1.689e+04 1.689e+01  1  0   0  0   0   1         0
9205.438  9.205  0   0  3 5.125e+03 5.125e+00  0 1.987e+03 1.987e+00  1  0   0  0   0   1         0
9235.736  9.236  0   0  6 2.254e+04 2.254e+01  6 3.891e+04 3.891e+01  1  0   0  0   0   1         0
9249.975  9.250  0   0  1 6.323e+03 6.323e+00  0 2.665e+02 2.665e-01  1  0   0  0   0   1         0
9209.805  9.210  0   0  3 3.270e+03 3.270e+00  0 2.490e+03 2.490e+00  1  0   0  0   0   1         0
9211.571  9.212  0   0  3 3.989e+03 3.989e+00  0 3.160e+03 3.160e+00  1  0   0  0   0   1         0
9214.929  9.215  0   0  9 3.639e+03 3.639e+00  0 5.854e+01 5.854e-02  1  0   0  0   0   1         0
9239.342  9.239  0   0  4 9.231e+03 9.231e+00  4 2.717e+03 2.717e+00  1  0   0  0   0   1         0
9225.424  9.225  0   0  7 5.051e+03 5.051e+00  0 2.692e+04 2.692e+01  1  0   0  0   0   1         0
9228.660  9.229  0   0  6 5.450e+02 5.450e-01  6 3.775e+03 3.775e+00  1  0   0  0   0   1         0
9227.453  9.227  0   0  5 7.673e+03 7.673e+00  0 5.192e+03 5.192e+00  1  0   0  0   0   1         0
9246.898  9.247  0   0  9 4.568e+03 4.568e+00  0 1.542e+04 1.542e+01  1  0   0  0   0   1         0
9201.760  9.202  0   0  0 1.289e+03 1.289e+00  0 5.188e+03 5.188e+00  1  0   0  0   0   1         0
9207.965  9.208  0   0  5 7.102e+03 7.102e+00  0 4.535e+03 4.535e+00  1  0   0  0   0   1         0
9219.228  9.219  0   0  6 7.617e+02 7.617e-01  6 1.709e+00 1.709e-03  1  0   0  0   0   1         0
9224.530  9.225  0   0  4 7.317e+02 7.317e-01  4 3.715e+01 3.715e-02  1  0   0  0   0   1         0
9205.749  9.206  0   0  1 8.478e+03 8.478e+00  0 1.676e+04 1.676e+01  1  0   0  0   0   1         0
9244.707  9.245  0   0  9 6.560e+03 6.560e+00  0 1.988e+04 1.988e+01  1  0   0  0   0   1         0
9234.005  9.234  0   0  2 1.010e+01 1.010e-02  2 3.431e+04 3.431e+01  1  0   0  0   0   1         0
9246.644  9.247  0   0  2 3.831e+03 3.831e+00  2 1.576e+04 1.576e+01  1  0   0  0   0   1         0
9247.068  9.247  0   0  2 1.505e+03 1.505e+00  2 5.925e+02 5.925e-01  1  0   0  0   0   1         0
9225.756  9.226  0   0  1 6.339e+03 6.339e+00  0 1.641e+04 1.641e+01  1  0   0  0   0   1         0
9242.714  9.243  0   0  0 7.139e+02 7.139e-01  0 1.165e+04 1.165e+01  1  0   0  0   0   1         0
9236.937  9.237  0   0  2 8.484e+03 8.484e+00  2 2.415e+03 2.415e+00  1  0   0  0   0   1         0
9218.145  9.218  0   0  4 1.326e+00 1.326e-03  4 1.132e+04 1.132e+01  1  0   0  0   0   1         0
9232.983  9.233  0   0  1 8.144e+03 8.144e+00  0 5.166e+03 5.166e+00  1  0   0  0   0   1         0
9247.660  9.248  0   0  2 1.656e+03 1.656e+00  2 1.237e+04 1.237e+01  1  0   0  0   0   1         0
9238.293  9.238  0   0  5 2.543e+04 2.543e+01  0 5.959e+02 5.959e-01  1  0   0  0   0   1         0
9235.577  9.236  0   0  3 8.025e+03 8.025e+00  0 1.240e+04 1.240e+01  1  0   0  0   0   1         0
9211.183  9.211  0   0  1 8.108e+02 8.108e-01  0 1.111e+03 1.111e+00  1  0   0  0   0   1         0
9241.628  9.242  0   0  8 9.458e+02 9.458e-01  8 2.643e+03 2.643e+00  1  0   0  0   0   1         0
9251.806  9.252  0   0  5 2.701e+03 2.701e+00  0 9.566e+04 9.566e+01  1  0   0  0   0   1         0
9265.377  9.265  0   0  5 1.634e+03 1.634e+00  0 2.096e+03 2.096e+00  1  0   0  0   0   1         0
9267.007  9.267  0   0  2 7.577e+03 7.577e+00  2 2.333e+03 2.333e+00  1  0   0  0   0   1         0
9290.628  9.291  0   0  3 1.545e+04 1.545e+01  0 1.782e+04 1.782e+01  1  0   0  0   0   1         0
9271.906  9.272  0   0  1 6.637e+03 6.637e+00  0 2.272e+04 2.272e+01  1  0   0  0   0   1         0
9286.935  9.287  0   0  2 7.218e+03 7.218e+00  2 1.836e+03 1.836e+00  1  0   0  0   0   1         0
9286.883  9.287  0   0  4 5.598e+03 5.598e+00  4 1.298e+03 1.298e+00  1  0   0  0   0   1         0
9289.533  9.290  0   0  4 5.892e+03 5.892e+00  4 2.367e+02 2.367e-01  1  0   0  0   0   1         0
9295.963  9.296  0   0  2 9.603e+03 9.603e+00  2 6.347e+02 6.347e-01  1  0   0  0   0   1         0
9275.058  9.275  0   0  2 5.036e+03 5.036e+00  2 8.251e+04 8.251e+01  1  0   0  0   0   1         0
9255.245  9.255  0   0  1 8.973e+03 8.973e+00  0 1.767e+04 1.767e+01  1  0   0  0   0   1         0
9251.952  9.252  0   0  1 9.472e+03 9.472e+00  0 3.200e+04 3.200e+01  1  0   0  0   0   1         0
9259.423  9.259  0   0  8 1.207e+01 1.207e-02  8 5.875e+02 5.875e-01  1  0   0  0   0   1         0
9291.532  9.292  0   0  2 3.539e+03 3.539e+00  2 3.601e+03 3.601e+00  1  0   0  0   0   1         0
9278.841  9.279  0   0  1 6.066e+03 6.066e+00  0 1.237e+04 1.237e+01  1  0   0  0   0   1         0
9257.067  9.257  0   0  5 2.362e+03 2.362e+00  0 4.577e-05 4.577e-08  1  0   0  0   0   1         0
9256.690  9.257  0   0  4 3.513e+02 3.513e-01  4 1.786e+04 1.786e+01  1  0   0  0   0   1         0
9294.624  9.295  0   0  1 9.661e+03 9.661e+00  0 7.386e+03 7.386e+00  1  0   0  0   0   1         0
9276.127  9.276  0   0  0 9.320e+03 9.320e+00  0 3.885e+04 3.885e+01  1  0   0  0   0   1         0
9258.667  9.259  0   0  0 4.138e+03 4.138e+00  0 6.073e+02 6.073e-01  1  0   0  0   0   1         0
9294.884  9.295  0   0  4 3.414e+03 3.414e+00  4 3.504e+04 3.504e+01  1  0   0  0   0   1         0
9286.137  9.286  0   0  2 6.224e+02 6.224e-01  2 4.366e+03 4.366e+00  1  0   0  0   0   1         0
9274.014  9.274  0   0  3 3.524e+02 3.524e-01  0 2.941e+02 2.941e-01  1  0   0  0   0   1         0
9273.379  9.273  0   0  2 1.557e+03 1.557e+00  2 2.255e+01 2.255e-02  1  0   0  0   0   1         0
9283.743  9.284  0   0  0 2.041e+03 2.041e+00  0 1.854e+04 1.854e+01  1  0   0  0   0   1         0
9267.029  9.267  0   0  2 6.683e+02 6.683e-01  2 3.254e+02 3.254e-01  1  0   0  0   0   1         0
9299.996  9.300  0   0  0 7.438e+03 7.438e+00  0 1.008e+01 1.008e-02  1  0   0  0   0   1         0
9289.313  9.289  0   0  2 1.251e+03 1.251e+00  2 1.317e+04 1.317e+01  1  0   0  0   0   1         0
9282.164  9.282  0   0  0 4.802e+00 4.802e-03  0 7.139e+02 7.139e-01  1  0   0  0   0   1         0
9284.481  9.284  0   0  0 5.024e+02 5.024e-01  0 1.139e+03 1.139e+00  1  0   0  0   0   1         0
9299.806  9.300  0   0  2 8.267e+03 8.267e+00  2 1.325e+03 1.325e+00  1  0   0  0   0   1         0
9250.544  9.251  0   0  6 1.377e+02 1.377e-01  6 8.720e+03 8.720e+00  1  0   0  0   0   1         0
9251.153  9.251  0   0  0 7.559e+00 7.559e-03  0 1.322e+02 1.322e-01  1  0   0  0   0   1         0
9289.336  9.289  0   0  6 1.200e+03 1.200e+00  6 1.470e+03 1.470e+00  1  0   0  0   0   1         0
9260.554  9.261  0   0  5 1.038e+04 1.038e+01  0 3.234e+03 3.234e+00  1  0   0  0   0   1         0
9284.367  9.284  0   0  8 9.242e+02 9.242e-01  8 2.217e+03 2.217e+00  1  0   0  0   0   1         0
9275.293  9.275  0   0  0 5.526e+02 5.526e-01  0 1.135e+03 1.135e+00  1  0   0  0   0   1         0
9266.043  9.266  0   0  4 1.913e+04 1.913e+01  4 8.504e+03 8.504e+00  1  0   0  0   0   1         0
9261.657  9.262  0   0  3 5.208e+03 5.208e+00  0 7.664e+03 7.664e+00  1  0   0  0   0   1         0
9288.924  9.289  0   0  4 2.346e+02 2.346e-01  4 5.546e+03 5.546e+00  1  0   0  0   0   1         0
9258.621  9.259  0   0  3 6.857e+03 6.857e+00  0 2.231e+03 2.231e+00  1  0   0  0   0   1         0
9258.004  9.258  0   0  0 1.227e+02 1.227e-01  0 1.587e+04 1.587e+01  1  0   0  0   0   1         0
9272.221  9.272  0   0  1 1.314e+04 1.314e+01  0 1.866e+04 1.866e+01  1  0   0  0   0   1         0
9256.017  9.256  0   0  4 6.168e+02 6.168e-01  4 4.046e+04 4.046e+01  1  0   0  0   0   1         0
9282.191  9.282  0   0  4 1.906e+00 1.906e-03  4 2.290e+04 2.290e+01  1  0   0  0   0   1         0
9299.602  9.300  0   0  3 2.621e+01 2.621e-02  0 6.551e+01 6.551e-02  1  0   0  0   0   1         0
9287.490  9.287  0   0  5 1.128e+02 1.128e-01  0 2.344e+04 2.344e+01  1  0   0  0   0   1         0
9280.282  9.280  0   0  8 1.432e+04 1.432e+01  8 4.925e+02 4.925e-01  1  0   0  0   0   1         0
9269.853  9.270  0   0  4 3.204e+03 3.204e+00  4 2.427e+04 2.427e+01  1  0   0  0   0   1         0
9299.405  9.299  0   0  3 2.340e+04 2.340e+01  0 4.488e+03 4.488e+00  1  0   0  0   0   1         0
9294.050  9.294  0   0  5 1.302e+02 1.302e-01  0 1.118e+04 1.118e+01  1  0   0  0   0   1         0
9291.103  9.291  0   0  4 3.190e+03 3.190e+00  4 4.928e+02 4.928e-01  1  0   0  0   0   1         0
9261.590  9.262  0   0  1 1.658e+03 1.658e+00  0 2.236e+04 2.236e+01  1  0   0  0   0   1         0
9256.234  9.256  0   0  3 8.326e+02 8.326e-01  0 1.772e+04 1.772e+01  1  0   0  0   0   1         0
9258.971  9.259  0   0  2 4.563e+03 4.563e+00  2 7.440e+03 7.440e+00  1  0   0  0   0   1         0
9263.032  9.263  0   0  5 3.840e+03 3.840e+00  0 2.717e+03 2.717e+00  1  0   0  0   0   1         0
9254.123  9.254  0   0  4 1.488e+03 1.488e+00  4 4.374e+03 4.374e+00  1  0   0  0   0   1         0
9294.471  9.294  0   0  4 5.228e+02 5.228e-01  4 2.200e+04 2.200e+01  1  0   0  0   0   1         0
9259.337  9.259  0   0  3 6.716e+02 6.716e-01  0 3.510e+03 3.510e+00  1  0   0  0   0   1         0
9261.420  9.261  0   0  1 4.815e+01 4.815e-02  0 2.790e+04 2.790e+01  1  0   0  0   0   1         0
9294.458  9.294  0   0  2 1.771e+03 1.771e+00  2 2.234e+04 2.234e+01  1  0   0  0   0   1         0
9297.927  9.298  0   0  6 4.536e+03 4.536e+00  6 1.551e+02 1.551e-01  1  0   0  0   0   1         0
9261.177  9.261  0   0  3 1.253e+03 1.253e+00  0 1.763e+03 1.763e+00  1  0   0  0   0   1         0
9264.814  9.265  0   0  0 6.681e+02 6.681e-01  0 1.015e+04 1.015e+01  1  0   0  0   0   1         0
9290.085  9.290  0   0  3 1.287e+02 1.287e-01  0 1.017e+04 1.017e+01  1  0   0  0   0   1         0
9298.528  9.299  0   0  2 2.071e+04 2.071e+01  2 2.520e+04 2.520e+01  1  0   0  0   0   1         0
9282.598  9.283  0   0  2 1.024e+04 1.024e+01  2 4.000e+04 4.000e+01  1  0   0  0   0   1         0
9272.254  9.272  0   0  1 2.788e+03 2.788e+00  0 1.647e+04 1.647e+01  1  0   0  0   0   1         0
9283.839  9.284  0   0  3 1.615e+02 1.615e-01  0 2.699e+03 2.699e+00  1  0   0  0   0   1         0
9289.100  9.289  0   0  4 1.324e+03 1.324e+00  4 1.112e+04 1.112e+01  1  0   0  0   0   1         0
9255.684  9.256  0   0  2 5.475e+03 5.475e+00  2 1.831e+04 1.831e+01  1  0   0  0   0   1         0
9271.889  9.272  0   0  5 5.926e+00 5.926e-03  0 1.862e+04 1.862e+01  1  0   0  0   0   1         0
9292.926  9.293  0   0  5 6.945e+03 6.945e+00  0 4.652e+04 4.652e+01  1  0   0  0   0   1         0
9285.376  9.285  0   0  2 7.649e+03 7.649e+00  2 2.292e+03 2.292e+00  1  0   0  0   0   1         0
9257.755  9.258  0   0  6 3.929e+02 3.929e-01  6 5.521e+03 5.521e+00  1  0   0  0   0   1         0
9287.853  9.288  0   0  2 1.037e+03 1.037e+00  2 1.968e+03 1.968e+00  1  0   0  0   0   1         0
9283.484  9.283  0   0  6 1.659e+01 1.659e-02  6 7.447e+03 7.447e+00  1  0   0  0   0   1         0
9263.331  9.263  0   0  3 2.213e+03 2.213e+00  0 4.644e+04 4.644e+01  1  0   0  0   0   1         0
9267.315  9.267  0   0  1 1.596e+02 1.596e-01  0 2.602e+04 2.602e+01  1  0   0  0   0   1         0
9265.830  9.266  0   0  3 3.360e+03 3.360e+00  0 2.476e+04 2.476e+01  1  0   0  0   0   1         0
9299.666  9.300  0   0  5 7.185e+03 7.185e+00  0 1.262e+04 1.262e+01  1  0   0  0   0   1         0
9259.262  9.259  0   0  2 6.152e+02 6.152e-01  2 1.064e+04 1.064e+01  1  0   0  0   0   1         0
9315.760  9.316  0   0  5 9.751e+02 9.751e-01  0 5.085e+02 5.085e-01  1  0   0  0   0   1         0
9336.209  9.336  0   0  5 1.978e+03 1.978e+00  0 3.628e+03 3.628e+00  1  0   0  0   0   1         0
9335.816  9.336  0   0  4 1.305e+04 1.305e+01  4 1.217e+04 1.217e+01  1  0   0  0   0   1         0
9316.774  9.317  0   0  4 4.507e+03 4.507e+00  4 8.053e+03 8.053e+00  1  0   0  0   0   1         0
9313.621  9.314  0   0  0 3.426e+02 3.426e-01  0 6.190e+02 6.190e-01  1  0   0  0   0   1         0
9321.691  9.322  0   0  0 6.931e+02 6.931e-01  0 1.284e+04 1.284e+01  1  0   0  0   0   1         0
9337.050  9.337  0   0  0 2.888e+03 2.888e+00  0 1.834e+03 1.834e+00  1  0   0  0   0   1         0
9309.757  9.310  0   0  1 5.155e+03 5.155e+00  0 2.029e+04 2.029e+01  1  0   0  0   0   1         0
9343.767  9.344  0   0  9 5.556e+02 5.556e-01  0 3.838e+03 3.838e+00  1  0   0  0   0   1         0
9312.858  9.313  0   0  4 2.795e+04 2.795e+01  4 2.238e+03 2.238e+00  1  0   0  0   0   1         0
9342.048  9.342  0   0  1 3.884e+03 3.884e+00  0 2.227e+03 2.227e+00  1  0   0  0   0   1         0
9307.856  9.308  0   0  3 3.632e+02 3.632e-01  0 1.038e+03 1.038e+00  1  0   0  0   0   1         0
9337.067  9.337  0   0  1 8.461e+02 8.461e-01  0 9.025e+02 9.025e-01  1  0   0  0   0   1         0
9328.191  9.328  0   0  2 3.709e+02 3.709e-01  2 5.728e+03 5.728e+00  1  0   0  0   0   1         0
9333.183  9.333  0   0  3 9.378e+03 9.378e+00  0 3.182e+03 3.182e+00  1  0   0  0   0   1         0
9348.719  9.349  0   0  1 1.866e+03 1.866e+00  0 7.224e+03 7.224e+00  1  0   0  0   0   1         0
9302.653  9.303  0   0  0 2.022e+03 2.022e+00  0 4.252e+03 4.252e+00  1  0   0  0   0   1         0
9307.520  9.308  0   0  3 4.099e+03 4.099e+00  0 6.636e-01 6.636e-04  1  0   0  0   0   1         0
9303.990  9.304  0   0  0 1.109e+04 1.109e+01  0 5.035e+03 5.035e+00  1  0   0  0   0   1         0
9326.105  9.326  0   0  4 8.528e+02 8.528e-01  4 6.909e+03 6.909e+00  1  0   0  0   0   1         0
9340.218  9.340  0   0  8 2.344e+02 2.344e-01  8 9.209e+03 9.209e+00  1  0   0  0   0   1         0
9302.767  9.303  0   0  2 3.316e+03 3.316e+00  2 5.263e+04 5.263e+01  1  0   0  0   0   1         0
9339.055  9.339  0   0  2 3.175e+03 3.175e+00  2 1.239e+04 1.239e+01  1  0   0  0   0   1         0
9321.774  9.322  0   0  3 1.647e+04 1.647e+01  0 2.019e+04 2.019e+01  1  0   0  0   0   1         0
9347.098  9.347  0   0  3 1.824e+04 1.824e+01  0 8.463e+03 8.463e+00  1  0   0  0   0   1         0
9319.252  9.319  0   0  1 2.132e+03 2.132e+00  0 5.163e+03 5.163e+00  1  0   0  0   0   1         0
9349.237  9.349  0   0  5 3.961e+02 3.961e-01  0 1.203e+04 1.203e+01  1  0   0  0   0   1         0
9327.948  9.328  0   0  6 1.303e+04 1.303e+01  6 7.095e+03 7.095e+00  1  0   0  0   0   1         0
9349.504  9.350  0   0  6 3.002e+03 3.002e+00  6 6.602e+03 6.602e+00  1  0   0  0   0   1         0
9331.709  9.332  0   0  8 1.061e+02 1.061e-01  8 7.274e+03 7.274e+00  1  0   0  0   0   1         0
9317.429  9.317  0   0  4 5.110e+02 5.110e-01  4 1.004e+04 1.004e+01  1  0   0  0   0   1         0
9340.248  9.340  0   0  5 1.597e+02 1.597e-01  0 4.238e+03 4.238e+00  1  0   0  0   0   1         0
9324.472  9.324  0   0  5 8.883e+02 8.883e-01  0 1.331e+02 1.331e-01  1  0   0  0   0   1         0
9315.546  9.316  0   0  2 3.248e+03 3.248e+00  2 1.127e+04 1.127e+01  1  0   0  0   0   1         0
9324.040  9.324  0   0  1 2.866e+03 2.866e+00  0 5.118e+01 5.118e-02  1  0   0  0   0   1         0
9343.650  9.344  0   0  6 2.349e+04 2.349e+01  6 5.029e+04 5.029e+01  1  0   0  0   0   1         0
9336.712  9.337  0   0  3 3.472e+02 3.472e-01  0 4.543e+03 4.543e+00  1  0   0  0   0   1         0
9308.760  9.309  0   0  5 8.411e+02 8.411e-01  0 3.092e+02 3.092e-01  1  0   0  0   0   1         0
9341.996  9.342  0   0  5 5.627e+03 5.627e+00  0 7.008e+03 7.008e+00  1  0   0  0   0   1         0
9321.692  9.322  0   0  6 1.489e+03 1.489e+00  6 9.807e+02 9.807e-01  1  0   0  0   0   1         0
9304.181  9.304  0   0  3 1.046e+02 1.046e-01  0 6.929e+03 6.929e+00  1  0   0  0   0   1         0
9307.421  9.307  0   0 10 8.175e+01 8.175e-02 10 2.613e+02 2.613e-01  1  0   0  0   0   1         0
9303.339  9.303  0   0  4 4.858e+03 4.858e+00  4 6.116e+02 6.116e-01  1  0   0  0   0   1         0
9333.937  9.334  0   0  6 1.467e+03 1.467e+00  6 8.896e+03 8.896e+00  1  0   0  0   0   1         0
9312.973  9.313  0   0  3 1.109e+02 1.109e-01  0 1.321e+04 1.321e+01  1  0   0  0   0   1         0
9304.861  9.305  0   0  0 4.428e+01 4.428e-02  0 9.761e+03 9.761e+00  1  0   0  0   0   1         0
9318.399  9.318  0   0  0 6.225e+03 6.225e+00  0 3.943e+03 3.943e+00  1  0   0  0   0   1         0
9343.405  9.343  0   0  0 1.873e+03 1.873e+00  0 2.480e+03 2.480e+00  1  0   0  0   0   1         0
9331.552  9.332  0   0  4 5.096e+00 5.096e-03  4 1.773e+03 1.773e+00  1  0   0  0   0   1         0
9324.435  9.324  0   0  4 3.840e+03 3.840e+00  4 4.468e+04 4.468e+01  1  0   0  0   0   1         0
9336.756  9.337  0   0  1 1.562e+03 1.562e+00  0 7.300e+03 7.300e+00  1  0   0  0   0   1         0
9303.830  9.304  0   0  1 4.725e+03 4.725e+00  0 4.019e+03 4.019e+00  1  0   0  0   0   1         0
9344.189  9.344  0   0  0 1.988e+03 1.988e+00  0 7.419e+03 7.419e+00  1  0   0  0   0   1         0
9308.960  9.309  0   0  4 7.829e+03 7.829e+00  4 6.178e+02 6.178e-01  1  0   0  0   0   1         0
9301.079  9.301  0   0  4 1.753e+04 1.753e+01  4 3.248e+03 3.248e+00  1  0   0  0   0   1         0
9318.233  9.318  0   0  6 1.028e+04 1.028e+01  6 2.533e+03 2.533e+00  1  0   0  0   0   1         0
9302.950  9.303  0   0  4 2.638e+03 2.638e+00  4 1.092e+01 1.092e-02  1  0   0  0   0   1         0
9308.423  9.308  0   0  4 1.694e+00 1.694e-03  4 1.419e+02 1.419e-01  1  0   0  0   0   1         0
9337.045  9.337  0   0  2 4.298e+02 4.298e-01  2 2.126e+04 2.126e+01  1  0   0  0   0   1         0
9320.356  9.320  0   0  3 4.030e+02 4.030e-01  0 1.850e+03 1.850e+00  1  0   0  0   0   1         0
9300.348  9.300  0   0  4 9.380e+02 9.380e-01  4 1.005e+03 1.005e+00  1  0   0  0   0   1         0
9332.301  9.332  0   0  4 1.087e+03 1.087e+00  4 1.831e+03 1.831e+00  1  0   0  0   0   1         0
9335.458  9.335  0   0  3 1.582e+03 1.582e+00  0 2.361e+03 2.361e+00  1  0   0  0   0   1         0
9345.141  9.345  0   0  5 7.250e+02 7.250e-01  0 5.973e+03 5.973e+00  1  0   0  0   0   1         0
9307.795  9.308  0   0  5 1.438e+03 1.438e+00  0 7.945e+03 7.945e+00  1  0   0  0   0   1         0
9342.918  9.343  0   0  9 1.692e+02 1.692e-01  0 5.592e+02 5.592e-01  1  0   0  0   0   1         0
9335.537  9.336  0   0  3 4.495e+02 4.495e-01  0 9.463e+03 9.463e+00  1  0   0  0   0   1         0
9328.303  9.328  0   0  9 1.865e+03 1.865e+00  0 3.390e+03 3.390e+00  1  0   0  0   0   1         0
9313.185  9.313  0   0  1 6.072e+03 6.072e+00  0 2.461e+03 2.461e+00  1  0   0  0   0   1         0
9323.015  9.323  0   0  0 5.093e+02 5.093e-01  0 2.834e+02 2.834e-01  1  0   0  0   0   1         0
9309.993  9.310  0   0  2 4.553e+02 4.553e-01  2 5.082e+02 5.082e-01  1  0   0  0   0   1         0
9335.985  9.336  0   0  0 6.095e+03 6.095e+00  0 3.391e+01 3.391e-02  1  0   0  0   0   1         0
9335.282  9.335  0   0  2 2.869e+03 2.869e+00  2 1.971e+03 1.971e+00  1  0   0  0   0   1         0
9309.654  9.310  0   0  5 2.611e+02 2.611e-01  0 7.289e+03 7.289e+00  1  0   0  0   0   1         0
9312.725  9.313  0   0  2 1.313e+03 1.313e+00  2 9.058e+04 9.058e+01  1  0   0  0   0   1         0
9345.099  9.345  0   0  7 4.022e+02 4.022e-01  0 5.838e+03 5.838e+00  1  0   0  0   0   1         0
9323.708  9.324  0   0  3 1.160e+04 1.160e+01  0 1.103e+04 1.103e+01  1  0   0  0   0   1         0
9327.678  9.328  0   0  3 2.840e+04 2.840e+01  0 2.334e+03 2.334e+00  1  0   0  0   0   1         0
9347.951  9.348  0   0  4 3.016e+03 3.016e+00  4 2.500e+03 2.500e+00  1  0   0  0   0   1         0
9310.433  9.310  0   0  1 1.197e+04 1.197e+01  0 2.148e+04 2.148e+01  1  0   0  0   0   1         0
9331.472  9.331  0   0 10 1.219e+03 1.219e+00 10 6.440e+04 6.440e+01  1  0   0  0   0   1         0
9396.702  9.397  0   0  3 9.167e+03 9.167e+00  0 2.242e+03 2.242e+00  1  0   0  0   0   1         0
9381.271  9.381  0   0  4 3.911e+02 3.911e-01  4 8.029e-02 8.029e-05  1  0   0  0   0   1         0
9362.414  9.362  0   0  1 1.141e+03 1.141e+00  0 1.097e+03 1.097e+00  1  0   0  0   0   1         0
9369.653  9.370  0   0  1 6.575e+03 6.575e+00  0 9.383e+03 9.383e+00  1  0   0  0   0   1         0
9393.004  9.393  0   0  4 2.581e+03 2.581e+00  4 3.323e+03 3.323e+00  1  0   0  0   0   1         0
9374.594  9.375  0   0 10 2.205e+03 2.205e+00 10 6.406e+03 6.406e+00  1  0   0  0   0   1         0
9385.549  9.386  0   0  6 1.057e+04 1.057e+01  6 7.326e+03 7.326e+00  1  0   0  0   0   1         0
9358.394  9.358  0   0  1 3.984e+03 3.984e+00  0 4.773e+03 4.773e+00  1  0   0  0   0   1         0
9370.105  9.370  0   0  3 5.695e+03 5.695e+00  0 1.297e+04 1.297e+01  1  0   0  0   0   1         0
9392.038  9.392  0   0  4 6.615e+02 6.615e-01  4 4.498e+03 4.498e+00  1  0   0  0   0   1         0
9397.077  9.397  0   0  0 1.452e+03 1.452e+00  0 8.828e+03 8.828e+00  1  0   0  0   0   1         0
9366.322  9.366  0   0  5 5.249e+01 5.249e-02  0 2.444e+04 2.444e+01  1  0   0  0   0   1         0
9358.698  9.359  0   0  3 1.521e+04 1.521e+01  0 3.986e+03 3.986e+00  1  0   0  0   0   1         0
9351.182  9.351  0   0  7 5.271e+03 5.271e+00  0 3.396e+02 3.396e-01  1  0   0  0   0   1         0
9356.424  9.356  0   0  5 2.838e+03 2.838e+00  0 8.701e+03 8.701e+00  1  0   0  0   0   1         0
9391.850  9.392  0   0  6 1.039e+04 1.039e+01  6 2.778e+04 2.778e+01  1  0   0  0   0   1         0
9372.905  9.373  0   0  0 4.866e+03 4.866e+00  0 5.945e+03 5.945e+00  1  0   0  0   0   1         0
9364.682  9.365  0   0  0 3.103e+02 3.103e-01  0 1.127e+03 1.127e+00  1  0   0  0   0   1         0
9388.867  9.389  0   0  3 4.684e+02 4.684e-01  0 3.021e+03 3.021e+00  1  0   0  0   0   1         0
9389.751  9.390  0   0  7 1.429e+03 1.429e+00  0 7.709e+03 7.709e+00  1  0   0  0   0   1         0
9368.221  9.368  0   0  3 8.857e+02 8.857e-01  0 3.644e+03 3.644e+00  1  0   0  0   0   1         0
9395.111  9.395  0   0  6 2.306e+02 2.306e-01  6 6.592e+03 6.592e+00  1  0   0  0   0   1         0
9373.276  9.373  0   0  0 2.573e+02 2.573e-01  0 4.122e+03 4.122e+00  1  0   0  0   0   1         0
9363.156  9.363  0   0  3 6.343e+03 6.343e+00  0 8.045e+03 8.045e+00  1  0   0  0   0   1         0
9395.031  9.395  0   0  1 3.643e+03 3.643e+00  0 1.241e+04 1.241e+01  1  0   0  0   0   1         0
9357.711  9.358  0   0  3 1.256e+04 1.256e+01  0 2.044e+02 2.044e-01  1  0   0  0   0   1         0
9399.799  9.400  0   0  2 1.579e+03 1.579e+00  2 3.626e+03 3.626e+00  1  0   0  0   0   1         0
9380.777  9.381  0   0  5 5.967e+03 5.967e+00  0 1.573e+04 1.573e+01  1  0   0  0   0   1         0
9395.805  9.396  0   0  0 9.072e+02 9.072e-01  0 1.802e+04 1.802e+01  1  0   0  0   0   1         0
9359.013  9.359  0   0  3 6.765e+01 6.765e-02  0 1.226e+03 1.226e+00  1  0   0  0   0   1         0
9369.571  9.370  0   0  3 3.412e+02 3.412e-01  0 1.507e+04 1.507e+01  1  0   0  0   0   1         0
9393.716  9.394  0   0  1 1.778e+03 1.778e+00  0 2.801e+03 2.801e+00  1  0   0  0   0   1         0
9391.921  9.392  0   0  2 2.922e+02 2.922e-01  2 2.424e+01 2.424e-02  1  0   0  0   0   1         0
9393.646  9.394  0   0  4 2.052e+03 2.052e+00  4 1.326e+03 1.326e+00  1  0   0  0   0   1         0
9364.121  9.364  0   0  2 1.001e+04 1.001e+01  2 1.655e+03 1.655e+00  1  0   0  0   0   1         0
9380.995  9.381  0   0  0 3.921e+02 3.921e-01  0 1.166e+03 1.166e+00  1  0   0  0   0   1         0
9369.596  9.370  0   0  6 1.024e+03 1.024e+00  6 2.043e+02 2.043e-01  1  0   0  0   0   1         0
9366.145  9.366  0   0  1 1.730e+02 1.730e-01  0 7.108e+02 7.108e-01  1  0   0  0   0   1         0
9376.128  9.376  0   0  4 5.589e+03 5.589e+00  4 7.227e+03 7.227e+00  1  0   0  0   0   1         0
9385.851  9.386  0   0  3 2.041e+04 2.041e+01  0 4.605e+03 4.605e+00  1  0   0  0   0   1         0
9376.047  9.376  0   0  6 2.270e+03 2.270e+00  6 1.168e+04 1.168e+01  1  0   0  0   0   1         0
9361.611  9.362  0   0  4 2.615e+03 2.615e+00  4 2.622e+01 2.622e-02  1  0   0  0   0   1         0
9390.450  9.390  0   0  5 8.312e+02 8.312e-01  0 1.357e+03 1.357e+00  1  0   0  0   0   1         0
9398.900  9.399  0   0  6 5.032e+03 5.032e+00  6 7.368e+04 7.368e+01  1  0   0  0   0   1         0
9368.257  9.368  0   0  4 1.510e+03 1.510e+00  4 3.419e+03 3.419e+00  1  0   0  0   0   1         0
9392.524  9.393  0   0  4 5.408e+03 5.408e+00  4 4.487e+04 4.487e+01  1  0   0  0   0   1         0
9393.250  9.393  0   0  3 3.467e+01 3.467e-02  0 9.057e+03 9.057e+00  1  0   0  0   0   1         0
9363.120  9.363  0   0  3 5.272e+00 5.272e-03  0 9.164e+02 9.164e-01  1  0   0  0   0   1         0
9385.366  9.385  0   0  3 9.982e+01 9.982e-02  0 2.819e+04 2.819e+01  1  0   0  0   0   1         0
9396.949  9.397  0   0  1 3.268e+03 3.268e+00  0 2.759e+02 2.759e-01  1  0   0  0   0   1         0
9387.086  9.387  0   0  3 1.105e+03 1.105e+00  0 1.240e+04 1.240e+01  1  0   0  0   0   1         0
9351.515  9.352  0   0  6 4.257e+03 4.257e+00  6 1.352e+03 1.352e+00  1  0   0  0   0   1         0
9380.342  9.380  0   0  6 1.415e+01 1.415e-02  6 4.777e+04 4.777e+01  1  0   0  0   0   1         0
9389.006  9.389  0   0  0 9.834e+01 9.834e-02  0 1.173e+04 1.173e+01  1  0   0  0   0   1         0
9381.021  9.381  0   0  1 3.087e+03 3.087e+00  0 5.049e+02 5.049e-01  1  0   0  0   0   1         0
9351.450  9.351  0   0  3 2.361e+01 2.361e-02  0 4.080e+04 4.080e+01  1  0   0  0   0   1         0
9356.060  9.356  0   0  2 1.299e+04 1.299e+01  2 9.508e+04 9.508e+01  1  0   0  0   0   1         0
9390.158  9.390  0   0  3 2.092e+03 2.092e+00  0 5.797e+03 5.797e+00  1  0   0  0   0   1         0
9374.524  9.375  0   0  4 7.653e+01 7.653e-02  4 8.793e+03 8.793e+00  1  0   0  0   0   1         0
9397.918  9.398  0   0  3 2.218e+04 2.218e+01  0 1.503e+03 1.503e+00  1  0   0  0   0   1         0
9370.867  9.371  0   0  3 6.151e+02 6.151e-01  0 8.262e+03 8.262e+00  1  0   0  0   0   1         0
9391.156  9.391  0   0  2 1.320e+03 1.320e+00  2 2.077e+04 2.077e+01  1  0   0  0   0   1         0
9351.791  9.352  0   0  3 5.735e+03 5.735e+00  0 7.566e+02 7.566e-01  1  0   0  0   0   1         0
9392.115  9.392  0   0  0 1.868e+03 1.868e+00  0 6.545e+03 6.545e+00  1  0   0  0   0   1         0
9393.011  9.393  0   0  1 2.775e+03 2.775e+00  0 2.593e+02 2.593e-01  1  0   0  0   0   1         0
9368.216  9.368  0   0  4 5.846e+02 5.846e-01  4 2.048e+04 2.048e+01  1  0   0  0   0   1         0
9365.577  9.366  0   0  1 3.794e+03 3.794e+00  0 2.066e+04 2.066e+01  1  0   0  0   0   1         0
9395.535  9.396  0   0  2 6.920e+02 6.920e-01  2 1.538e+04 1.538e+01  1  0   0  0   0   1         0
9388.969  9.389  0   0  6 1.029e+04 1.029e+01  6 1.338e+03 1.338e+00  1  0   0  0   0   1         0
9380.014  9.380  0   0  5 1.631e+02 1.631e-01  0 6.417e+01 6.417e-02  1  0   0  0   0   1         0
9371.937  9.372  0   0  3 3.010e+03 3.010e+00  0 5.831e+03 5.831e+00  1  0   0  0   0   1         0
9395.643  9.396  0   0  2 1.645e+03 1.645e+00  2 8.738e+02 8.738e-01  1  0   0  0   0   1         0
9387.452  9.387  0   0  2 2.343e+02 2.343e-01  2 2.197e+03 2.197e+00  1  0   0  0   0   1         0
9370.960  9.371  0   0  7 1.992e+03 1.992e+00  0 1.096e+03 1.096e+00  1  0   0  0   0   1         0
9374.957  9.375  0   0  2 1.321e+03 1.321e+00  2 8.230e+00 8.230e-03  1  0   0  0   0   1         0
9354.965  9.355  0   0  4 2.457e+02 2.457e-01  4 1.699e+03 1.699e+00  1  0   0  0   0   1         0
9390.611  9.391  0   0  2 5.357e+02 5.357e-01  2 8.677e+02 8.677e-01  1  0   0  0   0   1         0
9392.149  9.392  0   0  5 8.811e+03 8.811e+00  0 1.142e+04 1.142e+01  1  0   0  0   0   1         0
9367.894  9.368  0   0  6 1.986e+02 1.986e-01  6 5.293e+03 5.293e+00  1  0   0  0   0   1         0
9365.587  9.366  0   0  0 9.442e+02 9.442e-01  0 3.341e+04 3.341e+01  1  0   0  0   0   1         0
9362.704  9.363  0   0  8 8.720e+03 8.720e+00  8 4.224e+01 4.224e-02  1  0   0  0   0   1         0
9358.743  9.359  0   0  2 4.494e+03 4.494e+00  2 3.263e+04 3.263e+01  1  0   0  0   0   1         0
9397.413  9.397  0   0  2 7.152e+03 7.152e+00  2 1.338e+03 1.338e+00  1  0   0  0   0   1         0
9388.040  9.388  0   0  3 1.035e+02 1.035e-01  0 4.073e+04 4.073e+01  1  0   0  0   0   1         0
9371.790  9.372  0   0  2 7.277e+02 7.277e-01  2 2.255e+04 2.255e+01  1  0   0  0   0   1         0
9355.556  9.356  0   0  1 7.637e+03 7.637e+00  0 4.729e+02 4.729e-01  1  0   0  0   0   1         0
9357.030  9.357  0   0  1 3.593e+03 3.593e+00  0 1.167e+04 1.167e+01  1  0   0  0   0   1         0
9385.589  9.386  0   0  1 6.707e+02 6.707e-01  0 6.933e+02 6.933e-01  1  0   0  0   0   1         0
9360.233  9.360  0   0  8 1.795e+04 1.795e+01  8 6.203e+02 6.203e-01  1  0   0  0   0   1         0
9367.504  9.368  0   0  1 3.418e+02 3.418e-01  0 5.661e+02 5.661e-01  1  0   0  0   0   1         0
9397.870  9.398  0   0  0 2.847e+03 2.847e+00  0 7.832e+01 7.832e-02  1  0   0  0   0   1         0
9446.313  9.446  0   0  2 3.829e+03 3.829e+00  2 2.277e+03 2.277e+00  1  0   0  0   0   1         0
9432.051  9.432  0   0  1 1.025e+03 1.025e+00  0 8.156e+03 8.156e+00  1  0   0  0   0   1         0
9432.678  9.433  0   0  3 6.129e+03 6.129e+00  0 7.297e+03 7.297e+00  1  0   0  0   0   1         0
9414.983  9.415  0   0  3 5.216e+03 5.216e+00  0 3.553e+04 3.553e+01  1  0   0  0   0   1         0
9436.276  9.436  0   0  4 2.110e+03 2.110e+00  4 7.205e+03 7.205e+00  1  0   0  0   0   1         0
9434.181  9.434  0   0  6 4.588e+03 4.588e+00  6 1.058e+04 1.058e+01  1  0   0  0   0   1         0
9423.203  9.423  0   0  5 1.616e+03 1.616e+00  0 1.542e+03 1.542e+00  1  0   0  0   0   1         0
9434.233  9.434  0   0  6 5.551e+03 5.551e+00  6 2.296e+02 2.296e-01  1  0   0  0   0   1         0
9443.411  9.443  0   0  3 4.004e+01 4.004e-02  0 4.556e+02 4.556e-01  1  0   0  0   0   1         0
9448.037  9.448  0   0  3 1.361e+04 1.361e+01  0 6.020e+02 6.020e-01  1  0   0  0   0   1         0
9449.831  9.450  0   0  3 2.486e+02 2.486e-01  0 3.658e+04 3.658e+01  1  0   0  0   0   1         0
9424.535  9.425  0   0  1 5.431e+02 5.431e-01  0 1.062e+04 1.062e+01  1  0   0  0   0   1         0
9401.653  9.402  0   0  0 2.876e+03 2.876e+00  0 2.526e+02 2.526e-01  1  0   0  0   0   1         0
9411.543  9.412  0   0  3 5.893e+03 5.893e+00  0 2.364e+04 2.364e+01  1  0   0  0   0   1         0
9409.918  9.410  0   0  1 6.760e+03 6.760e+00  0 1.574e+03 1.574e+00  1  0   0  0   0   1         0
9415.127  9.415  0   0  3 1.275e+03 1.275e+00  0 6.051e+02 6.051e-01  1  0   0  0   0   1         0
9418.135  9.418  0   0  1 6.518e+02 6.518e-01  0 1.698e+03 1.698e+00  1  0   0  0   0   1         0
9433.539  9.434  0   0  1 2.792e+00 2.792e-03  0 2.343e+03 2.343e+00  1  0   0  0   0   1         0
9426.403  9.426  0   0  2 7.834e+03 7.834e+00  2 1.533e+02 1.533e-01  1  0   0  0   0   1         0
9432.595  9.433  0   0  3 9.997e+02 9.997e-01  0 1.826e+04 1.826e+01  1  0   0  0   0   1         0
9448.605  9.449  0   0  2 7.680e+03 7.680e+00  2 6.030e+02 6.030e-01  1  0   0  0   0   1         0
9402.476  9.402  0   0  2 9.971e+02 9.971e-01  2 9.870e+03 9.870e+00  1  0   0  0   0   1         0
9400.727  9.401  0   0  3 8.521e+03 8.521e+00  0 1.866e+03 1.866e+00  1  0   0  0   0   1         0
9433.381  9.433  0   0  4 4.485e+01 4.485e-02  4 3.862e+02 3.862e-01  1  0   0  0   0   1         0
9427.431  9.427  0   0  4 6.786e+03 6.786e+00  4 6.516e+03 6.516e+00  1  0   0  0   0   1         0
9424.256  9.424  0   0  3 3.488e+03 3.488e+00  0 5.345e+03 5.345e+00  1  0   0  0   0   1         0
9442.725  9.443  0   0  3 4.210e+03 4.210e+00  0 1.938e+04 1.938e+01  1  0   0  0   0   1         0
9408.008  9.408  0   0  1 1.115e+01 1.115e-02  0 1.245e+03 1.245e+00  1  0   0  0   0   1         0
9428.797  9.429  0   0  0 4.084e+02 4.084e-01  0 5.463e+03 5.463e+00  1  0   0  0   0   1         0
9446.626  9.447  0   0  4 1.183e+04 1.183e+01  4 6.812e+02 6.812e-01  1  0   0  0   0   1         0
9422.410  9.422  0   0  1 1.020e+02 1.020e-01  0 5.167e+04 5.167e+01  1  0   0  0   0   1         0
9429.112  9.429  0   0  3 5.268e+03 5.268e+00  0 6.464e+03 6.464e+00  1  0   0  0   0   1         0
9403.531  9.404  0   0  7 2.845e+02 2.845e-01  0 1.493e+04 1.493e+01  1  0   0  0   0   1         0
9417.568  9.418  0   0  1 8.739e+02 8.739e-01  0 5.019e+03 5.019e+00  1  0   0  0   0   1         0
9402.089  9.402  0   0  5 2.267e+03 2.267e+00  0 3.720e+03 3.720e+00  1  0   0  0   0   1         0
9428.735  9.429  0   0  6 1.460e+04 1.460e+01  6 2.423e+04 2.423e+01  1  0   0  0   0   1         0
9429.639  9.430  0   0  0 1.392e+03 1.392e+00  0 2.635e+03 2.635e+00  1  0   0  0   0   1         0
9447.564  9.448  0   0  3 3.429e+03 3.429e+00  0 4.778e+03 4.778e+00  1  0   0  0   0   1         0
9432.030  9.432  0   0  2 3.501e+02 3.501e-01  2 1.359e+04 1.359e+01  1  0   0  0   0   1         0
9400.151  9.400  0   0  4 5.494e+02 5.494e-01  4 2.726e+04 2.726e+01  1  0   0  0   0   1         0
9441.727  9.442  0   0  4 4.971e+03 4.971e+00  4 2.520e+03 2.520e+00  1  0   0  0   0   1         0
9416.588  9.417  0   0  2 1.461e+03 1.461e+00  2 1.418e+04 1.418e+01  1  0   0  0   0   1         0
9435.810  9.436  0   0  1 6.525e+02 6.525e-01  0 5.518e+03 5.518e+00  1  0   0  0   0   1         0
9413.294  9.413  0   0  3 1.124e+04 1.124e+01  0 8.108e+03 8.108e+00  1  0   0  0   0   1         0
9438.098  9.438  0   0  2 2.420e+04 2.420e+01  2 6.931e+02 6.931e-01  1  0   0  0   0   1         0
9446.406  9.446  0   0  5 2.739e+02 2.739e-01  0 1.579e+03 1.579e+00  1  0   0  0   0   1         0
9404.001  9.404  0   0  0 2.776e+03 2.776e+00  0 3.816e+03 3.816e+00  1  0   0  0   0   1         0
9427.336  9.427  0   0  1 4.128e+03 4.128e+00  0 7.997e+03 7.997e+00  1  0   0  0   0   1         0
9427.138  9.427  0   0  4 7.563e+03 7.563e+00  4 4.069e+04 4.069e+01  1  0   0  0   0   1         0
9414.420  9.414  0   0  1 2.249e+01 2.249e-02  0 7.173e+02 7.173e-01  1  0   0  0   0   1         0
9417.191  9.417  0   0  7 2.092e+02 2.092e-01  0 5.653e+03 5.653e+00  1  0   0  0   0   1         0
9433.912  9.434  0   0  2 4.504e+02 4.504e-01  2 1.081e+04 1.081e+01  1  0   0  0   0   1         0
9414.729  9.415  0   0  0 7.276e+03 7.276e+00  0 3.033e+04 3.033e+01  1  0   0  0   0   1         0
9401.546  9.402  0   0  6 7.609e+03 7.609e+00  6 1.430e+04 1.430e+01  1  0   0  0   0   1         0
9438.543  9.439  0   0  1 6.173e+03 6.173e+00  0 4.245e+03 4.245e+00  1  0   0  0   0   1         0
9431.371  9.431  0   0  1 1.563e+03 1.563e+00  0 3.448e+03 3.448e+00  1  0   0  0   0   1         0
9412.612  9.413  0   0  5 2.663e+03 2.663e+00  0 7.592e+03 7.592e+00  1  0   0  0   0   1         0
9448.094  9.448  0   0  5 4.417e+02 4.417e-01  0 1.302e+02 1.302e-01  1  0   0  0   0   1         0
9444.964  9.445  0   0  6 8.148e+00 8.148e-03  6 1.053e+04 1.053e+01  1  0   0  0   0   1         0
9448.235  9.448  0   0  0 1.002e+02 1.002e-01  0 1.060e+04 1.060e+01  1  0   0  0   0   1         0
9425.731  9.426  0   0  5 1.020e+02 1.020e-01  0 8.016e+02 8.016e-01  1  0   0  0   0   1         0
9411.844  9.412  0   0  2 4.262e+03 4.262e+00  2 1.680e+04 1.680e+01  1  0   0  0   0   1         0
9408.760  9.409  0   0  2 4.185e+02 4.185e-01  2 1.347e+03 1.347e+00  1  0   0  0   0   1         0
9447.449  9.447  0   0  4 2.516e+03 2.516e+00  4 1.755e+03 1.755e+00  1  0   0  0   0   1         0
9444.587  9.445  0   0  4 5.479e+03 5.479e+00  4 4.019e+03 4.019e+00  1  0   0  0   0   1         0
9437.138  9.437  0   0  3 1.012e+03 1.012e+00  0 4.193e+03 4.193e+00  1  0   0  0   0   1         0
9425.645  9.426  0   0  2 7.501e+03 7.501e+00  2 2.544e+04 2.544e+01  1  0   0  0   0   1         0
9419.333  9.419  0   0  3 9.059e+00 9.059e-03  0 1.001e+03 1.001e+00  1  0   0  0   0   1         0
9435.271  9.435  0   0  0 2.459e+04 2.459e+01  0 2.332e+04 2.332e+01  1  0   0  0   0   1         0
9400.481  9.400  0   0  2 6.155e+03 6.155e+00  2 5.290e+03 5.290e+00  1  0   0  0   0   1         0
9426.333  9.426  0   0  4 1.068e+04 1.068e+01  4 7.939e+03 7.939e+00  1  0   0  0   0   1         0
9434.036  9.434  0   0  3 3.415e+03 3.415e+00  0 2.406e+04 2.406e+01  1  0   0  0   0   1         0
9437.776  9.438  0   0  0 5.229e+01 5.229e-02  0 9.690e+03 9.690e+00  1  0   0  0   0   1         0
9422.672  9.423  0   0  2 1.760e+04 1.760e+01  2 5.999e+03 5.999e+00  1  0   0  0   0   1         0
9437.347  9.437  0   0  1 4.618e-01 4.618e-04  0 1.012e+04 1.012e+01  1  0   0  0   0   1         0
9404.834  9.405  0   0  2 2.418e+03 2.418e+00  2 3.340e+01 3.340e-02  1  0   0  0   0   1         0
9411.749  9.412  0   0  5 2.295e+03 2.295e+00  0 5.509e+03 5.509e+00  1  0   0  0   0   1         0
9407.290  9.407  0   0  3 4.454e+02 4.454e-01  0 3.108e+04 3.108e+01  1  0   0  0   0   1         0
9417.099  9.417  0   0  6 3.646e+01 3.646e-02  6 1.771e+03 1.771e+00  1  0   0  0   0   1         0
9417.317  9.417  0   0  1 1.729e+02 1.729e-01  0 4.937e+02 4.937e-01  1  0   0  0   0   1         0
9418.809  9.419  0   0  3 7.549e+02 7.549e-01  0 1.617e+04 1.617e+01  1  0   0  0   0   1         0
9423.410  9.423  0   0  8 2.381e+04 2.381e+01  8 7.963e+03 7.963e+00  1  0   0  0   0   1         0
9421.934  9.422  0   0  6 4.889e+04 4.889e+01  6 6.453e+01 6.453e-02  1  0   0  0   0   1         0
9424.643  9.425  0   0  6 8.663e+02 8.663e-01  6 2.851e+02 2.851e-01  1  0   0  0   0   1         0
9437.718  9.438  0   0  4 1.760e+01 1.760e-02  4 9.291e+02 9.291e-01  1  0   0  0   0   1         0
9407.159  9.407  0   0  2 2.534e+04 2.534e+01  2 2.589e+04 2.589e+01  1  0   0  0   0   1         0
9417.644  9.418  0   0  2 1.593e+03 1.593e+00  2 1.117e+04 1.117e+01  1  0   0  0   0   1         0
9400.007  9.400  0   0  1 1.928e+04 1.928e+01  0 8.248e+03 8.248e+00  1  0   0  0   0   1         0
9401.425  9.401  0   0  2 7.395e+01 7.395e-02  2 2.263e+04 2.263e+01  1  0   0  0   0   1         0
9430.434  9.430  0   0  5 1.948e+03 1.948e+00  0 9.215e+03 9.215e+00  1  0   0  0   0   1         0
9443.851  9.444  0   0  4 9.762e+02 9.762e-01  4 1.611e+03 1.611e+00  1  0   0  0   0   1         0
9415.397  9.415  0   0  2 9.783e+01 9.783e-02  2 3.013e+03 3.013e+00  1  0   0  0   0   1         0
9420.209  9.420  0   0  3 1.653e+01 1.653e-02  0 1.174e+04 1.174e+01  1  0   0  0   0   1         0
9410.573  9.411  0   0  3 5.498e-02 5.498e-05  0 1.026e+04 1.026e+01  1  0   0  0   0   1         0
9407.199  9.407  0   0  3 2.811e+03 2.811e+00  0 1.067e+04 1.067e+01  1  0   0  0   0   1         0
9444.253  9.444  0   0  1 5.803e+03 5.803e+00  0 2.076e+01 2.076e-02  1  0   0  0   0   1         0
9428.722  9.429  0   0  0 7.501e+02 7.501e-01  0 1.491e+02 1.491e-01  1  0   0  0   0   1         0
9435.342  9.435  0   0  0 1.128e+03 1.128e+00  0 6.369e+03 6.369e+00  1  0   0  0   0   1         0
9444.144  9.444  0   0  2 1.766e+03 1.766e+00  2 2.857e+03 2.857e+00  1  0   0  0   0   1         0
9429.535  9.430  0   0  3 5.388e+03 5.388e+00  0 1.123e+02 1.123e-01  1  0   0  0   0   1         0
9409.085  9.409  0   0  6 5.329e+03 5.329e+00  6 3.886e+04 3.886e+01  1  0   0  0   0   1         0
9435.763  9.436  0   0  0 5.813e+03 5.813e+00  0 1.012e+04 1.012e+01  1  0   0  0   0   1         0
9437.480  9.437  0   0  0 2.947e+01 2.947e-02  0 7.512e+03 7.512e+00  1  0   0  0   0   1         0
9455.382  9.455  0   0  2 7.665e+03 7.665e+00  2 7.907e+03 7.907e+00  1  0   0  0   0   1         0
9468.921  9.469  0   0  6 3.053e+02 3.053e-01  6 3.414e+03 3.414e+00  1  0   0  0   0   1         0
9490.282  9.490  0   0  4 3.821e+03 3.821e+00  4 1.789e+03 1.789e+00  1  0   0  0   0   1         0
9489.279  9.489  0   0  2 5.728e+03 5.728e+00  2 9.755e+03 9.755e+00  1  0   0  0   0   1         0
9484.308  9.484  0   0  2 5.048e+00 5.048e-03  2 2.278e+04 2.278e+01  1  0   0  0   0   1         0
9471.382  9.471  0   0  6 2.257e+02 2.257e-01  6 3.759e+02 3.759e-01  1  0   0  0   0   1         0
9472.212  9.472  0   0  1 4.435e+01 4.435e-02  0 3.538e+03 3.538e+00  1  0   0  0   0   1         0
9461.379  9.461  0   0  1 9.040e+03 9.040e+00  0 1.737e+03 1.737e+00  1  0   0  0   0   1         0
9456.913  9.457  0   0  5 1.056e+04 1.056e+01  0 1.498e+04 1.498e+01  1  0   0  0   0   1         0
9450.799  9.451  0   0  5 3.977e+03 3.977e+00  0 1.123e+01 1.123e-02  1  0   0  0   0   1         0
9493.063  9.493  0   0  1 1.031e+04 1.031e+01  0 9.940e+01 9.940e-02  1  0   0  0   0   1         0
9474.926  9.475  0   0  7 2.866e+02 2.866e-01  0 1.516e+04 1.516e+01  1  0   0  0   0   1         0
9450.154  9.450  0   0  0 1.456e+03 1.456e+00  0 1.951e+03 1.951e+00  1  0   0  0   0   1         0
9476.575  9.477  0   0  1 3.899e+03 3.899e+00  0 3.611e+04 3.611e+01  1  0   0  0   0   1         0
9463.006  9.463  0   0  0 5.550e+02 5.550e-01  0 4.265e+03 4.265e+00  1  0   0  0   0   1         0
9471.483  9.471  0   0  0 1.408e+04 1.408e+01  0 9.588e+03 9.588e+00  1  0   0  0   0   1         0
9483.723  9.484  0   0  6 1.625e+04 1.625e+01  6 5.007e+04 5.007e+01  1  0   0  0   0   1         0
9490.559  9.491  0   0  1 1.482e+03 1.482e+00  0 5.098e+03 5.098e+00  1  0   0  0   0   1         0
9485.122  9.485  0   0  6 2.949e+02 2.949e-01  6 5.884e+03 5.884e+00  1  0   0  0   0   1         0
9494.858  9.495  0   0  4 4.323e+03 4.323e+00  4 2.490e+03 2.490e+00  1  0   0  0   0   1         0
9461.822  9.462  0   0  2 1.885e+03 1.885e+00  2 1.898e+03 1.898e+00  1  0   0  0   0   1         0
9483.174  9.483  0   0  4 1.284e+03 1.284e+00  4 5.610e+04 5.610e+01  1  0   0  0   0   1         0
9494.537  9.495  0   0  0 8.682e+02 8.682e-01  0 4.750e+04 4.750e+01  1  0   0  0   0   1         0
9465.525  9.466  0   0  6 1.755e+03 1.755e+00  6 1.217e+04 1.217e+01  1  0   0  0   0   1         0
9490.047  9.490  0   0  0 2.692e+02 2.692e-01  0 3.389e+04 3.389e+01  1  0   0  0   0   1         0
9497.037  9.497  0   0  8 1.644e+04 1.644e+01  8 7.992e+02 7.992e-01  1  0   0  0   0   1         0
9482.301  9.482  0   0  5 6.626e+03 6.626e+00  0 7.820e+03 7.820e+00  1  0   0  0   0   1         0
9458.278  9.458  0   0  1 7.690e+02 7.690e-01  0 1.048e+04 1.048e+01  1  0   0  0   0   1         0
9463.134  9.463  0   0  5 1.365e+04 1.365e+01  0 3.408e+03 3.408e+00  1  0   0  0   0   1         0
9484.100  9.484  0   0  5 2.159e+03 2.159e+00  0 1.825e+04 1.825e+01  1  0   0  0   0   1         0
9493.363  9.493  0   0  7 1.107e+03 1.107e+00  0 1.291e+04 1.291e+01  1  0   0  0   0   1         0
9451.199  9.451  0   0  2 8.903e+01 8.903e-02  2 2.657e+04 2.657e+01  1  0   0  0   0   1         0
9466.420  9.466  0   0  5 1.602e+04 1.602e+01  0 2.383e+04 2.383e+01  1  0   0  0   0   1         0
9461.763  9.462  0   0  7 1.092e+03 1.092e+00  0 2.355e+04 2.355e+01  1  0   0  0   0   1         0
9471.217  9.471  0   0  3 4.294e+03 4.294e+00  0 4.700e+01 4.700e-02  1  0   0  0   0   1         0
9488.507  9.489  0   0  1 2.987e+02 2.987e-01  0 1.641e+02 1.641e-01  1  0   0  0   0   1         0
9475.257  9.475  0   0  0 6.630e+01 6.630e-02  0 3.503e+02 3.503e-01  1  0   0  0   0   1         0
9476.031  9.476  0   0  2 7.769e+03 7.769e+00  2 2.392e+03 2.392e+00  1  0   0  0   0   1         0
9480.562  9.481  0   0  4 1.070e+04 1.070e+01  4 9.812e+03 9.812e+00  1  0   0  0   0   1         0
9475.900  9.476  0   0  5 6.094e+01 6.094e-02  0 3.029e+04 3.029e+01  1  0   0  0   0   1         0
9484.513  9.485  0   0  3 7.505e+03 7.505e+00  0 3.179e+04 3.179e+01  1  0   0  0   0   1         0
9455.397  9.455  0   0  7 3.975e+01 3.975e-02  0 1.269e+03 1.269e+00  1  0   0  0   0   1         0
9451.151  9.451  0   0  2 5.163e+02 5.163e-01  2 2.654e+03 2.654e+00  1  0   0  0   0   1         0
9491.406  9.491  0   0  4 3.305e+03 3.305e+00  4 1.736e+04 1.736e+01  1  0   0  0   0   1         0
9474.062  9.474  0   0  1 2.409e+03 2.409e+00  0 1.126e+02 1.126e-01  1  0   0  0   0   1         0
9465.022  9.465  0   0  0 6.231e+03 6.231e+00  0 3.627e+04 3.627e+01  1  0   0  0   0   1         0
9472.831  9.473  0   0  0 4.604e+00 4.604e-03  0 4.596e+02 4.596e-01  1  0   0  0   0   1         0
9482.611  9.483  0   0  7 9.015e+03 9.015e+00  0 2.825e+03 2.825e+00  1  0   0  0   0   1         0
9456.135  9.456  0   0  8 5.830e+01 5.830e-02  8 4.693e+03 4.693e+00  1  0   0  0   0   1         0
9476.297  9.476  0   0  1 1.199e+04 1.199e+01  0 9.327e+02 9.327e-01  1  0   0  0   0   1         0
9455.582  9.456  0   0  7 1.801e+03 1.801e+00  0 2.384e+04 2.384e+01  1  0   0  0   0   1         0
9493.035  9.493  0   0  1 1.284e+03 1.284e+00  0 5.074e+03 5.074e+00  1  0   0  0   0   1         0
9478.234  9.478  0   0  3 9.031e+03 9.031e+00  0 2.997e+02 2.997e-01  1  0   0  0   0   1         0
9490.614  9.491  0   0  6 1.381e+03 1.381e+00  6 1.032e+04 1.032e+01  1  0   0  0   0   1         0
9486.144  9.486  0   0  3 7.955e+02 7.955e-01  0 7.070e+02 7.070e-01  1  0   0  0   0   1         0
9490.833  9.491  0   0  1 4.268e+03 4.268e+00  0 1.328e+03 1.328e+00  1  0   0  0   0   1         0
9467.196  9.467  0   0  6 3.139e+03 3.139e+00  6 3.225e+04 3.225e+01  1  0   0  0   0   1         0
9457.030  9.457  0   0  4 1.431e+03 1.431e+00  4 1.192e+04 1.192e+01  1  0   0  0   0   1         0
9494.625  9.495  0   0  3 8.562e+01 8.562e-02  0 1.608e+02 1.608e-01  1  0   0  0   0   1         0
9494.279  9.494  0   0  3 2.955e+03 2.955e+00  0 1.287e+03 1.287e+00  1  0   0  0   0   1         0
9494.211  9.494  0   0  3 3.117e+03 3.117e+00  0 2.543e+03 2.543e+00  1  0   0  0   0   1         0
9499.468  9.499  0   0  6 5.904e+03 5.904e+00  6 3.532e+03 3.532e+00  1  0   0  0   0   1         0
9479.921  9.480  0   0  3 6.070e+02 6.070e-01  0 7.105e+02 7.105e-01  1  0   0  0   0   1         0
9475.742  9.476  0   0  9 3.431e+04 3.431e+01  0 3.160e+04 3.160e+01  1  0   0  0   0   1         0
9489.942  9.490  0   0  7 1.343e+04 1.343e+01  0 1.082e+03 1.082e+00  1  0   0  0   0   1         0
9455.553  9.456  0   0  0 4.573e+03 4.573e+00  0 2.231e+04 2.231e+01  1  0   0  0   0   1         0
9489.231  9.489  0   0  3 8.518e+03 8.518e+00  0 5.939e+02 5.939e-01  1  0   0  0   0   1         0
9490.682  9.491  0   0  3 8.247e+03 8.247e+00  0 1.319e+03 1.319e+00  1  0   0  0   0   1         0
9478.974  9.479  0   0  1 1.485e+03 1.485e+00  0 1.935e+04 1.935e+01  1  0   0  0   0   1         0
9469.507  9.470  0   0  0 6.452e+03 6.452e+00  0 6.144e+02 6.144e-01  1  0   0  0   0   1         0
9482.917  9.483  0   0  6 9.519e+02 9.519e-01  6 8.629e+03 8.629e+00  1  0   0  0   0   1         0
9495.787  9.496  0   0  2 7.639e+02 7.639e-01  2 5.437e+02 5.437e-01  1  0   0  0   0   1         0
9457.961  9.458  0   0  1 2.814e+03 2.814e+00  0 5.772e+03 5.772e+00  1  0   0  0   0   1         0
9465.656  9.466  0   0  7 6.535e+03 6.535e+00  0 1.379e+00 1.379e-03  1  0   0  0   0   1         0
9483.674  9.484  0   0  1 2.511e+03 2.511e+00  0 2.109e+03 2.109e+00  1  0   0  0   0   1         0
9491.725  9.492  0   0  5 1.830e+02 1.830e-01  0 3.372e+03 3.372e+00  1  0   0  0   0   1         0
9482.709  9.483  0   0  4 9.106e+03 9.106e+00  4 6.840e+04 6.840e+01  1  0   0  0   0   1         0
9479.655  9.480  0   0  0 1.026e+04 1.026e+01  0 4.424e+01 4.424e-02  1  0   0  0   0   1         0
9454.324  9.454  0   0  4 4.812e+02 4.812e-01  4 2.890e+04 2.890e+01  1  0   0  0   0   1         0
9471.801  9.472  0   0  3 1.867e+04 1.867e+01  0 1.886e+02 1.886e-01  1  0   0  0   0   1         0
9494.554  9.495  0   0  0 4.498e+03 4.498e+00  0 3.903e+02 3.903e-01  1  0   0  0   0   1         0
9468.190  9.468  0   0  1 3.160e+03 3.160e+00  0 9.780e+03 9.780e+00  1  0   0  0   0   1         0
9469.161  9.469  0   0  2 2.851e+02 2.851e-01  2 3.611e+03 3.611e+00  1  0   0  0   0   1         0
9467.985  9.468  0   0  4 2.234e+03 2.234e+00  4 1.363e+04 1.363e+01  1  0   0  0   0   1         0
9468.246  9.468  0   0  5 1.700e+02 1.700e-01  0 5.954e+03 5.954e+00  1  0   0  0   0   1         0
9544.186  9.544  0   0  4 2.037e+02 2.037e-01  4 2.450e+04 2.450e+01  1  0   0  0   0   1         0
9516.115  9.516  0   0  1 1.218e-01 1.218e-04  0 1.394e+04 1.394e+01  1  0   0  0   0   1         0
9527.459  9.527  0   0  0 8.147e+03 8.147e+00  0 4.354e+03 4.354e+00  1  0   0  0   0   1         0
9532.620  9.533  0   0  1 1.377e+03 1.377e+00  0 1.043e+04 1.043e+01  1  0   0  0   0   1         0
9542.140  9.542  0   0  3 1.682e+03 1.682e+00  0 2.051e+03 2.051e+00  1  0   0  0   0   1         0
9521.116  9.521  0   0  2 3.370e+03 3.370e+00  2 1.370e+04 1.370e+01  1  0   0  0   0   1         0
9547.608  9.548  0   0  4 2.476e+03 2.476e+00  4 4.460e+04 4.460e+01  1  0   0  0   0   1         0
9530.465  9.530  0   0  4 2.132e+03 2.132e+00  4 1.886e+04 1.886e+01  1  0   0  0   0   1         0
9543.744  9.544  0   0  3 5.209e+01 5.209e-02  0 1.505e+04 1.505e+01  1  0   0  0   0   1         0
9504.203  9.504  0   0  4 4.885e+03 4.885e+00  4 5.964e+03 5.964e+00  1  0   0  0   0   1         0
9523.281  9.523  0   0  6 7.312e+03 7.312e+00  6 9.398e+03 9.398e+00  1  0   0  0   0   1         0
9509.026  9.509  0   0  3 3.287e+02 3.287e-01  0 4.993e+03 4.993e+00  1  0   0  0   0   1         0
9545.631  9.546  0   0  2 2.069e+02 2.069e-01  2 2.395e+04 2.395e+01  1  0   0  0   0   1         0
9511.832  9.512  0   0  5 1.272e+00 1.272e-03  0 6.420e+00 6.420e-03  1  0   0  0   0   1         0
9535.742  9.536  0   0  0 2.604e+03 2.604e+00  0 1.869e+04 1.869e+01  1  0   0  0   0   1         0
9503.171  9.503  0   0  1 1.085e+04 1.085e+01  0 2.527e+03 2.527e+00  1  0   0  0   0   1         0
9510.116  9.510  0   0  4 3.024e+03 3.024e+00  4 2.573e+03 2.573e+00  1  0   0  0   0   1         0
9516.093  9.516  0   0  5 4.172e+03 4.172e+00  0 1.810e+04 1.810e+01  1  0   0  0   0   1         0
9539.171  9.539  0   0  4 1.584e+03 1.584e+00  4 1.065e+04 1.065e+01  1  0   0  0   0   1         0
9512.645  9.513  0   0  7 6.033e+01 6.033e-02  0 3.264e+03 3.264e+00  1  0   0  0   0   1         0
9540.912  9.541  0   0  0 2.308e+03 2.308e+00  0 2.022e+03 2.022e+00  1  0   0  0   0   1         0
9539.507  9.540  0   0  1 1.303e+03 1.303e+00  0 1.290e+01 1.290e-02  1  0   0  0   0   1         0
9549.614  9.550  0   0  7 2.066e+02 2.066e-01  0 4.235e+03 4.235e+00  1  0   0  0   0   1         0
9533.957  9.534  0   0  3 3.990e+03 3.990e+00  0 3.168e+03 3.168e+00  1  0   0  0   0   1         0
9531.978  9.532  0   0  7 1.569e+02 1.569e-01  0 5.486e+04 5.486e+01  1  0   0  0   0   1         0
9530.187  9.530  0   0  0 3.262e+03 3.262e+00  0 2.021e+03 2.021e+00  1  0   0  0   0   1         0
9505.526  9.506  0   0  1 1.605e+02 1.605e-01  0 3.023e+02 3.023e-01  1  0   0  0   0   1         0
9525.776  9.526  0   0  0 4.064e+03 4.064e+00  0 3.531e+03 3.531e+00  1  0   0  0   0   1         0
9542.632  9.543  0   0  0 8.671e+02 8.671e-01  0 1.603e+02 1.603e-01  1  0   0  0   0   1         0
9501.052  9.501  0   0  4 5.848e+02 5.848e-01  4 2.312e+04 2.312e+01  1  0   0  0   0   1         0
9506.384  9.506  0   0  3 3.184e+00 3.184e-03  0 2.589e+03 2.589e+00  1  0   0  0   0   1         0
9530.137  9.530  0   0  0 8.011e+03 8.011e+00  0 1.670e+04 1.670e+01  1  0   0  0   0   1         0
9542.410  9.542  0   0  1 1.660e+03 1.660e+00  0 1.193e+03 1.193e+00  1  0   0  0   0   1         0
9515.465  9.515  0   0  4 2.190e+03 2.190e+00  4 1.218e+04 1.218e+01  1  0   0  0   0   1         0
9543.625  9.544  0   0  2 3.343e+03 3.343e+00  2 1.012e+03 1.012e+00  1  0   0  0   0   1         0
9516.979  9.517  0   0  4 4.516e+02 4.516e-01  4 1.226e+03 1.226e+00  1  0   0  0   0   1         0
9523.387  9.523  0   0  4 7.867e+02 7.867e-01  4 4.169e+02 4.169e-01  1  0   0  0   0   1         0
9547.672  9.548  0   0  4 2.389e+03 2.389e+00  4 1.997e+04 1.997e+01  1  0   0  0   0   1         0
9520.991  9.521  0   0  2 9.622e+03 9.622e+00  2 2.279e+03 2.279e+00  1  0   0  0   0   1         0
9530.084  9.530  0   0  4 9.278e+03 9.278e+00  4 5.040e+04 5.040e+01  1  0   0  0   0   1         0
9546.801  9.547  0   0  2 1.097e+04 1.097e+01  2 2.757e+04 2.757e+01  1  0   0  0   0   1         0
9513.309  9.513  0   0  0 4.084e+03 4.084e+00  0 4.235e+04 4.235e+01  1  0   0  0   0   1         0
9504.635  9.505  0   0  4 1.459e+03 1.459e+00  4 1.204e+01 1.204e-02  1  0   0  0   0   1         0
9547.920  9.548  0   0  1 6.895e+02 6.895e-01  0 2.634e+04 2.634e+01  1  0   0  0   0   1         0
9528.104  9.528  0   0  5 1.229e+04 1.229e+01  0 1.308e+04 1.308e+01  1  0   0  0   0   1         0
9548.307  9.548  0   0  0 5.692e+03 5.692e+00  0 4.371e+03 4.371e+00  1  0   0  0   0   1         0
9543.390  9.543  0   0  4 1.731e+03 1.731e+00  4 2.945e+04 2.945e+01  1  0   0  0   0   1         0
9529.842  9.530  0   0  4 7.474e+03 7.474e+00  4 1.150e+03 1.150e+00  1  0   0  0   0   1         0
9523.681  9.524  0   0  4 2.902e+03 2.902e+00  4 5.384e+03 5.384e+00  1  0   0  0   0   1         0
9524.127  9.524  0   0  4 2.601e-01 2.601e-04  4 4.996e+02 4.996e-01  1  0   0  0   0   1         0
9508.365  9.508  0   0  6 6.070e+01 6.070e-02  6 1.540e+04 1.540e+01  1  0   0  0   0   1         0
9522.792  9.523  0   0  4 6.683e+03 6.683e+00  4 1.874e+03 1.874e+00  1  0   0  0   0   1         0
9541.153  9.541  0   0  5 4.402e+03 4.402e+00  0 8.605e+03 8.605e+00  1  0   0  0   0   1         0
9549.444  9.549  0   0  1 1.001e+03 1.001e+00  0 5.623e+00 5.623e-03  1  0   0  0   0   1         0
9548.034  9.548  0   0  1 7.485e+01 7.485e-02  0 7.708e+02 7.708e-01  1  0   0  0   0   1         0
9548.125  9.548  0   0  1 2.631e+02 2.631e-01  0 3.098e+03 3.098e+00  1  0   0  0   0   1         0
9500.959  9.501  0   0  1 2.947e+03 2.947e+00  0 5.389e+01 5.389e-02  1  0   0  0   0   1         0
9525.903  9.526  0   0  3 2.049e+04 2.049e+01  0 1.485e+04 1.485e+01  1  0   0  0   0   1         0
9510.080  9.510  0   0  5 9.496e+03 9.496e+00  0 2.029e+02 2.029e-01  1  0   0  0   0   1         0
9530.873  9.531  0   0  3 3.430e+03 3.430e+00  0 8.933e+02 8.933e-01  1  0   0  0   0   1         0
9547.315  9.547  0   0  1 4.880e+03 4.880e+00  0 2.022e+04 2.022e+01  1  0   0  0   0   1         0
9543.882  9.544  0   0  0 5.545e+04 5.545e+01  0 8.334e+01 8.334e-02  1  0   0  0   0   1         0
9543.382  9.543  0   0  5 1.691e+04 1.691e+01  0 2.838e+03 2.838e+00  1  0   0  0   0   1         0
9518.393  9.518  0   0  0 1.613e+04 1.613e+01  0 7.485e+02 7.485e-01  1  0   0  0   0   1         0
9525.173  9.525  0   0  0 1.450e+03 1.450e+00  0 5.097e+03 5.097e+00  1  0   0  0   0   1         0
9514.190  9.514  0   0  1 1.513e+03 1.513e+00  0 6.870e+03 6.870e+00  1  0   0  0   0   1         0
9527.806  9.528  0   0  5 7.777e+01 7.777e-02  0 1.280e+03 1.280e+00  1  0   0  0   0   1         0
9515.267  9.515  0   0  0 5.703e-01 5.703e-04  0 9.689e+03 9.689e+00  1  0   0  0   0   1         0
9540.507  9.541  0   0  0 5.046e+02 5.046e-01  0 2.335e+03 2.335e+00  1  0   0  0   0   1         0
9523.335  9.523  0   0  7 6.420e+03 6.420e+00  0 7.703e+03 7.703e+00  1  0   0  0   0   1         0
9535.116  9.535  0   0  1 1.151e+03 1.151e+00  0 2.560e+02 2.560e-01  1  0   0  0   0   1         0
9543.684  9.544  0   0  1 5.103e+03 5.103e+00  0 2.438e+04 2.438e+01  1  0   0  0   0   1         0
9515.084  9.515  0   0  3 1.126e+04 1.126e+01  0 7.112e+03 7.112e+00  1  0   0  0   0   1         0
9531.212  9.531  0   0  1 2.353e+01 2.353e-02  0 5.423e+03 5.423e+00  1  0   0  0   0   1         0
9542.350  9.542  0   0  1 3.084e+02 3.084e-01  0 2.654e+02 2.654e-01  1  0   0  0   0   1         0
9547.558  9.548  0   0  2 1.297e+04 1.297e+01  2 1.292e+04 1.292e+01  1  0   0  0   0   1         0
9508.216  9.508  0   0  3 5.789e+01 5.789e-02  0 5.040e+03 5.040e+00  1  0   0  0   0   1         0
9534.170  9.534  0   0  5 6.408e+03 6.408e+00  0 1.147e+02 1.147e-01  1  0   0  0   0   1         0
9521.874  9.522  0   0  0 1.252e+04 1.252e+01  0 2.241e+04 2.241e+01  1  0   0  0   0   1         0
9514.370  9.514  0   0  5 6.263e+03 6.263e+00  0 4.748e+04 4.748e+01  1  0   0  0   0   1         0
9507.948  9.508  0   0  1 8.950e+02 8.950e-01  0 3.063e+04 3.063e+01  1  0   0  0   0   1         0
9529.380  9.529  0   0  2 1.057e+03 1.057e+00  2 4.695e+02 4.695e-01  1  0   0  0   0   1         0
9516.807  9.517  0   0  0 5.114e+00 5.114e-03  0 2.131e+02 2.131e-01  1  0   0  0   0   1         0
9533.499  9.533  0   0  6 6.846e+01 6.846e-02  6 1.021e+04 1.021e+01  1  0   0  0   0   1         0
9514.143  9.514  0   0  2 3.603e+02 3.603e-01  2 1.311e+04 1.311e+01  1  0   0  0   0   1         0
9500.030  9.500  0   0  0 2.721e+02 2.721e-01  0 1.677e+02 1.677e-01  1  0   0  0   0   1         0
9538.443  9.538  0   0  3 5.168e+03 5.168e+00  0 4.340e+03 4.340e+00  1  0   0  0   0   1         0
9508.129  9.508  0   0  5 2.099e+03 2.099e+00  0 3.130e+02 3.130e-01  1  0   0  0   0   1         0
9512.712  9.513  0   0  4 5.881e+03 5.881e+00  4 2.929e+04 2.929e+01  1  0   0  0   0   1         0
9511.851  9.512  0   0  2 3.180e+02 3.180e-01  2 1.242e+04 1.242e+01  1  0   0  0   0   1         0
9517.216  9.517  0   0  3 3.436e+03 3.436e+00  0 1.437e-01 1.437e-04  1  0   0  0   0   1         0
9524.382  9.524  0   0  1 3.534e+01 3.534e-02  0 6.914e+04 6.914e+01  1  0   0  0   0   1         0
9540.692  9.541  0   0  9 1.036e+04 1.036e+01  0 8.021e+02 8.021e-01  1  0   0  0   0   1         0
9593.156  9.593  0   0  3 1.534e+03 1.534e+00  0 3.815e+04 3.815e+01  1  0   0  0   0   1         0
9574.086  9.574  0   0  0 2.627e+03 2.627e+00  0 2.055e+02 2.055e-01  1  0   0  0   0   1         0
9585.940  9.586  0   0  9 3.048e+03 3.048e+00  0 1.531e+00 1.531e-03  1  0   0  0   0   1         0
9578.206  9.578  0   0  2 8.045e+03 8.045e+00  2 4.920e+02 4.920e-01  1  0   0  0   0   1         0
9565.378  9.565  0   0  3 1.382e+03 1.382e+00  0 4.310e+04 4.310e+01  1  0   0  0   0   1         0
9564.334  9.564  0   0  1 2.329e+04 2.329e+01  0 1.744e+02 1.744e-01  1  0   0  0   0   1         0
9587.493  9.587  0   0  5 2.062e+03 2.062e+00  0 1.878e+03 1.878e+00  1  0   0  0   0   1         0
9576.717  9.577  0   0  4 3.754e+03 3.754e+00  4 2.504e+04 2.504e+01  1  0   0  0   0   1         0
9568.073  9.568  0   0  3 5.209e+02 5.209e-01  0 6.587e+03 6.587e+00  1  0   0  0   0   1         0
9580.958  9.581  0   0  3 1.576e+03 1.576e+00  0 6.121e+03 6.121e+00  1  0   0  0   0   1         0
9571.107  9.571  0   0  0 6.781e+00 6.781e-03  0 2.888e+02 2.888e-01  1  0   0  0   0   1         0
9573.866  9.574  0   0  1 2.461e+00 2.461e-03  0 5.327e+03 5.327e+00  1  0   0  0   0   1         0
9583.994  9.584  0   0  3 2.527e+03 2.527e+00  0 1.953e+04 1.953e+01  1  0   0  0   0   1         0
9573.010  9.573  0   0  7 5.872e+03 5.872e+00  0 5.844e+03 5.844e+00  1  0   0  0   0   1         0
9597.518  9.598  0   0  0 1.838e+04 1.838e+01  0 3.735e+02 3.735e-01  1  0   0  0   0   1         0
9574.372  9.574  0   0  2 7.292e+03 7.292e+00  2 4.258e+04 4.258e+01  1  0   0  0   0   1         0
9598.108  9.598  0   0  2 2.519e+04 2.519e+01  2 5.367e+03 5.367e+00  1  0   0  0   0   1         0
9592.442  9.592  0   0  0 5.562e+01 5.562e-02  0 1.438e+03 1.438e+00  1  0   0  0   0   1         0
9594.590  9.595  0   0  3 1.735e+03 1.735e+00  0 2.066e+03 2.066e+00  1  0   0  0   0   1         0
9588.245  9.588  0   0  2 7.409e+03 7.409e+00  2 8.570e+04 8.570e+01  1  0   0  0   0   1         0
9580.334  9.580  0   0  5 7.658e+03 7.658e+00  0 3.527e+04 3.527e+01  1  0   0  0   0   1         0
9576.745  9.577  0   0  2 3.667e+02 3.667e-01  2 2.829e+03 2.829e+00  1  0   0  0   0   1         0
9577.694  9.578  0   0  8 1.519e+03 1.519e+00  8 5.942e+02 5.942e-01  1  0   0  0   0   1         0
9560.146  9.560  0   0  4 9.349e+02 9.349e-01  4 5.956e+03 5.956e+00  1  0   0  0   0   1         0
9560.796  9.561  0   0  0 4.443e+02 4.443e-01  0 3.709e+03 3.709e+00  1  0   0  0   0   1         0
9551.723  9.552  0   0  4 1.637e+03 1.637e+00  4 1.441e+04 1.441e+01  1  0   0  0   0   1         0
9587.363  9.587  0   0  4 5.239e+03 5.239e+00  4 3.630e+03 3.630e+00  1  0   0  0   0   1         0
9556.293  9.556  0   0  1 9.181e+02 9.181e-01  0 2.837e+04 2.837e+01  1  0   0  0   0   1         0
9579.217  9.579  0   0  5 1.502e+04 1.502e+01  0 4.263e+04 4.263e+01  1  0   0  0   0   1         0
9556.950  9.557  0   0  6 2.518e+03 2.518e+00  6 2.273e+02 2.273e-01  1  0   0  0   0   1         0
9553.355  9.553  0   0  4 1.550e+02 1.550e-01  4 4.913e+01 4.913e-02  1  0   0  0   0   1         0
9576.792  9.577  0   0  3 7.990e+02 7.990e-01  0 3.364e+03 3.364e+00  1  0   0  0   0   1         0
9593.704  9.594  0   0  4 1.762e+02 1.762e-01  4 2.378e+04 2.378e+01  1  0   0  0   0   1         0
9567.904  9.568  0   0  1 4.997e+03 4.997e+00  0 6.615e+01 6.615e-02  1  0   0  0   0   1         0
9595.995  9.596  0   0  4 1.459e+03 1.459e+00  4 3.829e+02 3.829e-01  1  0   0  0   0   1         0
9550.520  9.551  0   0  1 2.134e+03 2.134e+00  0 1.569e+04 1.569e+01  1  0   0  0   0   1         0
9573.399  9.573  0   0  0 4.859e+02 4.859e-01  0 5.470e+03 5.470e+00  1  0   0  0   0   1         0
9557.395  9.557  0   0  2 3.437e+03 3.437e+00  2 8.574e+03 8.574e+00  1  0   0  0   0   1         0
9565.887  9.566  0   0  1 1.754e+03 1.754e+00  0 1.521e+03 1.521e+00  1  0   0  0   0   1         0
9551.197  9.551  0   0  7 3.116e+03 3.116e+00  0 2.999e+02 2.999e-01  1  0   0  0   0   1         0
9551.783  9.552  0   0  6 1.918e+04 1.918e+01  6 8.310e+03 8.310e+00  1  0   0  0   0   1         0
9585.733  9.586  0   0  1 3.863e+03 3.863e+00  0 2.984e+04 2.984e+01  1  0   0  0   0   1         0
9582.829  9.583  0   0  1 5.464e+02 5.464e-01  0 2.177e+04 2.177e+01  1  0   0  0   0   1         0
9560.491  9.560  0   0  2 2.334e+03 2.334e+00  2 9.474e+03 9.474e+00  1  0   0  0   0   1         0
9595.097  9.595  0   0  2 1.197e+02 1.197e-01  2 4.836e+04 4.836e+01  1  0   0  0   0   1         0
9584.495  9.584  0   0  1 8.159e+03 8.159e+00  0 1.726e+04 1.726e+01  1  0   0  0   0   1         0
9566.909  9.567  0   0  1 7.043e+02 7.043e-01  0 1.777e+03 1.777e+00  1  0   0  0   0   1         0
9570.492  9.570  0   0  2 4.272e+04 4.272e+01  2 2.925e+03 2.925e+00  1  0   0  0   0   1         0
9564.721  9.565  0   0  4 1.444e+04 1.444e+01  4 4.348e+03 4.348e+00  1  0   0  0   0   1         0
9591.593  9.592  0   0  5 4.502e+03 4.502e+00  0 1.141e+04 1.141e+01  1  0   0  0   0   1         0
9574.811  9.575  0   0  2 4.434e+01 4.434e-02  2 7.800e+02 7.800e-01  1  0   0  0   0   1         0
9556.818  9.557  0   0  4 2.783e+03 2.783e+00  4 3.231e+04 3.231e+01  1  0   0  0   0   1         0
9560.159  9.560  0   0  3 4.547e+03 4.547e+00  0 1.298e+04 1.298e+01  1  0   0  0   0   1         0
9564.923  9.565  0   0  3 2.204e+02 2.204e-01  0 9.593e+03 9.593e+00  1  0   0  0   0   1         0
9570.266  9.570  0   0  1 2.488e+03 2.488e+00  0 2.780e+04 2.780e+01  1  0   0  0   0   1         0
9579.741  9.580  0   0  1 4.504e+04 4.504e+01  0 7.346e+04 7.346e+01  1  0   0  0   0   1         0
9598.224  9.598  0   0  5 5.524e+01 5.524e-02  0 1.738e+02 1.738e-01  1  0   0  0   0   1         0
9563.184  9.563  0   0  7 4.382e+03 4.382e+00  0 1.817e+04 1.817e+01  1  0   0  0   0   1         0
9566.520  9.567  0   0  3 4.033e+03 4.033e+00  0 9.120e+03 9.120e+00  1  0   0  0   0   1         0
9551.208  9.551  0   0  3 1.646e+03 1.646e+00  0 3.628e+04 3.628e+01  1  0   0  0   0   1         0
9568.733  9.569  0   0  5 2.167e+03 2.167e+00  0 4.643e+02 4.643e-01  1  0   0  0   0   1         0
9583.852  9.584  0   0  4 4.000e+03 4.000e+00  4 5.037e+03 5.037e+00  1  0   0  0   0   1         0
9598.169  9.598  0   0  6 2.153e+04 2.153e+01  6 1.706e+03 1.706e+00  1  0   0  0   0   1         0
9587.096  9.587  0   0  5 1.470e+02 1.470e-01  0 2.204e+03 2.204e+00  1  0   0  0   0   1         0
9555.947  9.556  0   0  3 6.806e+02 6.806e-01  0 4.299e+03 4.299e+00  1  0   0  0   0   1         0
9594.546  9.595  0   0  3 6.511e+02 6.511e-01  0 5.752e+03 5.752e+00  1  0   0  0   0   1         0
9591.995  9.592  0   0  1 1.365e+04 1.365e+01  0 2.519e+03 2.519e+00  1  0   0  0   0   1         0
9559.520  9.560  0   0  0 2.353e+03 2.353e+00  0 1.039e+04 1.039e+01  1  0   0  0   0   1         0
9596.744  9.597  0   0  0 7.833e+03 7.833e+00  0 6.376e+02 6.376e-01  1  0   0  0   0   1         0
9585.797  9.586  0   0  4 2.748e+03 2.748e+00  4 4.013e+03 4.013e+00  1  0   0  0   0   1         0
9589.217  9.589  0   0  6 1.768e+03 1.768e+00  6 3.540e+02 3.540e-01  1  0   0  0   0   1         0
9573.069  9.573  0   0  1 1.776e+04 1.776e+01  0 6.752e+00 6.752e-03  1  0   0  0   0   1         0
9560.107  9.560  0   0  3 1.162e+03 1.162e+00  0 6.150e+03 6.150e+00  1  0   0  0   0   1         0
9590.027  9.590  0   0  4 1.446e+03 1.446e+00  4 1.756e+04 1.756e+01  1  0   0  0   0   1         0
9573.985  9.574  0   0  3 1.285e+03 1.285e+00  0 3.329e+03 3.329e+00  1  0   0  0   0   1         0
9598.385  9.598  0   0  0 5.845e+02 5.845e-01  0 1.550e-01 1.550e-04  1  0   0  0   0   1         0
9557.725  9.558  0   0  7 4.023e+03 4.023e+00  0 2.271e+03 2.271e+00  1  0   0  0   0   1         0
9567.874  9.568  0   0  4 3.054e+03 3.054e+00  4 9.418e+03 9.418e+00  1  0   0  0   0   1         0
9586.865  9.587  0   0  5 1.669e+02 1.669e-01  0 3.082e+01 3.082e-02  1  0   0  0   0   1         0
9578.724  9.579  0   0  1 2.109e+04 2.109e+01  0 3.296e+03 3.296e+00  1  0   0  0   0   1         0
9571.774  9.572  0   0  1 7.988e+01 7.988e-02  0 7.162e+03 7.162e+00  1  0   0  0   0   1         0
9585.174  9.585  0   0  1 7.184e+03 7.184e+00  0 2.564e+03 2.564e+00  1  0   0  0   0   1         0
9586.755  9.587  0   0  5 2.408e+04 2.408e+01  0 4.396e+03 4.396e+00  1  0   0  0   0   1         0
9578.975  9.579  0   0  2 1.122e+03 1.122e+00  2 2.653e+02 2.653e-01  1  0   0  0   0   1         0
9566.053  9.566  0   0  2 2.243e+04 2.243e+01  2 2.080e+04 2.080e+01  1  0   0  0   0   1         0
9581.044  9.581  0   0  1 7.133e+02 7.133e-01  0 2.493e+03 2.493e+00  1  0   0  0   0   1         0
9577.374  9.577  0   0  3 1.901e+04 1.901e+01  0 1.323e+04 1.323e+01  1  0   0  0   0   1         0
9589.955  9.590  0   0  2 7.375e+01 7.375e-02  2 1.033e+04 1.033e+01  1  0   0  0   0   1         0
9582.775  9.583  0   0  0 4.709e+01 4.709e-02  0 1.382e+04 1.382e+01  1  0   0  0   0   1         0
9574.951  9.575  0   0  5 1.065e+03 1.065e+00  0 9.683e+03 9.683e+00  1  0   0  0   0   1         0
9550.943  9.551  0   0  2 1.454e+03 1.454e+00  2 4.257e+03 4.257e+00  1  0   0  0   0   1         0
9558.410  9.558  0   0  2 1.593e+02 1.593e-01  2 3.671e+03 3.671e+00  1  0   0  0   0   1         0
9566.931  9.567  0   0  0 8.103e+01 8.103e-02  0 3.521e+02 3.521e-01  1  0   0  0   0   1         0
9580.177  9.580  0   0  2 8.190e+02 8.190e-01  2 8.308e+02 8.308e-01  1  0   0  0   0   1         0
9589.692  9.590  0   0  3 1.575e+02 1.575e-01  0 2.541e+03 2.541e+00  1  0   0  0   0   1         0
9598.015  9.598  0   0  6 4.767e+02 4.767e-01  6 1.051e+03 1.051e+00  1  0   0  0   0   1         0
9580.098  9.580  0   0  4 4.402e+02 4.402e-01  4 7.787e+02 7.787e-01  1  0   0  0   0   1         0
9586.531  9.587  0   0  6 5.817e+01 5.817e-02  6 1.700e+03 1.700e+00  1  0   0  0   0   1         0
9581.178  9.581  0   0  1 9.079e+03 9.079e+00  0 9.184e+00 9.184e-03  1  0   0  0   0   1         0
9571.624  9.572  0   0  3 2.706e+03 2.706e+00  0 3.075e+03 3.075e+00  1  0   0  0   0   1         0
9609.764  9.610  0   0  4 7.075e+03 7.075e+00  4 2.772e+03 2.772e+00  1  0   0  0   0   1         0
9642.939  9.643  0   0  3 1.342e+04 1.342e+01  0 9.529e+02 9.529e-01  1  0   0  0   0   1         0
9645.253  9.645  0   0  3 1.393e+04 1.393e+01  0 1.665e+04 1.665e+01  1  0   0  0   0   1         0
9631.438  9.631  0   0  2 1.975e+00 1.975e-03  2 5.360e+02 5.360e-01  1  0   0  0   0   1         0
9648.390  9.648  0   0  2 1.313e+04 1.313e+01  2 3.721e+03 3.721e+00  1  0   0  0   0   1         0
9620.637  9.621  0   0  6 8.382e+03 8.382e+00  6 9.753e-02 9.753e-05  1  0   0  0   0   1         0
9635.057  9.635  0   0  1 1.636e+03 1.636e+00  0 5.439e+03 5.439e+00  1  0   0  0   0   1         0
9600.509  9.601  0   0  4 2.607e+01 2.607e-02  4 7.299e+01 7.299e-02  1  0   0  0   0   1         0
9613.823  9.614  0   0  4 5.288e+03 5.288e+00  4 2.084e+04 2.084e+01  1  0   0  0   0   1         0
9628.427  9.628  0   0  3 6.572e+03 6.572e+00  0 3.787e+03 3.787e+00  1  0   0  0   0   1         0
9643.844  9.644  0   0  4 3.548e+04 3.548e+01  4 2.116e+03 2.116e+00  1  0   0  0   0   1         0
9647.666  9.648  0   0  3 1.366e+02 1.366e-01  0 3.128e+03 3.128e+00  1  0   0  0   0   1         0
9629.079  9.629  0   0  1 1.692e+04 1.692e+01  0 1.707e+04 1.707e+01  1  0   0  0   0   1         0
9642.848  9.643  0   0  6 1.321e+04 1.321e+01  6 1.889e+03 1.889e+00  1  0   0  0   0   1         0
9640.032  9.640  0   0  3 3.713e+03 3.713e+00  0 2.681e+02 2.681e-01  1  0   0  0   0   1         0
9638.761  9.639  0   0  4 3.967e+03 3.967e+00  4 1.140e+04 1.140e+01  1  0   0  0   0   1         0
9605.617  9.606  0   0  0 1.461e+03 1.461e+00  0 1.600e+04 1.600e+01  1  0   0  0   0   1         0
9624.042  9.624  0   0  6 2.430e+03 2.430e+00  6 5.222e+03 5.222e+00  1  0   0  0   0   1         0
9624.423  9.624  0   0  0 2.386e+03 2.386e+00  0 2.133e+01 2.133e-02  1  0   0  0   0   1         0
9639.447  9.639  0   0  4 5.205e+01 5.205e-02  4 1.409e+02 1.409e-01  1  0   0  0   0   1         0
9629.413  9.629  0   0  4 2.379e+03 2.379e+00  4 4.859e+03 4.859e+00  1  0   0  0   0   1         0
9641.058  9.641  0   0  1 2.121e+03 2.121e+00  0 4.542e+03 4.542e+00  1  0   0  0   0   1         0
9647.841  9.648  0   0  5 1.183e+04 1.183e+01  0 3.330e+04 3.330e+01  1  0   0  0   0   1         0
9627.842  9.628  0   0  4 7.553e+03 7.553e+00  4 1.485e+04 1.485e+01  1  0   0  0   0   1         0
9639.658  9.640  0   0  3 2.721e+04 2.721e+01  0 1.012e+02 1.012e-01  1  0   0  0   0   1         0
9628.137  9.628  0   0  3 2.034e+00 2.034e-03  0 2.874e+03 2.874e+00  1  0   0  0   0   1         0
9631.389  9.631  0   0  1 3.227e+03 3.227e+00  0 1.571e+04 1.571e+01  1  0   0  0   0   1         0
9623.911  9.624  0   0  1 2.680e+03 2.680e+00  0 2.121e+04 2.121e+01  1  0   0  0   0   1         0
9647.997  9.648  0   0  8 5.778e+03 5.778e+00  8 2.723e+01 2.723e-02  1  0   0  0   0   1         0
9640.944  9.641  0   0  1 3.601e+01 3.601e-02  0 1.736e+04 1.736e+01  1  0   0  0   0   1         0
9637.679  9.638  0   0  5 2.011e+04 2.011e+01  0 9.358e+00 9.358e-03  1  0   0  0   0   1         0
9616.577  9.617  0   0  6 4.854e+03 4.854e+00  6 1.509e+03 1.509e+00  1  0   0  0   0   1         0
9624.381  9.624  0   0  3 4.041e+02 4.041e-01  0 1.021e+03 1.021e+00  1  0   0  0   0   1         0
9643.197  9.643  0   0  4 4.663e+02 4.663e-01  4 1.389e+01 1.389e-02  1  0   0  0   0   1         0
9646.845  9.647  0   0  2 1.501e+04 1.501e+01  2 1.508e+03 1.508e+00  1  0   0  0   0   1         0
9649.879  9.650  0   0  8 4.705e+03 4.705e+00  8 3.147e+03 3.147e+00  1  0   0  0   0   1         0
9636.807  9.637  0   0  2 2.587e+03 2.587e+00  2 1.129e+04 1.129e+01  1  0   0  0   0   1         0
9636.629  9.637  0   0  4 2.738e+03 2.738e+00  4 2.664e+02 2.664e-01  1  0   0  0   0   1         0
9604.732  9.605  0   0  2 1.183e+03 1.183e+00  2 6.456e+03 6.456e+00  1  0   0  0   0   1         0
9637.659  9.638  0   0  3 5.560e+03 5.560e+00  0 1.549e+04 1.549e+01  1  0   0  0   0   1         0
9617.438  9.617  0   0  4 3.101e+02 3.101e-01  4 2.264e+03 2.264e+00  1  0   0  0   0   1         0
9643.283  9.643  0   0  9 8.296e+02 8.296e-01  0 6.815e+02 6.815e-01  1  0   0  0   0   1         0
9600.567  9.601  0   0  2 8.077e+03 8.077e+00  2 6.685e+02 6.685e-01  1  0   0  0   0   1         0
9646.746  9.647  0   0  5 1.085e+02 1.085e-01  0 1.002e+04 1.002e+01  1  0   0  0   0   1         0
9624.305  9.624  0   0  2 2.074e+03 2.074e+00  2 2.078e+02 2.078e-01  1  0   0  0   0   1         0
9606.447  9.606  0   0  0 6.835e+02 6.835e-01  0 6.472e+01 6.472e-02  1  0   0  0   0   1         0
9630.156  9.630  0   0  5 2.708e+03 2.708e+00  0 5.748e+00 5.748e-03  1  0   0  0   0   1         0
9634.696  9.635  0   0  1 9.029e+01 9.029e-02  0 2.591e+02 2.591e-01  1  0   0  0   0   1         0
9639.065  9.639  0   0  2 8.832e+03 8.832e+00  2 3.816e+03 3.816e+00  1  0   0  0   0   1         0
9635.185  9.635  0   0  1 8.800e+01 8.800e-02  0 7.280e+00 7.280e-03  1  0   0  0   0   1         0
9627.778  9.628  0   0  0 1.488e+03 1.488e+00  0 5.108e+03 5.108e+00  1  0   0  0   0   1         0
9604.131  9.604  0   0  9 1.967e+01 1.967e-02  0 2.152e+04 2.152e+01  1  0   0  0   0   1         0
9643.197  9.643  0   0  1 1.356e+04 1.356e+01  0 1.396e+03 1.396e+00  1  0   0  0   0   1         0
9649.177  9.649  0   0  3 2.141e+04 2.141e+01  0 6.423e+03 6.423e+00  1  0   0  0   0   1         0
9638.976  9.639  0   0  5 1.919e+04 1.919e+01  0 1.121e+04 1.121e+01  1  0   0  0   0   1         0
9601.752  9.602  0   0  3 3.556e+03 3.556e+00  0 7.178e+03 7.178e+00  1  0   0  0   0   1         0
9637.866  9.638  0   0  3 3.320e+04 3.320e+01  0 1.741e+04 1.741e+01  1  0   0  0   0   1         0
9613.570  9.614  0   0  3 1.640e+03 1.640e+00  0 1.883e+04 1.883e+01  1  0   0  0   0   1         0
9648.121  9.648  0   0  6 7.695e+03 7.695e+00  6 2.129e+00 2.129e-03  1  0   0  0   0   1         0
9603.202  9.603  0   0  1 1.025e+02 1.025e-01  0 6.395e+04 6.395e+01  1  0   0  0   0   1         0
9604.650  9.605  0   0  5 3.073e+03 3.073e+00  0 3.045e+04 3.045e+01  1  0   0  0   0   1         0
9609.134  9.609  0   0  4 1.618e+04 1.618e+01  4 4.049e+03 4.049e+00  1  0   0  0   0   1         0
9637.740  9.638  0   0  3 6.355e+02 6.355e-01  0 4.191e+03 4.191e+00  1  0   0  0   0   1         0
9632.670  9.633  0   0  0 1.065e+02 1.065e-01  0 3.077e+04 3.077e+01  1  0   0  0   0   1         0
9636.449  9.636  0   0  3 2.213e+04 2.213e+01  0 4.394e+03 4.394e+00  1  0   0  0   0   1         0
9617.796  9.618  0   0  1 3.778e+03 3.778e+00  0 1.208e+02 1.208e-01  1  0   0  0   0   1         0
9644.025  9.644  0   0  1 1.236e+03 1.236e+00  0 3.196e+03 3.196e+00  1  0   0  0   0   1         0
9622.422  9.622  0   0  4 9.582e+03 9.582e+00  4 8.385e+03 8.385e+00  1  0   0  0   0   1         0
9606.757  9.607  0   0  2 2.271e+03 2.271e+00  2 2.856e+03 2.856e+00  1  0   0  0   0   1         0
9638.452  9.638  0   0  2 2.279e+03 2.279e+00  2 3.193e+03 3.193e+00  1  0   0  0   0   1         0
9626.587  9.627  0   0  1 1.931e+03 1.931e+00  0 6.106e+03 6.106e+00  1  0   0  0   0   1         0
9629.777  9.630  0   0  2 1.363e+03 1.363e+00  2 7.568e+03 7.568e+00  1  0   0  0   0   1         0
9619.361  9.619  0   0  5 1.129e+00 1.129e-03  0 1.269e+04 1.269e+01  1  0   0  0   0   1         0
9635.627  9.636  0   0  2 1.719e+04 1.719e+01  2 1.359e+03 1.359e+00  1  0   0  0   0   1         0
9601.794  9.602  0   0  4 1.878e+04 1.878e+01  4 3.008e+04 3.008e+01  1  0   0  0   0   1         0
9624.669  9.625  0   0  2 5.127e+03 5.127e+00  2 3.963e+02 3.963e-01  1  0   0  0   0   1         0
9621.466  9.621  0   0  1 2.929e+02 2.929e-01  0 1.038e+03 1.038e+00  1  0   0  0   0   1         0
9637.407  9.637  0   0  2 2.285e+04 2.285e+01  2 1.138e+04 1.138e+01  1  0   0  0   0   1         0
9613.380  9.613  0   0  1 1.610e+04 1.610e+01  0 1.984e+04 1.984e+01  1  0   0  0   0   1         0
9611.765  9.612  0   0  3 2.410e+03 2.410e+00  0 2.154e+04 2.154e+01  1  0   0  0   0   1         0
9616.088  9.616  0   0  3 1.690e+02 1.690e-01  0 1.801e+04 1.801e+01  1  0   0  0   0   1         0
9624.138  9.624  0   0  8 6.340e+02 6.340e-01  8 1.288e+04 1.288e+01  1  0   0  0   0   1         0
9610.568  9.611  0   0  4 2.340e+03 2.340e+00  4 2.211e+04 2.211e+01  1  0   0  0   0   1         0
9634.306  9.634  0   0  3 5.504e+03 5.504e+00  0 9.793e+02 9.793e-01  1  0   0  0   0   1         0
9616.679  9.617  0   0  4 4.771e+03 4.771e+00  4 6.594e+03 6.594e+00  1  0   0  0   0   1         0
9621.184  9.621  0   0  1 4.125e+01 4.125e-02  0 1.446e+02 1.446e-01  1  0   0  0   0   1         0
9627.989  9.628  0   0  3 8.676e+02 8.676e-01  0 8.600e+03 8.600e+00  1  0   0  0   0   1         0
9618.948  9.619  0   0  1 6.066e+03 6.066e+00  0 1.057e+04 1.057e+01  1  0   0  0   0   1         0
9635.154  9.635  0   0  5 8.541e+02 8.541e-01  0 2.865e+03 2.865e+00  1  0   0  0   0   1         0
9682.317  9.682  0   0  3 9.625e+03 9.625e+00  0 5.588e+04 5.588e+01  1  0   0  0   0   1         0
9660.991  9.661  0   0  5 1.205e+02 1.205e-01  0 2.449e+01 2.449e-02  1  0   0  0   0   1         0
9661.442  9.661  0   0  0 2.522e+02 2.522e-01  0 1.390e+04 1.390e+01  1  0   0  0   0   1         0
9693.348  9.693  0   0  4 6.177e+03 6.177e+00  4 8.260e+04 8.260e+01  1  0   0  0   0   1         0
9697.267  9.697  0   0  6 7.892e+03 7.892e+00  6 2.418e+03 2.418e+00  1  0   0  0   0   1         0
9682.222  9.682  0   0  7 4.835e+03 4.835e+00  0 7.016e+04 7.016e+01  1  0   0  0   0   1         0
9677.948  9.678  0   0  3 3.710e+03 3.710e+00  0 1.861e+04 1.861e+01  1  0   0  0   0   1         0
9683.001  9.683  0   0  4 2.628e+03 2.628e+00  4 5.377e+03 5.377e+00  1  0   0  0   0   1         0
9656.480  9.656  0   0  1 9.159e+03 9.159e+00  0 7.073e+03 7.073e+00  1  0   0  0   0   1         0
9694.892  9.695  0   0  3 7.198e+02 7.198e-01  0 6.699e+03 6.699e+00  1  0   0  0   0   1         0
9660.502  9.661  0   0  2 5.268e+02 5.268e-01  2 4.461e+03 4.461e+00  1  0   0  0   0   1         0
9683.580  9.684  0   0  3 3.402e+03 3.402e+00  0 3.514e+04 3.514e+01  1  0   0  0   0   1         0
9661.174  9.661  0   0  5 3.007e+03 3.007e+00  0 1.396e+04 1.396e+01  1  0   0  0   0   1         0
9685.380  9.685  0   0  8 3.194e+03 3.194e+00  8 3.646e+03 3.646e+00  1  0   0  0   0   1         0
9687.752  9.688  0   0  0 6.529e+02 6.529e-01  0 2.606e+03 2.606e+00  1  0   0  0   0   1         0
9687.135  9.687  0   0  0 4.355e+03 4.355e+00  0 7.422e+01 7.422e-02  1  0   0  0   0   1         0
9671.542  9.672  0   0  1 1.743e+03 1.743e+00  0 3.450e+03 3.450e+00  1  0   0  0   0   1         0
9680.455  9.680  0   0  1 1.861e+04 1.861e+01  0 1.233e+04 1.233e+01  1  0   0  0   0   1         0
9680.004  9.680  0   0  3 1.300e+02 1.300e-01  0 2.218e+04 2.218e+01  1  0   0  0   0   1         0
9686.103  9.686  0   0  2 4.657e+03 4.657e+00  2 9.352e+01 9.352e-02  1  0   0  0   0   1         0
9675.059  9.675  0   0  1 2.847e+04 2.847e+01  0 3.453e+02 3.453e-01  1  0   0  0   0   1         0
9675.473  9.675  0   0  3 3.363e+01 3.363e-02  0 1.410e-03 1.410e-06  1  0   0  0   0   1         0
9684.314  9.684  0   0  1 3.166e+03 3.166e+00  0 7.042e+02 7.042e-01  1  0   0  0   0   1         0
9658.569  9.659  0   0  2 1.644e+03 1.644e+00  2 2.309e+04 2.309e+01  1  0   0  0   0   1         0
9682.722  9.683  0   0  1 1.422e+04 1.422e+01  0 2.618e+04 2.618e+01  1  0   0  0   0   1         0
9657.467  9.657  0   0  5 4.704e+01 4.704e-02  0 1.845e+03 1.845e+00  1  0   0  0   0   1         0
9686.328  9.686  0   0  5 3.043e+02 3.043e-01  0 8.374e+02 8.374e-01  1  0   0  0   0   1         0
9669.549  9.670  0   0  2 3.009e+03 3.009e+00  2 1.260e+04 1.260e+01  1  0   0  0   0   1         0
9692.037  9.692  0   0  0 7.745e+02 7.745e-01  0 1.139e+04 1.139e+01  1  0   0  0   0   1         0
9654.456  9.654  0   0  8 1.182e+03 1.182e+00  8 2.674e+04 2.674e+01  1  0   0  0   0   1         0
9673.134  9.673  0   0  0 6.637e+01 6.637e-02  0 2.397e+03 2.397e+00  1  0   0  0   0   1         0
9658.422  9.658  0   0  1 2.942e+04 2.942e+01  0 1.477e+04 1.477e+01  1  0   0  0   0   1         0
9693.492  9.693  0   0  4 1.276e+04 1.276e+01  4 6.026e+03 6.026e+00  1  0   0  0   0   1         0
9656.310  9.656  0   0  3 9.552e+03 9.552e+00  0 1.504e+04 1.504e+01  1  0   0  0   0   1         0
9674.368  9.674  0   0  5 3.785e+03 3.785e+00  0 1.700e+01 1.700e-02  1  0   0  0   0   1         0
9655.304  9.655  0   0  0 7.473e+01 7.473e-02  0 3.030e+04 3.030e+01  1  0   0  0   0   1         0
9689.955  9.690  0   0  2 4.499e+02 4.499e-01  2 1.734e+03 1.734e+00  1  0   0  0   0   1         0
9664.190  9.664  0   0  5 1.457e+04 1.457e+01  0 2.241e+03 2.241e+00  1  0   0  0   0   1         0
9679.808  9.680  0   0  3 1.216e+03 1.216e+00  0 3.113e+01 3.113e-02  1  0   0  0   0   1         0
9658.569  9.659  0   0  2 2.042e+03 2.042e+00  2 9.041e+02 9.041e-01  1  0   0  0   0   1         0
9667.680  9.668  0   0  3 5.828e+03 5.828e+00  0 1.654e+03 1.654e+00  1  0   0  0   0   1         0
9655.729  9.656  0   0  3 2.524e+02 2.524e-01  0 1.374e+04 1.374e+01  1  0   0  0   0   1         0
9677.649  9.678  0   0  1 6.842e+02 6.842e-01  0 3.084e+03 3.084e+00  1  0   0  0   0   1         0
9650.174  9.650  0   0  3 2.018e+03 2.018e+00  0 1.236e+03 1.236e+00  1  0   0  0   0   1         0
9699.657  9.700  0   0  3 9.884e+03 9.884e+00  0 7.888e+03 7.888e+00  1  0   0  0   0   1         0
9670.920  9.671  0   0  4 5.222e+03 5.222e+00  4 3.595e+03 3.595e+00  1  0   0  0   0   1         0
9681.574  9.682  0   0  3 2.779e+03 2.779e+00  0 1.056e+03 1.056e+00  1  0   0  0   0   1         0
9664.428  9.664  0   0  6 8.681e-01 8.681e-04  6 2.328e-01 2.328e-04  1  0   0  0   0   1         0
9662.745  9.663  0   0  2 1.804e+03 1.804e+00  2 1.084e+04 1.084e+01  1  0   0  0   0   1         0
9692.363  9.692  0   0 10 6.296e+02 6.296e-01 10 1.075e+04 1.075e+01  1  0   0  0   0   1         0
9687.988  9.688  0   0  2 5.357e+03 5.357e+00  2 3.911e+03 3.911e+00  1  0   0  0   0   1         0
9682.264  9.682  0   0  1 4.806e+02 4.806e-01  0 7.435e+02 7.435e-01  1  0   0  0   0   1         0
9687.696  9.688  0   0  2 1.694e+03 1.694e+00  2 3.134e+04 3.134e+01  1  0   0  0   0   1         0
9658.829  9.659  0   0  0 1.092e+03 1.092e+00  0 3.715e+04 3.715e+01  1  0   0  0   0   1         0
9696.731  9.697  0   0  3 1.374e+03 1.374e+00  0 9.807e+00 9.807e-03  1  0   0  0   0   1         0
9672.845  9.673  0   0  3 5.731e+02 5.731e-01  0 8.765e+02 8.765e-01  1  0   0  0   0   1         0
9693.485  9.693  0   0  5 1.095e+04 1.095e+01  0 1.829e+04 1.829e+01  1  0   0  0   0   1         0
9686.887  9.687  0   0  4 1.217e+04 1.217e+01  4 1.032e+04 1.032e+01  1  0   0  0   0   1         0
9664.385  9.664  0   0  3 1.901e+02 1.901e-01  0 2.916e+03 2.916e+00  1  0   0  0   0   1         0
9678.572  9.679  0   0  2 5.487e+03 5.487e+00  2 2.613e+00 2.613e-03  1  0   0  0   0   1         0
9698.346  9.698  0   0  4 3.148e+03 3.148e+00  4 9.520e+03 9.520e+00  1  0   0  0   0   1         0
9651.870  9.652  0   0  1 2.486e+04 2.486e+01  0 5.240e+03 5.240e+00  1  0   0  0   0   1         0
9671.431  9.671  0   0  1 6.657e+03 6.657e+00  0 2.229e+04 2.229e+01  1  0   0  0   0   1         0
9681.129  9.681  0   0  1 7.971e+01 7.971e-02  0 2.625e+04 2.625e+01  1  0   0  0   0   1         0
9667.093  9.667  0   0  3 6.152e+00 6.152e-03  0 3.440e+03 3.440e+00  1  0   0  0   0   1         0
9665.990  9.666  0   0  2 5.439e+01 5.439e-02  2 5.586e+04 5.586e+01  1  0   0  0   0   1         0
9687.516  9.688  0   0  4 1.842e+04 1.842e+01  4 8.187e+03 8.187e+00  1  0   0  0   0   1         0
9695.849  9.696  0   0  1 9.273e+02 9.273e-01  0 2.194e+04 2.194e+01  1  0   0  0   0   1         0
9676.989  9.677  0   0  4 5.456e+03 5.456e+00  4 5.720e+02 5.720e-01  1  0   0  0   0   1         0
9697.432  9.697  0   0  4 1.475e+04 1.475e+01  4 2.464e+02 2.464e-01  1  0   0  0   0   1         0
9655.104  9.655  0   0  4 1.942e+02 1.942e-01  4 2.390e+03 2.390e+00  1  0   0  0   0   1         0
9661.450  9.661  0   0  7 7.658e+01 7.658e-02  0 2.849e+03 2.849e+00  1  0   0  0   0   1         0
9654.421  9.654  0   0  0 7.944e+02 7.944e-01  0 1.272e+04 1.272e+01  1  0   0  0   0   1         0
9671.884  9.672  0   0  4 2.580e+03 2.580e+00  4 4.494e+02 4.494e-01  1  0   0  0   0   1         0
9681.437  9.681  0   0  8 3.729e+03 3.729e+00  8 7.698e+03 7.698e+00  1  0   0  0   0   1         0
9660.094  9.660  0   0  1 3.950e+04 3.950e+01  0 1.127e+03 1.127e+00  1  0   0  0   0   1         0
9672.535  9.673  0   0  5 2.236e+03 2.236e+00  0 1.837e+01 1.837e-02  1  0   0  0   0   1         0
9684.313  9.684  0   0  3 7.918e+03 7.918e+00  0 2.188e+03 2.188e+00  1  0   0  0   0   1         0
9682.074  9.682  0   0  5 2.210e+03 2.210e+00  0 4.503e+04 4.503e+01  1  0   0  0   0   1         0
9681.565  9.682  0   0  2 1.260e+02 1.260e-01  2 1.386e+04 1.386e+01  1  0   0  0   0   1         0
9680.405  9.680  0   0  5 7.847e+02 7.847e-01  0 6.937e+04 6.937e+01  1  0   0  0   0   1         0
9699.336  9.699  0   0  5 3.747e+03 3.747e+00  0 6.159e+04 6.159e+01  1  0   0  0   0   1         0
9685.784  9.686  0   0  4 6.190e+02 6.190e-01  4 6.053e+03 6.053e+00  1  0   0  0   0   1         0
9695.420  9.695  0   0  9 1.891e+02 1.891e-01  0 2.022e+01 2.022e-02  1  0   0  0   0   1         0
9697.606  9.698  0   0  3 3.040e+03 3.040e+00  0 1.574e+04 1.574e+01  1  0   0  0   0   1         0
9693.036  9.693  0   0  5 1.002e+03 1.002e+00  0 1.185e+02 1.185e-01  1  0   0  0   0   1         0
9654.796  9.655  0   0  3 2.019e+03 2.019e+00  0 4.637e+03 4.637e+00  1  0   0  0   0   1         0
9676.570  9.677  0   0  7 2.850e+02 2.850e-01  0 1.133e+02 1.133e-01  1  0   0  0   0   1         0
9669.178  9.669  0   0  8 1.495e+01 1.495e-02  8 3.736e+03 3.736e+00  1  0   0  0   0   1         0
9654.892  9.655  0   0  3 5.872e+04 5.872e+01  0 3.383e+03 3.383e+00  1  0   0  0   0   1         0
9678.317  9.678  0   0  6 5.011e+02 5.011e-01  6 8.133e+03 8.133e+00  1  0   0  0   0   1         0
9660.714  9.661  0   0  0 6.325e+03 6.325e+00  0 1.108e+04 1.108e+01  1  0   0  0   0   1         0
9708.125  9.708  0   0  1 2.592e+03 2.592e+00  0 3.414e+02 3.414e-01  1  0   0  0   0   1         0
9737.001  9.737  0   0  2 1.795e+03 1.795e+00  2 1.539e+03 1.539e+00  1  0   0  0   0   1         0
9732.483  9.732  0   0  1 4.803e+03 4.803e+00  0 3.657e+02 3.657e-01  1  0   0  0   0   1         0
9749.189  9.749  0   0  4 7.845e+03 7.845e+00  4 8.343e+02 8.343e-01  1  0   0  0   0   1         0
9722.843  9.723  0   0  4 6.366e+02 6.366e-01  4 1.578e+03 1.578e+00  1  0   0  0   0   1         0
9711.542  9.712  0   0  7 1.022e+04 1.022e+01  0 6.418e+02 6.418e-01  1  0   0  0   0   1         0
9738.562  9.739  0   0  5 4.653e+04 4.653e+01  0 4.787e+03 4.787e+00  1  0   0  0   0   1         0
9737.506  9.738  0   0  3 2.292e+02 2.292e-01  0 1.677e+02 1.677e-01  1  0   0  0   0   1         0
9726.242  9.726  0   0  2 4.708e+03 4.708e+00  2 6.517e+03 6.517e+00  1  0   0  0   0   1         0
9737.383  9.737  0   0  2 1.868e+03 1.868e+00  2 9.107e+01 9.107e-02  1  0   0  0   0   1         0
9715.621  9.716  0   0  4 6.642e+02 6.642e-01  4 1.455e+03 1.455e+00  1  0   0  0   0   1         0
9710.859  9.711  0   0  6 6.478e+03 6.478e+00  6 8.434e+03 8.434e+00  1  0   0  0   0   1         0
9706.352  9.706  0   0  4 1.477e+02 1.477e-01  4 6.515e+02 6.515e-01  1  0   0  0   0   1         0
9714.612  9.715  0   0  2 1.499e+03 1.499e+00  2 8.544e+03 8.544e+00  1  0   0  0   0   1         0
9732.825  9.733  0   0  2 2.376e+03 2.376e+00  2 3.228e+03 3.228e+00  1  0   0  0   0   1         0
9713.004  9.713  0   0  2 1.040e+03 1.040e+00  2 1.030e+03 1.030e+00  1  0   0  0   0   1         0
9744.216  9.744  0   0  8 8.033e+00 8.033e-03  8 3.107e+03 3.107e+00  1  0   0  0   0   1         0
9712.569  9.713  0   0  2 2.320e+03 2.320e+00  2 6.658e+03 6.658e+00  1  0   0  0   0   1         0
9734.314  9.734  0   0  1 6.532e+02 6.532e-01  0 4.033e+04 4.033e+01  1  0   0  0   0   1         0
9726.485  9.726  0   0  1 9.686e+03 9.686e+00  0 7.574e+03 7.574e+00  1  0   0  0   0   1         0
9710.649  9.711  0   0  3 2.194e+03 2.194e+00  0 3.363e+04 3.363e+01  1  0   0  0   0   1         0
9727.915  9.728  0   0  1 4.044e+03 4.044e+00  0 7.747e+02 7.747e-01  1  0   0  0   0   1         0
9747.755  9.748  0   0  1 2.175e+03 2.175e+00  0 2.195e+04 2.195e+01  1  0   0  0   0   1         0
9747.231  9.747  0   0  0 4.847e+03 4.847e+00  0 1.689e+04 1.689e+01  1  0   0  0   0   1         0
9714.668  9.715  0   0  4 3.824e+02 3.824e-01  4 1.698e+04 1.698e+01  1  0   0  0   0   1         0
9726.931  9.727  0   0  7 2.458e+02 2.458e-01  0 1.567e+04 1.567e+01  1  0   0  0   0   1         0
9707.598  9.708  0   0  0 2.431e+02 2.431e-01  0 5.717e+02 5.717e-01  1  0   0  0   0   1         0
9723.558  9.724  0   0  0 2.582e+03 2.582e+00  0 1.325e+04 1.325e+01  1  0   0  0   0   1         0
9716.168  9.716  0   0  0 1.181e+01 1.181e-02  0 2.337e+03 2.337e+00  1  0   0  0   0   1         0
9746.502  9.747  0   0  0 5.273e+03 5.273e+00  0 1.589e+00 1.589e-03  1  0   0  0   0   1         0
9731.733  9.732  0   0  5 1.809e+01 1.809e-02  0 1.211e+03 1.211e+00  1  0   0  0   0   1         0
9709.311  9.709  0   0  4 4.741e+02 4.741e-01  4 8.054e+03 8.054e+00  1  0   0  0   0   1         0
9749.620  9.750  0   0  6 2.490e+03 2.490e+00  6 1.353e+04 1.353e+01  1  0   0  0   0   1         0
9734.799  9.735  0   0  1 7.298e+02 7.298e-01  0 8.930e+01 8.930e-02  1  0   0  0   0   1         0
9706.784  9.707  0   0  0 1.939e+04 1.939e+01  0 2.306e+04 2.306e+01  1  0   0  0   0   1         0
9740.046  9.740  0   0  4 2.540e+03 2.540e+00  4 1.445e+04 1.445e+01  1  0   0  0   0   1         0
9727.983  9.728  0   0  5 2.322e+03 2.322e+00  0 4.665e+03 4.665e+00  1  0   0  0   0   1         0
9720.116  9.720  0   0  2 2.843e+01 2.843e-02  2 1.341e+04 1.341e+01  1  0   0  0   0   1         0
9709.884  9.710  0   0  6 5.901e+01 5.901e-02  6 4.753e+03 4.753e+00  1  0   0  0   0   1         0
9713.982  9.714  0   0  0 3.425e+01 3.425e-02  0 1.383e+03 1.383e+00  1  0   0  0   0   1         0
9708.423  9.708  0   0  1 5.700e+00 5.700e-03  0 2.607e+02 2.607e-01  1  0   0  0   0   1         0
9740.235  9.740  0   0  3 3.943e+03 3.943e+00  0 9.283e+02 9.283e-01  1  0   0  0   0   1         0
9713.734  9.714  0   0  4 6.212e+03 6.212e+00  4 3.254e+02 3.254e-01  1  0   0  0   0   1         0
9723.605  9.724  0   0  3 4.666e+03 4.666e+00  0 3.329e+02 3.329e-01  1  0   0  0   0   1         0
9748.409  9.748  0   0  3 3.482e+03 3.482e+00  0 6.881e+02 6.881e-01  1  0   0  0   0   1         0
9749.730  9.750  0   0  0 3.336e+02 3.336e-01  0 9.661e+02 9.661e-01  1  0   0  0   0   1         0
9739.634  9.740  0   0  3 5.357e+03 5.357e+00  0 1.713e+04 1.713e+01  1  0   0  0   0   1         0
9740.014  9.740  0   0  4 3.266e+03 3.266e+00  4 4.639e+00 4.639e-03  1  0   0  0   0   1         0
9747.264  9.747  0   0  1 4.691e+02 4.691e-01  0 2.827e-01 2.827e-04  1  0   0  0   0   1         0
9739.910  9.740  0   0  1 3.169e+03 3.169e+00  0 3.138e+03 3.138e+00  1  0   0  0   0   1         0
9722.654  9.723  0   0  3 1.747e+04 1.747e+01  0 6.567e+02 6.567e-01  1  0   0  0   0   1         0
9703.040  9.703  0   0  1 1.427e+03 1.427e+00  0 1.582e+04 1.582e+01  1  0   0  0   0   1         0
9710.489  9.710  0   0  7 1.236e+03 1.236e+00  0 2.206e+04 2.206e+01  1  0   0  0   0   1         0
9722.333  9.722  0   0  5 4.565e+00 4.565e-03  0 2.595e+03 2.595e+00  1  0   0  0   0   1         0
9713.354  9.713  0   0  1 7.716e+03 7.716e+00  0 5.386e+02 5.386e-01  1  0   0  0   0   1         0
9716.554  9.717  0   0  2 1.200e+03 1.200e+00  2 2.097e+02 2.097e-01  1  0   0  0   0   1         0
9702.970  9.703  0   0  2 1.861e+03 1.861e+00  2 2.912e+03 2.912e+00  1  0   0  0   0   1         0
9727.712  9.728  0   0  5 1.294e+03 1.294e+00  0 6.175e+03 6.175e+00  1  0   0  0   0   1         0
9717.677  9.718  0   0  0 1.575e+04 1.575e+01  0 2.181e+03 2.181e+00  1  0   0  0   0   1         0
9713.024  9.713  0   0  7 1.142e+03 1.142e+00  0 6.449e+04 6.449e+01  1  0   0  0   0   1         0
9730.620  9.731  0   0  4 1.603e+03 1.603e+00  4 1.525e+04 1.525e+01  1  0   0  0   0   1         0
9713.925  9.714  0   0  8 3.019e+03 3.019e+00  8 1.702e+04 1.702e+01  1  0   0  0   0   1         0
9723.920  9.724  0   0  6 8.301e+02 8.301e-01  6 1.506e+04 1.506e+01  1  0   0  0   0   1         0
9712.400  9.712  0   0  0 1.923e+02 1.923e-01  0 6.560e+02 6.560e-01  1  0   0  0   0   1         0
9734.118  9.734  0   0  7 4.922e+03 4.922e+00  0 7.916e+03 7.916e+00  1  0   0  0   0   1         0
9742.761  9.743  0   0  4 6.308e+03 6.308e+00  4 1.484e+04 1.484e+01  1  0   0  0   0   1         0
9704.118  9.704  0   0  1 1.620e+01 1.620e-02  0 7.646e+01 7.646e-02  1  0   0  0   0   1         0
9741.055  9.741  0   0  3 5.622e+01 5.622e-02  0 9.019e+03 9.019e+00  1  0   0  0   0   1         0
9742.639  9.743  0   0  3 2.161e+03 2.161e+00  0 1.903e+04 1.903e+01  1  0   0  0   0   1         0
9748.261  9.748  0   0  2 1.650e+03 1.650e+00  2 6.145e+03 6.145e+00  1  0   0  0   0   1         0
9741.452  9.741  0   0  0 8.691e+01 8.691e-02  0 2.089e+04 2.089e+01  1  0   0  0   0   1         0
9727.725  9.728  0   0  7 7.194e+03 7.194e+00  0 2.270e+04 2.270e+01  1  0   0  0   0   1         0
9703.541  9.704  0   0  2 1.340e+02 1.340e-01  2 2.637e+01 2.637e-02  1  0   0  0   0   1         0
9703.752  9.704  0   0  5 4.361e+02 4.361e-01  0 1.038e+04 1.038e+01  1  0   0  0   0   1         0
9709.903  9.710  0   0  8 3.847e+02 3.847e-01  8 2.554e+04 2.554e+01  1  0   0  0   0   1         0
9722.461  9.722  0   0  5 1.699e+02 1.699e-01  0 7.442e+03 7.442e+00  1  0   0  0   0   1         0
9747.790  9.748  0   0  0 9.985e+03 9.985e+00  0 1.823e+04 1.823e+01  1  0   0  0   0   1         0
9708.830  9.709  0   0  6 7.466e+03 7.466e+00  6 1.973e+04 1.973e+01  1  0   0  0   0   1         0
9727.046  9.727  0   0  4 5.624e+02 5.624e-01  4 1.846e+04 1.846e+01  1  0   0  0   0   1         0
9749.904  9.750  0   0  8 6.878e+02 6.878e-01  8 3.728e+04 3.728e+01  1  0   0  0   0   1         0
9700.695  9.701  0   0  3 2.609e+04 2.609e+01  0 2.763e+04 2.763e+01  1  0   0  0   0   1         0
9702.368  9.702  0   0  2 8.986e+00 8.986e-03  2 1.139e+02 1.139e-01  1  0   0  0   0   1         0
9713.580  9.714  0   0  0 7.329e+02 7.329e-01  0 4.086e+02 4.086e-01  1  0   0  0   0   1         0
9711.332  9.711  0   0  1 8.643e+01 8.643e-02  0 3.318e+04 3.318e+01  1  0   0  0   0   1         0
9725.037  9.725  0   0  4 4.588e+04 4.588e+01  4 4.556e+01 4.556e-02  1  0   0  0   0   1         0
9721.127  9.721  0   0  4 4.200e+03 4.200e+00  4 5.181e+02 5.181e-01  1  0   0  0   0   1         0
9729.286  9.729  0   0  3 1.924e+04 1.924e+01  0 7.175e+02 7.175e-01  1  0   0  0   0   1         0
9707.408  9.707  0   0  1 6.671e+02 6.671e-01  0 2.729e+03 2.729e+00  1  0   0  0   0   1         0
9734.384  9.734  0   0  1 2.484e+01 2.484e-02  0 1.175e+03 1.175e+00  1  0   0  0   0   1         0
9710.807  9.711  0   0  4 4.690e+03 4.690e+00  4 1.008e+04 1.008e+01  1  0   0  0   0   1         0
9722.706  9.723  0   0  2 1.383e+04 1.383e+01  2 5.943e+02 5.943e-01  1  0   0  0   0   1         0
9701.681  9.702  0   0  1 1.171e+01 1.171e-02  0 8.861e+03 8.861e+00  1  0   0  0   0   1         0
9739.962  9.740  0   0  3 2.659e+04 2.659e+01  0 5.364e+02 5.364e-01  1  0   0  0   0   1         0
9731.455  9.731  0   0  3 5.640e+00 5.640e-03  0 5.643e+03 5.643e+00  1  0   0  0   0   1         0
9710.510  9.711  0   0  5 3.401e+04 3.401e+01  0 2.602e+03 2.602e+00  1  0   0  0   0   1         0
9730.190  9.730  0   0  1 3.400e+04 3.400e+01  0 1.280e+03 1.280e+00  1  0   0  0   0   1         0
9721.956  9.722  0   0  3 1.075e+03 1.075e+00  0 4.368e+03 4.368e+00  1  0   0  0   0   1         0
9741.374  9.741  0   0  3 4.675e+03 4.675e+00  0 1.382e+03 1.382e+00  1  0   0  0   0   1         0
9749.193  9.749  0   0  1 1.401e+03 1.401e+00  0 1.350e+04 1.350e+01  1  0   0  0   0   1         0
9706.273  9.706  0   0  3 3.822e+02 3.822e-01  0 6.690e+02 6.690e-01  1  0   0  0   0   1         0
9724.612  9.725  0   0  1 1.224e+04 1.224e+01  0 1.996e+04 1.996e+01  1  0   0  0   0   1         0
9712.983  9.713  0   0  5 1.362e+03 1.362e+00  0 7.096e+03 7.096e+00  1  0   0  0   0   1         0
9737.564  9.738  0   0  6 2.228e+00 2.228e-03  6 1.540e+04 1.540e+01  1  0   0  0   0   1         0
9701.737  9.702  0   0  0 3.722e+04 3.722e+01  0 2.566e+03 2.566e+00  1  0   0  0   0   1         0
9727.335  9.727  0   0  3 1.454e+03 1.454e+00  0 2.153e+04 2.153e+01  1  0   0  0   0   1         0
9742.907  9.743  0   0  4 3.231e+03 3.231e+00  4 9.844e+02 9.844e-01  1  0   0  0   0   1         0
9719.566  9.720  0   0  3 4.900e+00 4.900e-03  0 1.006e+04 1.006e+01  1  0   0  0   0   1         0
9741.952  9.742  0   0  0 1.292e+02 1.292e-01  0 9.064e+02 9.064e-01  1  0   0  0   0   1         0
9707.398  9.707  0   0  7 5.460e+02 5.460e-01  0 7.365e+02 7.365e-01  1  0   0  0   0   1         0
9745.948  9.746  0   0  1 1.129e+04 1.129e+01  0 2.301e+04 2.301e+01  1  0   0  0   0   1         0
9739.643  9.740  0   0  3 7.791e+03 7.791e+00  0 2.087e+04 2.087e+01  1  0   0  0   0   1         0
9719.657  9.720  0   0  4 8.530e+02 8.530e-01  4 5.164e+03 5.164e+00  1  0   0  0   0   1         0
9784.673  9.785  0   0  4 6.087e+02 6.087e-01  4 9.708e+02 9.708e-01  1  0   0  0   0   1         0
9777.882  9.778  0   0  2 2.979e+03 2.979e+00  2 1.155e+02 1.155e-01  1  0   0  0   0   1         0
9785.609  9.786  0   0  1 2.735e+03 2.735e+00  0 1.457e+03 1.457e+00  1  0   0  0   0   1         0
9757.592  9.758  0   0  4 5.003e+03 5.003e+00  4 2.058e+03 2.058e+00  1  0   0  0   0   1         0
9769.833  9.770  0   0  7 1.800e+03 1.800e+00  0 4.018e+03 4.018e+00  1  0   0  0   0   1         0
9795.698  9.796  0   0  2 2.008e+03 2.008e+00  2 1.333e+04 1.333e+01  1  0   0  0   0   1         0
9760.920  9.761  0   0  4 6.325e+03 6.325e+00  4 4.970e+02 4.970e-01  1  0   0  0   0   1         0
9757.235  9.757  0   0  2 1.163e+02 1.163e-01  2 5.027e+03 5.027e+00  1  0   0  0   0   1         0
9787.320  9.787  0   0  4 8.415e+02 8.415e-01  4 1.594e+04 1.594e+01  1  0   0  0   0   1         0
9759.788  9.760  0   0  0 1.791e+04 1.791e+01  0 4.201e+03 4.201e+00  1  0   0  0   0   1         0
9772.985  9.773  0   0  2 4.560e+03 4.560e+00  2 3.560e+03 3.560e+00  1  0   0  0   0   1         0
9785.677  9.786  0   0  4 2.260e+03 2.260e+00  4 5.145e+02 5.145e-01  1  0   0  0   0   1         0
9774.348  9.774  0   0  5 7.281e+03 7.281e+00  0 3.017e+04 3.017e+01  1  0   0  0   0   1         0
9795.112  9.795  0   0  2 3.580e+03 3.580e+00  2 5.648e+03 5.648e+00  1  0   0  0   0   1         0
9793.952  9.794  0   0  2 1.229e+04 1.229e+01  2 7.916e+02 7.916e-01  1  0   0  0   0   1         0
9775.252  9.775  0   0  2 8.505e+03 8.505e+00  2 1.205e+03 1.205e+00  1  0   0  0   0   1         0
9798.058  9.798  0   0  4 3.020e+03 3.020e+00  4 8.072e+03 8.072e+00  1  0   0  0   0   1         0
9764.676  9.765  0   0  8 3.440e+03 3.440e+00  8 2.306e+04 2.306e+01  1  0   0  0   0   1         0
9761.770  9.762  0   0  5 3.138e+02 3.138e-01  0 1.073e+04 1.073e+01  1  0   0  0   0   1         0
9783.605  9.784  0   0  6 5.692e+03 5.692e+00  6 3.776e+04 3.776e+01  1  0   0  0   0   1         0
9778.742  9.779  0   0  1 3.222e+02 3.222e-01  0 1.133e+03 1.133e+00  1  0   0  0   0   1         0
9762.635  9.763  0   0  5 8.137e+02 8.137e-01  0 1.451e+04 1.451e+01  1  0   0  0   0   1         0
9768.655  9.769  0   0  3 4.222e+03 4.222e+00  0 3.845e+04 3.845e+01  1  0   0  0   0   1         0
9761.727  9.762  0   0  1 1.706e+03 1.706e+00  0 3.595e+02 3.595e-01  1  0   0  0   0   1         0
9761.925  9.762  0   0  4 1.026e+04 1.026e+01  4 6.503e+02 6.503e-01  1  0   0  0   0   1         0
9768.476  9.768  0   0  4 9.897e+03 9.897e+00  4 3.033e+02 3.033e-01  1  0   0  0   0   1         0
9796.240  9.796  0   0  2 1.579e+03 1.579e+00  2 2.238e+02 2.238e-01  1  0   0  0   0   1         0
9791.802  9.792  0   0  5 2.514e+02 2.514e-01  0 3.603e+03 3.603e+00  1  0   0  0   0   1         0
9775.726  9.776  0   0  1 8.986e+03 8.986e+00  0 4.087e+03 4.087e+00  1  0   0  0   0   1         0
9773.993  9.774  0   0  0 2.209e-04 2.209e-07  0 4.227e+01 4.227e-02  1  0   0  0   0   1         0
9751.587  9.752  0   0  2 7.910e+03 7.910e+00  2 2.530e+03 2.530e+00  1  0   0  0   0   1         0
9773.219  9.773  0   0  3 1.014e+04 1.014e+01  0 1.942e+02 1.942e-01  1  0   0  0   0   1         0
9781.287  9.781  0   0  4 1.267e+04 1.267e+01  4 4.980e+03 4.980e+00  1  0   0  0   0   1         0
9789.002  9.789  0   0  0 8.717e+01 8.717e-02  0 2.501e+03 2.501e+00  1  0   0  0   0   1         0
9767.896  9.768  0   0  3 1.356e+04 1.356e+01  0 8.616e+02 8.616e-01  1  0   0  0   0   1         0
9796.000  9.796  0   0  6 1.638e+03 1.638e+00  6 2.326e+04 2.326e+01  1  0   0  0   0   1         0
9792.066  9.792  0   0  4 1.889e+03 1.889e+00  4 3.195e+03 3.195e+00  1  0   0  0   0   1         0
9754.144  9.754  0   0  5 1.231e+03 1.231e+00  0 1.521e+04 1.521e+01  1  0   0  0   0   1         0
9795.184  9.795  0   0  9 1.664e+01 1.664e-02  0 1.649e+04 1.649e+01  1  0   0  0   0   1         0
9761.214  9.761  0   0  0 3.672e+03 3.672e+00  0 1.059e+03 1.059e+00  1  0   0  0   0   1         0
9796.195  9.796  0   0  2 1.487e+03 1.487e+00  2 7.593e+01 7.593e-02  1  0   0  0   0   1         0
9781.632  9.782  0   0  1 9.415e+03 9.415e+00  0 1.764e+04 1.764e+01  1  0   0  0   0   1         0
9770.698  9.771  0   0  4 3.068e+02 3.068e-01  4 1.312e+04 1.312e+01  1  0   0  0   0   1         0
9771.926  9.772  0   0  7 1.056e+04 1.056e+01  0 6.747e+03 6.747e+00  1  0   0  0   0   1         0
9778.243  9.778  0   0  0 4.998e+03 4.998e+00  0 1.261e+04 1.261e+01  1  0   0  0   0   1         0
9792.249  9.792  0   0  0 2.309e+02 2.309e-01  0 1.066e+05 1.066e+02  1  0   0  0   0   1         0
9791.903  9.792  0   0  4 1.001e+04 1.001e+01  4 5.751e+03 5.751e+00  1  0   0  0   0   1         0
9770.847  9.771  0   0  4 1.916e+02 1.916e-01  4 1.458e+03 1.458e+00  1  0   0  0   0   1         0
9792.505  9.793  0   0  0 3.801e+04 3.801e+01  0 7.963e+03 7.963e+00  1  0   0  0   0   1         0
9773.702  9.774  0   0  0 1.826e+03 1.826e+00  0 2.726e+00 2.726e-03  1  0   0  0   0   1         0
9770.980  9.771  0   0  2 4.892e+03 4.892e+00  2 8.727e+01 8.727e-02  1  0   0  0   0   1         0
9762.240  9.762  0   0  5 3.516e+02 3.516e-01  0 5.406e+02 5.406e-01  1  0   0  0   0   1         0
9791.456  9.791  0   0  0 8.710e+02 8.710e-01  0 7.444e-01 7.444e-04  1  0   0  0   0   1         0
9781.102  9.781  0   0  6 4.348e+03 4.348e+00  6 4.953e+02 4.953e-01  1  0   0  0   0   1         0
9771.659  9.772  0   0  1 4.182e+03 4.182e+00  0 1.265e+04 1.265e+01  1  0   0  0   0   1         0
9783.212  9.783  0   0  3 2.502e+02 2.502e-01  0 4.163e+03 4.163e+00  1  0   0  0   0   1         0
9793.100  9.793  0   0 11 1.075e+03 1.075e+00  0 5.657e+03 5.657e+00  1  0   0  0   0   1         0
9759.958  9.760  0   0  6 4.226e+02 4.226e-01  6 1.001e+04 1.001e+01  1  0   0  0   0   1         0
9769.722  9.770  0   0  2 2.317e+03 2.317e+00  2 1.263e+04 1.263e+01  1  0   0  0   0   1         0
9769.114  9.769  0   0  3 1.231e+04 1.231e+01  0 3.559e+03 3.559e+00  1  0   0  0   0   1         0
9753.831  9.754  0   0  1 8.162e+02 8.162e-01  0 1.576e+04 1.576e+01  1  0   0  0   0   1         0
9766.797  9.767  0   0  4 5.969e+01 5.969e-02  4 2.187e+03 2.187e+00  1  0   0  0   0   1         0
9788.166  9.788  0   0  1 1.199e+02 1.199e-01  0 3.486e+03 3.486e+00  1  0   0  0   0   1         0
9762.747  9.763  0   0  2 1.317e+03 1.317e+00  2 1.504e+03 1.504e+00  1  0   0  0   0   1         0
9790.610  9.791  0   0  3 1.704e+04 1.704e+01  0 1.036e+00 1.036e-03  1  0   0  0   0   1         0
9797.780  9.798  0   0  6 9.467e+02 9.467e-01  6 1.051e+04 1.051e+01  1  0   0  0   0   1         0
9761.272  9.761  0   0  0 4.077e+02 4.077e-01  0 5.772e+02 5.772e-01  1  0   0  0   0   1         0
9770.585  9.771  0   0  4 6.471e+01 6.471e-02  4 4.919e+02 4.919e-01  1  0   0  0   0   1         0
9756.615  9.757  0   0  3 3.345e+02 3.345e-01  0 1.082e+02 1.082e-01  1  0   0  0   0   1         0
9784.696  9.785  0   0  3 2.691e+03 2.691e+00  0 7.508e+03 7.508e+00  1  0   0  0   0   1         0
9774.215  9.774  0   0  3 2.180e+03 2.180e+00  0 1.497e+04 1.497e+01  1  0   0  0   0   1         0
9779.537  9.780  0   0  1 2.399e+01 2.399e-02  0 1.712e+04 1.712e+01  1  0   0  0   0   1         0
9789.007  9.789  0   0  3 5.467e+03 5.467e+00  0 7.608e+03 7.608e+00  1  0   0  0   0   1         0
9788.882  9.789  0   0  5 1.522e+04 1.522e+01  0 3.277e+02 3.277e-01  1  0   0  0   0   1         0
9775.904  9.776  0   0  6 1.235e+04 1.235e+01  6 6.786e+01 6.786e-02  1  0   0  0   0   1         0
9794.159  9.794  0   0  6 7.353e+02 7.353e-01  6 1.192e+02 1.192e-01  1  0   0  0   0   1         0
9796.623  9.797  0   0  8 8.426e+02 8.426e-01  8 5.672e+03 5.672e+00  1  0   0  0   0   1         0
9781.633  9.782  0   0  2 2.932e+03 2.932e+00  2 6.045e+03 6.045e+00  1  0   0  0   0   1         0
9751.936  9.752  0   0  0 8.386e+02 8.386e-01  0 4.847e+04 4.847e+01  1  0   0  0   0   1         0
9788.871  9.789  0   0  0 1.027e+03 1.027e+00  0 2.495e+04 2.495e+01  1  0   0  0   0   1         0
9794.636  9.795  0   0  1 2.433e+01 2.433e-02  0 1.281e+03 1.281e+00  1  0   0  0   0   1         0
9777.936  9.778  0   0  2 2.664e+03 2.664e+00  2 4.530e+03 4.530e+00  1  0   0  0   0   1         0
9785.106  9.785  0   0  5 1.093e+03 1.093e+00  0 1.286e+03 1.286e+00  1  0   0  0   0   1         0
9767.899  9.768  0   0  3 3.969e+02 3.969e-01  0 7.946e+03 7.946e+00  1  0   0  0   0   1         0
9775.210  9.775  0   0  3 5.323e+03 5.323e+00  0 1.878e+03 1.878e+00  1  0   0  0   0   1         0
9789.973  9.790  0   0  4 2.741e+00 2.741e-03  4 9.304e+03 9.304e+00  1  0   0  0   0   1         0
9793.843  9.794  0   0  7 2.532e+02 2.532e-01  0 8.402e+03 8.402e+00  1  0   0  0   0   1         0
9755.804  9.756  0   0  8 1.620e+03 1.620e+00  8 2.177e+04 2.177e+01  1  0   0  0   0   1         0
9750.866  9.751  0   0  5 2.520e+02 2.520e-01  0 2.724e+04 2.724e+01  1  0   0  0   0   1         0
9768.778  9.769  0   0  2 2.374e+03 2.374e+00  2 1.298e+03 1.298e+00  1  0   0  0   0   1         0
9769.646  9.770  0   0  5 1.083e+04 1.083e+01  0 9.935e+03 9.935e+00  1  0   0  0   0   1         0
9788.740  9.789  0   0  4 1.262e+04 1.262e+01  4 5.661e+04 5.661e+01  1  0   0  0   0   1         0
9750.433  9.750  0   0  2 3.959e+04 3.959e+01  2 3.299e+01 3.299e-02  1  0   0  0   0   1         0
9788.276  9.788  0   0  4 8.069e+03 8.069e+00  4 5.108e+03 5.108e+00  1  0   0  0   0   1         0
9776.921  9.777  0   0  3 4.566e+01 4.566e-02  0 2.036e+04 2.036e+01  1  0   0  0   0   1         0
9784.979  9.785  0   0  4 4.115e+03 4.115e+00  4 1.579e+03 1.579e+00  1  0   0  0   0   1         0
9775.568  9.776  0   0  0 1.315e+01 1.315e-02  0 3.081e+03 3.081e+00  1  0   0  0   0   1         0
9789.605  9.790  0   0  7 2.804e+03 2.804e+00  0 3.526e+04 3.526e+01  1  0   0  0   0   1         0
9771.957  9.772  0   0  2 6.068e+03 6.068e+00  2 6.403e+03 6.403e+00  1  0   0  0   0   1         0
9767.387  9.767  0   0  2 2.059e+01 2.059e-02  2 1.239e+03 1.239e+00  1  0   0  0   0   1         0
9781.923  9.782  0   0  3 3.287e+03 3.287e+00  0 6.603e+04 6.603e+01  1  0   0  0   0   1         0
9772.326  9.772  0   0  6 8.634e+02 8.634e-01  6 3.512e+03 3.512e+00  1  0   0  0   0   1         0
9765.260  9.765  0   0  0 4.610e+02 4.610e-01  0 2.492e+04 2.492e+01  1  0   0  0   0   1         0
9795.710  9.796  0   0  0 9.951e+01 9.951e-02  0 1.181e+03 1.181e+00  1  0   0  0   0   1         0
9786.247  9.786  0   0  0 5.850e+03 5.850e+00  0 4.123e+01 4.123e-02  1  0   0  0   0   1         0
9759.911  9.760  0   0  6 3.073e+03 3.073e+00  6 4.661e+04 4.661e+01  1  0   0  0   0   1         0
9840.001  9.840  0   0  3 1.990e+04 1.990e+01  0 2.281e+02 2.281e-01  1  0   0  0   0   1         0
9830.597  9.831  0   0  0 8.435e+03 8.435e+00  0 9.481e+02 9.481e-01  1  0   0  0   0   1         0
9814.505  9.815  0   0  3 2.010e+02 2.010e-01  0 5.620e+03 5.620e+00  1  0   0  0   0   1         0
9825.110  9.825  0   0  3 2.599e+04 2.599e+01  0 7.731e+03 7.731e+00  1  0   0  0   0   1         0
9844.038  9.844  0   0  0 1.286e+04 1.286e+01  0 1.907e+04 1.907e+01  1  0   0  0   0   1         0
9819.241  9.819  0   0  3 7.529e+03 7.529e+00  0 2.845e-01 2.845e-04  1  0   0  0   0   1         0
9817.160  9.817  0   0  3 1.090e+04 1.090e+01  0 7.916e+02 7.916e-01  1  0   0  0   0   1         0
9847.839  9.848  0   0  6 5.467e+03 5.467e+00  6 7.292e+03 7.292e+00  1  0   0  0   0   1         0
9816.795  9.817  0   0  8 6.206e+01 6.206e-02  8 1.588e+03 1.588e+00  1  0   0  0   0   1         0
9843.025  9.843  0   0  4 6.622e+02 6.622e-01  4 3.831e+02 3.831e-01  1  0   0  0   0   1         0
9808.975  9.809  0   0  1 1.589e+04 1.589e+01  0 1.881e+04 1.881e+01  1  0   0  0   0   1         0
9839.654  9.840  0   0  0 1.491e+03 1.491e+00  0 1.701e+04 1.701e+01  1  0   0  0   0   1         0
9830.863  9.831  0   0  1 4.657e+03 4.657e+00  0 1.601e+04 1.601e+01  1  0   0  0   0   1         0
9806.054  9.806  0   0  3 7.858e+02 7.858e-01  0 5.714e+03 5.714e+00  1  0   0  0   0   1         0
9803.222  9.803  0   0  3 6.503e+03 6.503e+00  0 1.023e+04 1.023e+01  1  0   0  0   0   1         0
9815.002  9.815  0   0  4 6.689e+03 6.689e+00  4 5.971e+02 5.971e-01  1  0   0  0   0   1         0
9832.966  9.833  0   0  3 1.181e+02 1.181e-01  0 1.167e+04 1.167e+01  1  0   0  0   0   1         0
9818.101  9.818  0   0  0 1.371e+03 1.371e+00  0 3.331e+04 3.331e+01  1  0   0  0   0   1         0
9813.640  9.814  0   0  0 1.096e+04 1.096e+01  0 8.963e+03 8.963e+00  1  0   0  0   0   1         0
9829.194  9.829  0   0  6 1.328e+03 1.328e+00  6 1.651e+03 1.651e+00  1  0   0  0   0   1         0
9847.646  9.848  0   0  3 8.699e+03 8.699e+00  0 3.996e+03 3.996e+00  1  0   0  0   0   1         0
9806.137  9.806  0   0  3 2.581e+03 2.581e+00  0 1.241e+04 1.241e+01  1  0   0  0   0   1         0
9832.323  9.832  0   0  7 1.253e+01 1.253e-02  0 3.751e+03 3.751e+00  1  0   0  0   0   1         0
9845.653  9.846  0   0  1 2.152e+02 2.152e-01  0 3.645e+03 3.645e+00  1  0   0  0   0   1         0
9827.158  9.827  0   0  1 3.935e+03 3.935e+00  0 4.308e+00 4.308e-03  1  0   0  0   0   1         0
9848.223  9.848  0   0  1 5.307e+03 5.307e+00  0 1.021e+04 1.021e+01  1  0   0  0   0   1         0
9829.994  9.830  0   0  6 5.467e+01 5.467e-02  6 8.937e+01 8.937e-02  1  0   0  0   0   1         0
9833.721  9.834  0   0  6 6.911e+02 6.911e-01  6 7.471e+03 7.471e+00  1  0   0  0   0   1         0
9839.632  9.840  0   0  0 3.120e+00 3.120e-03  0 1.470e+04 1.470e+01  1  0   0  0   0   1         0
9810.053  9.810  0   0  4 8.770e+03 8.770e+00  4 2.481e+03 2.481e+00  1  0   0  0   0   1         0
9828.111  9.828  0   0  4 3.823e+02 3.823e-01  4 6.815e+02 6.815e-01  1  0   0  0   0   1         0
9830.811  9.831  0   0  1 3.924e+03 3.924e+00  0 1.329e+05 1.329e+02  1  0   0  0   0   1         0
9806.051  9.806  0   0  6 1.463e+03 1.463e+00  6 2.939e+02 2.939e-01  1  0   0  0   0   1         0
9822.878  9.823  0   0  0 1.065e+04 1.065e+01  0 6.887e+02 6.887e-01  1  0   0  0   0   1         0
9838.607  9.839  0   0  5 2.206e+04 2.206e+01  0 3.068e+04 3.068e+01  1  0   0  0   0   1         0
9802.052  9.802  0   0  3 1.317e+03 1.317e+00  0 1.770e+02 1.770e-01  1  0   0  0   0   1         0
9820.775  9.821  0   0  1 1.163e+04 1.163e+01  0 2.715e+04 2.715e+01  1  0   0  0   0   1         0
9807.338  9.807  0   0  4 1.170e+03 1.170e+00  4 1.546e+03 1.546e+00  1  0   0  0   0   1         0
9808.848  9.809  0   0  2 6.554e+03 6.554e+00  2 8.968e+01 8.968e-02  1  0   0  0   0   1         0
9825.732  9.826  0   0  7 1.482e+03 1.482e+00  0 6.565e+03 6.565e+00  1  0   0  0   0   1         0
9801.486  9.801  0   0  4 1.203e+02 1.203e-01  4 3.609e+04 3.609e+01  1  0   0  0   0   1         0
9821.349  9.821  0   0  4 7.036e+03 7.036e+00  4 1.261e+03 1.261e+00  1  0   0  0   0   1         0
9801.296  9.801  0   0  1 1.017e+04 1.017e+01  0 1.046e+04 1.046e+01  1  0   0  0   0   1         0
9846.306  9.846  0   0  5 2.481e+02 2.481e-01  0 9.454e+02 9.454e-01  1  0   0  0   0   1         0
9844.190  9.844  0   0  3 3.208e+03 3.208e+00  0 1.280e+03 1.280e+00  1  0   0  0   0   1         0
9810.651  9.811  0   0  4 8.164e+03 8.164e+00  4 2.243e+02 2.243e-01  1  0   0  0   0   1         0
9803.316  9.803  0   0  0 8.171e+03 8.171e+00  0 3.793e+03 3.793e+00  1  0   0  0   0   1         0
9812.610  9.813  0   0  0 1.198e+03 1.198e+00  0 1.681e+03 1.681e+00  1  0   0  0   0   1         0
9801.431  9.801  0   0  8 1.334e+02 1.334e-01  8 1.093e+04 1.093e+01  1  0   0  0   0   1         0
9836.820  9.837  0   0  8 1.144e+01 1.144e-02  8 5.204e+03 5.204e+00  1  0   0  0   0   1         0
9828.796  9.829  0   0  1 4.600e+02 4.600e-01  0 1.621e+02 1.621e-01  1  0   0  0   0   1         0
9827.294  9.827  0   0  4 3.624e+04 3.624e+01  4 3.523e+04 3.523e+01  1  0   0  0   0   1         0
9842.650  9.843  0   0  3 8.130e+03 8.130e+00  0 3.427e+04 3.427e+01  1  0   0  0   0   1         0
9840.529  9.841  0   0  3 3.212e+03 3.212e+00  0 1.119e+04 1.119e+01  1  0   0  0   0   1         0
9820.544  9.821  0   0  4 3.715e+01 3.715e-02  4 9.147e+02 9.147e-01  1  0   0  0   0   1         0
9830.615  9.831  0   0  3 1.651e+01 1.651e-02  0 5.715e-01 5.715e-04  1  0   0  0   0   1         0
9822.192  9.822  0   0 10 3.090e+03 3.090e+00 10 9.743e+03 9.743e+00  1  0   0  0   0   1         0
9831.297  9.831  0   0  1 2.087e+02 2.087e-01  0 1.306e+04 1.306e+01  1  0   0  0   0   1         0
9807.630  9.808  0   0  2 1.031e+03 1.031e+00  2 7.511e+04 7.511e+01  1  0   0  0   0   1         0
9815.091  9.815  0   0  0 3.476e+02 3.476e-01  0 1.351e+04 1.351e+01  1  0   0  0   0   1         0
9812.672  9.813  0   0  1 2.759e+03 2.759e+00  0 1.925e+02 1.925e-01  1  0   0  0   0   1         0
9808.431  9.808  0   0  4 1.385e+02 1.385e-01  4 5.610e+03 5.610e+00  1  0   0  0   0   1         0
9820.792  9.821  0   0  3 2.363e+03 2.363e+00  0 6.525e+04 6.525e+01  1  0   0  0   0   1         0
9836.407  9.836  0   0  2 4.194e+00 4.194e-03  2 1.505e+04 1.505e+01  1  0   0  0   0   1         0
9819.902  9.820  0   0  4 2.512e+04 2.512e+01  4 2.289e+01 2.289e-02  1  0   0  0   0   1         0
9849.139  9.849  0   0  0 7.934e+00 7.934e-03  0 1.393e+04 1.393e+01  1  0   0  0   0   1         0
9815.192  9.815  0   0  3 3.376e+03 3.376e+00  0 3.977e+03 3.977e+00  1  0   0  0   0   1         0
9847.427  9.847  0   0  6 1.677e+03 1.677e+00  6 5.169e+03 5.169e+00  1  0   0  0   0   1         0
9809.743  9.810  0   0  5 1.364e+04 1.364e+01  0 7.701e+03 7.701e+00  1  0   0  0   0   1         0
9816.129  9.816  0   0  1 2.259e+03 2.259e+00  0 3.025e+03 3.025e+00  1  0   0  0   0   1         0
9808.261  9.808  0   0  5 1.992e+03 1.992e+00  0 4.533e+01 4.533e-02  1  0   0  0   0   1         0
9811.971  9.812  0   0  0 6.342e+03 6.342e+00  0 4.184e+03 4.184e+00  1  0   0  0   0   1         0
9807.911  9.808  0   0  2 1.709e+03 1.709e+00  2 4.665e+02 4.665e-01  1  0   0  0   0   1         0
9831.338  9.831  0   0  6 2.199e+01 2.199e-02  6 3.662e+04 3.662e+01  1  0   0  0   0   1         0
9810.097  9.810  0   0  0 6.549e+03 6.549e+00  0 3.531e+04 3.531e+01  1  0   0  0   0   1         0
9804.289  9.804  0   0  3 7.252e-01 7.252e-04  0 3.499e+03 3.499e+00  1  0   0  0   0   1         0
9813.402  9.813  0   0  3 1.178e+04 1.178e+01  0 2.141e+03 2.141e+00  1  0   0  0   0   1         0
9834.010  9.834  0   0  4 2.412e+03 2.412e+00  4 1.052e+02 1.052e-01  1  0   0  0   0   1         0
9821.533  9.822  0   0  6 9.191e+03 9.191e+00  6 8.843e+03 8.843e+00  1  0   0  0   0   1         0
9807.863  9.808  0   0  5 4.603e-01 4.603e-04  0 2.793e+04 2.793e+01  1  0   0  0   0   1         0
9803.197  9.803  0   0  4 9.128e+02 9.128e-01  4 1.101e+03 1.101e+00  1  0   0  0   0   1         0
9836.549  9.837  0   0  3 3.181e+03 3.181e+00  0 7.801e+03 7.801e+00  1  0   0  0   0   1         0
9835.291  9.835  0   0  1 7.960e+02 7.960e-01  0 4.400e+04 4.400e+01  1  0   0  0   0   1         0
9823.179  9.823  0   0  1 3.160e+03 3.160e+00  0 1.157e+03 1.157e+00  1  0   0  0   0   1         0
9826.490  9.826  0   0  3 9.359e+02 9.359e-01  0 3.915e+03 3.915e+00  1  0   0  0   0   1         0
9812.100  9.812  0   0  0 8.653e+02 8.653e-01  0 8.599e+03 8.599e+00  1  0   0  0   0   1         0
9824.370  9.824  0   0  2 1.190e+04 1.190e+01  2 1.377e+03 1.377e+00  1  0   0  0   0   1         0
9836.512  9.837  0   0  3 1.942e+04 1.942e+01  0 2.210e+03 2.210e+00  1  0   0  0   0   1         0
9838.649  9.839  0   0  2 2.620e+01 2.620e-02  2 8.959e+02 8.959e-01  1  0   0  0   0   1         0
9817.118  9.817  0   0  3 3.554e+00 3.554e-03  0 7.027e+03 7.027e+00  1  0   0  0   0   1         0
9834.032  9.834  0   0  4 3.804e+03 3.804e+00  4 3.077e+00 3.077e-03  1  0   0  0   0   1         0
9824.427  9.824  0   0  5 1.246e+02 1.246e-01  0 9.378e+01 9.378e-02  1  0   0  0   0   1         0
9837.046  9.837  0   0  2 2.569e+03 2.569e+00  2 2.003e+02 2.003e-01  1  0   0  0   0   1         0
9834.627  9.835  0   0  1 2.827e+02 2.827e-01  0 8.516e+03 8.516e+00  1  0   0  0   0   1         0
9837.595  9.838  0   0  3 2.488e+03 2.488e+00  0 9.494e+03 9.494e+00  1  0   0  0   0   1         0
9808.301  9.808  0   0  2 1.213e+03 1.213e+00  2 1.062e+03 1.062e+00  1  0   0  0   0   1         0
9816.197  9.816  0   0  0 1.061e+04 1.061e+01  0 6.213e+02 6.213e-01  1  0   0  0   0   1         0
9813.330  9.813  0   0  2 7.102e+03 7.102e+00  2 3.873e+03 3.873e+00  1  0   0  0   0   1         0
9822.456  9.822  0   0  4 5.177e+03 5.177e+00  4 4.038e+03 4.038e+00  1  0   0  0   0   1         0
9823.348  9.823  0   0  0 5.973e+02 5.973e-01  0 3.585e+01 3.585e-02  1  0   0  0   0   1         0
9833.457  9.833  0   0  1 1.621e+02 1.621e-01  0 3.255e+02 3.255e-01  1  0   0  0   0   1         0
9828.581  9.829  0   0  5 1.433e-01 1.433e-04  0 2.401e+03 2.401e+00  1  0   0  0   0   1         0
9829.094  9.829  0   0  1 4.196e+03 4.196e+00  0 1.081e+03 1.081e+00  1  0   0  0   0   1         0
9831.745  9.832  0   0  0 2.055e+00 2.055e-03  0 2.142e+03 2.142e+00  1  0   0  0   0   1         0
9813.727  9.814  0   0  4 1.475e+03 1.475e+00  4 6.281e+03 6.281e+00  1  0   0  0   0   1         0
9811.379  9.811  0   0  4 4.911e-01 4.911e-04  4 2.827e+03 2.827e+00  1  0   0  0   0   1         0
9810.829  9.811  0   0  3 3.019e+03 3.019e+00  0 2.514e+02 2.514e-01  1  0   0  0   0   1         0
9839.043  9.839  0   0  0 5.239e+02 5.239e-01  0 7.641e+03 7.641e+00  1  0   0  0   0   1         0
9804.899  9.805  0   0  5 2.607e+03 2.607e+00  0 3.224e+04 3.224e+01  1  0   0  0   0   1         0
9815.894  9.816  0   0  4 1.028e+03 1.028e+00  4 3.930e+04 3.930e+01  1  0   0  0   0   1         0
9814.097  9.814  0   0  6 3.376e+03 3.376e+00  6 3.328e+03 3.328e+00  1  0   0  0   0   1         0
9892.585  9.893  0   0  3 7.758e+03 7.758e+00  0 3.318e+03 3.318e+00  1  0   0  0   0   1         0
9869.484  9.869  0   0  3 1.609e+03 1.609e+00  0 3.769e+04 3.769e+01  1  0   0  0   0   1         0
9874.436  9.874  0   0  1 4.906e+03 4.906e+00  0 3.652e+04 3.652e+01  1  0   0  0   0   1         0
9899.821  9.900  0   0  2 4.101e+03 4.101e+00  2 2.877e+03 2.877e+00  1  0   0  0   0   1         0
9867.809  9.868  0   0  0 1.802e-01 1.802e-04  0 1.076e+05 1.076e+02  1  0   0  0   0   1         0
9891.189  9.891  0   0  2 6.623e+03 6.623e+00  2 2.046e+02 2.046e-01  1  0   0  0   0   1         0
9863.942  9.864  0   0  6 2.624e+02 2.624e-01  6 1.224e+03 1.224e+00  1  0   0  0   0   1         0
9851.264  9.851  0   0  1 4.448e+02 4.448e-01  0 3.547e+03 3.547e+00  1  0   0  0   0   1         0
9879.769  9.880  0   0  2 8.504e+03 8.504e+00  2 8.529e+03 8.529e+00  1  0   0  0   0   1         0
9874.069  9.874  0   0  5 9.736e+03 9.736e+00  0 1.473e+04 1.473e+01  1  0   0  0   0   1         0
9889.402  9.889  0   0  6 3.113e+04 3.113e+01  6 4.157e+03 4.157e+00  1  0   0  0   0   1         0
9850.209  9.850  0   0  6 6.048e+02 6.048e-01  6 1.988e+03 1.988e+00  1  0   0  0   0   1         0
9853.555  9.854  0   0  0 3.782e+03 3.782e+00  0 1.765e+04 1.765e+01  1  0   0  0   0   1         0
9893.033  9.893  0   0  2 5.384e+03 5.384e+00  2 4.152e+03 4.152e+00  1  0   0  0   0   1         0
9874.143  9.874  0   0  7 2.699e+04 2.699e+01  0 1.154e+03 1.154e+00  1  0   0  0   0   1         0
9875.420  9.875  0   0  1 1.018e+04 1.018e+01  0 4.783e+03 4.783e+00  1  0   0  0   0   1         0
9861.327  9.861  0   0  5 1.613e+02 1.613e-01  0 1.786e+04 1.786e+01  1  0   0  0   0   1         0
9896.324  9.896  0   0  2 5.254e+02 5.254e-01  2 3.918e+03 3.918e+00  1  0   0  0   0   1         0
9895.753  9.896  0   0  3 9.677e+01 9.677e-02  0 3.455e+04 3.455e+01  1  0   0  0   0   1         0
9875.936  9.876  0   0  1 2.774e+03 2.774e+00  0 4.937e+01 4.937e-02  1  0   0  0   0   1         0
9860.961  9.861  0   0  4 2.579e+03 2.579e+00  4 5.903e+00 5.903e-03  1  0   0  0   0   1         0
9899.146  9.899  0   0  3 1.058e+04 1.058e+01  0 1.354e+04 1.354e+01  1  0   0  0   0   1         0
9894.662  9.895  0   0  4 6.988e+02 6.988e-01  4 4.303e+04 4.303e+01  1  0   0  0   0   1         0
9876.172  9.876  0   0  4 7.299e+03 7.299e+00  4 2.575e+04 2.575e+01  1  0   0  0   0   1         0
9881.415  9.881  0   0  1 3.456e+03 3.456e+00  0 2.293e+04 2.293e+01  1  0   0  0   0   1         0
9872.084  9.872  0   0  5 5.176e+02 5.176e-01  0 4.078e+03 4.078e+00  1  0   0  0   0   1         0
9860.370  9.860  0   0  3 4.350e+01 4.350e-02  0 2.065e+04 2.065e+01  1  0   0  0   0   1         0
9884.160  9.884  0   0  4 6.952e+02 6.952e-01  4 1.177e+04 1.177e+01  1  0   0  0   0   1         0
9883.546  9.884  0   0  4 4.923e+03 4.923e+00  4 3.366e+04 3.366e+01  1  0   0  0   0   1         0
9877.467  9.877  0   0  3 6.533e+01 6.533e-02  0 2.234e+03 2.234e+00  1  0   0  0   0   1         0
9890.783  9.891  0   0  4 1.946e+04 1.946e+01  4 1.415e+04 1.415e+01  1  0   0  0   0   1         0
9872.693  9.873  0   0  4 1.127e+04 1.127e+01  4 7.068e+03 7.068e+00  1  0   0  0   0   1         0
9893.094  9.893  0   0  2 5.883e+02 5.883e-01  2 2.951e+02 2.951e-01  1  0   0  0   0   1         0
9860.920  9.861  0   0  0 2.275e+02 2.275e-01  0 9.503e+03 9.503e+00  1  0   0  0   0   1         0
9898.105  9.898  0   0  6 1.351e+04 1.351e+01  6 5.561e+04 5.561e+01  1  0   0  0   0   1         0
9860.321  9.860  0   0  3 2.110e+02 2.110e-01  0 6.787e+02 6.787e-01  1  0   0  0   0   1         0
9858.061  9.858  0   0  5 8.808e+03 8.808e+00  0 1.141e+03 1.141e+00  1  0   0  0   0   1         0
9880.267  9.880  0   0  4 1.438e+03 1.438e+00  4 3.080e+03 3.080e+00  1  0   0  0   0   1         0
9854.688  9.855  0   0  2 1.746e+03 1.746e+00  2 4.551e+02 4.551e-01  1  0   0  0   0   1         0
9858.454  9.858  0   0  4 1.102e+02 1.102e-01  4 5.417e+01 5.417e-02  1  0   0  0   0   1         0
9886.532  9.887  0   0  4 7.725e+02 7.725e-01  4 5.252e+03 5.252e+00  1  0   0  0   0   1         0
9865.495  9.865  0   0  3 9.771e+01 9.771e-02  0 6.571e+04 6.571e+01  1  0   0  0   0   1         0
9890.071  9.890  0   0  2 2.514e+04 2.514e+01  2 4.075e+02 4.075e-01  1  0   0  0   0   1         0
9857.831  9.858  0   0  4 6.940e+03 6.940e+00  4 1.646e+03 1.646e+00  1  0   0  0   0   1         0
9869.362  9.869  0   0  1 1.347e+04 1.347e+01  0 2.942e+03 2.942e+00  1  0   0  0   0   1         0
9869.411  9.869  0   0  6 1.289e+04 1.289e+01  6 7.289e+03 7.289e+00  1  0   0  0   0   1         0
9874.121  9.874  0   0  1 1.653e+04 1.653e+01  0 7.049e+01 7.049e-02  1  0   0  0   0   1         0
9870.618  9.871  0   0  7 2.125e+00 2.125e-03  0 4.996e+04 4.996e+01  1  0   0  0   0   1         0
9869.436  9.869  0   0  2 8.592e+03 8.592e+00  2 5.201e+04 5.201e+01  1  0   0  0   0   1         0
9866.512  9.867  0   0  3 9.006e+02 9.006e-01  0 1.870e+04 1.870e+01  1  0   0  0   0   1         0
9850.764  9.851  0   0  2 6.431e+02 6.431e-01  2 9.349e+00 9.349e-03  1  0   0  0   0   1         0
9880.925  9.881  0   0  3 4.116e+03 4.116e+00  0 2.023e+03 2.023e+00  1  0   0  0   0   1         0
9873.776  9.874  0   0  4 7.687e+02 7.687e-01  4 1.630e+03 1.630e+00  1  0   0  0   0   1         0
9868.759  9.869  0   0  2 4.125e+03 4.125e+00  2 6.244e+02 6.244e-01  1  0   0  0   0   1         0
9860.639  9.861  0   0  1 2.493e+03 2.493e+00  0 7.564e+03 7.564e+00  1  0   0  0   0   1         0
9894.609  9.895  0   0  2 2.095e+03 2.095e+00  2 3.541e+02 3.541e-01  1  0   0  0   0   1         0
9861.969  9.862  0   0  1 5.358e+02 5.358e-01  0 5.166e+02 5.166e-01  1  0   0  0   0   1         0
9896.075  9.896  0   0  1 3.934e+02 3.934e-01  0 3.833e+02 3.833e-01  1  0   0  0   0   1         0
9860.933  9.861  0   0  3 6.717e+03 6.717e+00  0 1.913e+03 1.913e+00  1  0   0  0   0   1         0
9898.582  9.899  0   0  0 1.839e+03 1.839e+00  0 1.105e+00 1.105e-03  1  0   0  0   0   1         0
9871.092  9.871  0   0  3 1.468e+03 1.468e+00  0 2.465e+04 2.465e+01  1  0   0  0   0   1         0
9876.737  9.877  0   0  2 5.483e+02 5.483e-01  2 1.035e+03 1.035e+00  1  0   0  0   0   1         0
9865.026  9.865  0   0  5 6.093e+02 6.093e-01  0 4.911e+03 4.911e+00  1  0   0  0   0   1         0
9896.982  9.897  0   0  0 6.525e+03 6.525e+00  0 2.082e+04 2.082e+01  1  0   0  0   0   1         0
9864.211  9.864  0   0  2 1.537e+04 1.537e+01  2 4.866e+04 4.866e+01  1  0   0  0   0   1         0
9886.590  9.887  0   0  1 5.317e+02 5.317e-01  0 3.530e+02 3.530e-01  1  0   0  0   0   1         0
9851.033  9.851  0   0  6 8.423e+01 8.423e-02  6 3.348e+03 3.348e+00  1  0   0  0   0   1         0
9878.036  9.878  0   0  3 1.376e+04 1.376e+01  0 7.171e+03 7.171e+00  1  0   0  0   0   1         0
9887.156  9.887  0   0  5 1.673e+03 1.673e+00  0 7.147e+01 7.147e-02  1  0   0  0   0   1         0
9873.645  9.874  0   0  7 3.628e+03 3.628e+00  0 4.027e+03 4.027e+00  1  0   0  0   0   1         0
9882.259  9.882  0   0  1 6.511e+02 6.511e-01  0 1.460e+04 1.460e+01  1  0   0  0   0   1         0
9888.475  9.888  0   0  2 4.787e+01 4.787e-02  2 7.214e+03 7.214e+00  1  0   0  0   0   1         0
9875.114  9.875  0   0  4 1.263e+04 1.263e+01  4 9.361e+04 9.361e+01  1  0   0  0   0   1         0
9860.974  9.861  0   0  0 9.379e+02 9.379e-01  0 2.584e+03 2.584e+00  1  0   0  0   0   1         0
9869.936  9.870  0   0  6 1.028e+04 1.028e+01  6 4.497e+03 4.497e+00  1  0   0  0   0   1         0
9886.619  9.887  0   0  0 2.572e+03 2.572e+00  0 2.334e+04 2.334e+01  1  0   0  0   0   1         0
9863.635  9.864  0   0  1 3.168e+02 3.168e-01  0 2.177e+03 2.177e+00  1  0   0  0   0   1         0
9881.696  9.882  0   0  5 4.003e+00 4.003e-03  0 9.632e+02 9.632e-01  1  0   0  0   0   1         0
9857.466  9.857  0   0  3 1.810e+03 1.810e+00  0 2.982e+04 2.982e+01  1  0   0  0   0   1         0
9896.541  9.897  0   0  4 4.351e+03 4.351e+00  4 1.908e+03 1.908e+00  1  0   0  0   0   1         0
9880.246  9.880  0   0  3 3.178e+03 3.178e+00  0 2.189e+04 2.189e+01  1  0   0  0   0   1         0
9873.515  9.874  0   0  3 2.023e+03 2.023e+00  0 2.236e+03 2.236e+00  1  0   0  0   0   1         0
9890.638  9.891  0   0  5 1.829e+02 1.829e-01  0 3.653e+04 3.653e+01  1  0   0  0   0   1         0
9889.924  9.890  0   0  2 4.519e+02 4.519e-01  2 4.701e+03 4.701e+00  1  0   0  0   0   1         0
9854.902  9.855  0   0  4 7.292e+00 7.292e-03  4 2.240e+03 2.240e+00  1  0   0  0   0   1         0
9865.440  9.865  0   0  2 5.462e+03 5.462e+00  2 7.408e+03 7.408e+00  1  0   0  0   0   1         0
9873.030  9.873  0   0  5 1.736e+04 1.736e+01  0 1.189e+04 1.189e+01  1  0   0  0   0   1         0
9867.119  9.867  0   0  5 1.394e+04 1.394e+01  0 1.245e+04 1.245e+01  1  0   0  0   0   1         0
9865.953  9.866  0   0  3 2.197e+02 2.197e-01  0 1.831e+03 1.831e+00  1  0   0  0   0   1         0
9867.702  9.868  0   0  7 6.174e+03 6.174e+00  0 4.445e+03 4.445e+00  1  0   0  0   0   1         0
9857.152  9.857  0   0  4 2.089e+02 2.089e-01  4 2.655e+04 2.655e+01  1  0   0  0   0   1         0
9856.014  9.856  0   0  4 1.412e+04 1.412e+01  4 4.598e+04 4.598e+01  1  0   0  0   0   1         0
9863.094  9.863  0   0  3 3.306e+00 3.306e-03  0 1.558e+03 1.558e+00  1  0   0  0   0   1         0
9853.531  9.854  0   0  5 1.183e+02 1.183e-01  0 1.556e+04 1.556e+01  1  0   0  0   0   1         0
9875.613  9.876  0   0  4 4.679e+02 4.679e-01  4 1.869e+03 1.869e+00  1  0   0  0   0   1         0
9857.710  9.858  0   0  0 8.823e+01 8.823e-02  0 9.582e+02 9.582e-01  1  0   0  0   0   1         0
9853.404  9.853  0   0  1 1.398e+04 1.398e+01  0 8.414e+03 8.414e+00  1  0   0  0   0   1         0
9891.912  9.892  0   0  0 9.906e+03 9.906e+00  0 3.411e+03 3.411e+00  1  0   0  0   0   1         0
9879.474  9.879  0   0  5 1.391e+04 1.391e+01  0 9.379e+02 9.379e-01  1  0   0  0   0   1         0
9894.955  9.895  0   0  0 1.353e+03 1.353e+00  0 1.303e+03 1.303e+00  1  0   0  0   0   1         0
9899.176  9.899  0   0  8 5.506e+01 5.506e-02  8 1.773e+02 1.773e-01  1  0   0  0   0   1         0
9879.774  9.880  0   0  0 5.853e+02 5.853e-01  0 8.596e+00 8.596e-03  1  0   0  0   0   1         0
9889.864  9.890  0   0  5 1.488e+03 1.488e+00  0 3.301e+04 3.301e+01  1  0   0  0   0   1         0
9858.032  9.858  0   0  3 1.471e+03 1.471e+00  0 1.279e+03 1.279e+00  1  0   0  0   0   1         0
9885.004  9.885  0   0  4 1.617e+03 1.617e+00  4 1.396e+04 1.396e+01  1  0   0  0   0   1         0
9877.578  9.878  0   0  3 3.249e+02 3.249e-01  0 2.090e+04 2.090e+01  1  0   0  0   0   1         0
9883.908  9.884  0   0  6 2.359e+04 2.359e+01  6 2.533e+02 2.533e-01  1  0   0  0   0   1         0
9855.275  9.855  0   0  2 6.095e+03 6.095e+00  2 4.173e+03 4.173e+00  1  0   0  0   0   1         0
9896.815  9.897  0   0  2 1.962e+03 1.962e+00  2 1.960e+02 1.960e-01  1  0   0  0   0   1         0
9903.226  9.903  0   0  5 1.803e+04 1.803e+01  0 2.532e+02 2.532e-01  1  0   0  0   0   1         0
9938.866  9.939  0   0  4 7.050e+03 7.050e+00  4 1.051e+03 1.051e+00  1  0   0  0   0   1         0
9926.212  9.926  0   0  5 6.430e+02 6.430e-01  0 4.038e+03 4.038e+00  1  0   0  0   0   1         0
9940.040  9.940  0   0  9 1.028e+02 1.028e-01  0 6.292e+04 6.292e+01  1  0   0  0   0   1         0
9921.564  9.922  0   0  4 2.087e+04 2.087e+01  4 1.360e+02 1.360e-01  1  0   0  0   0   1         0
9907.707  9.908  0   0  0 1.174e+03 1.174e+00  0 3.369e+03 3.369e+00  1  0   0  0   0   1         0
9915.063  9.915  0   0  2 5.412e+03 5.412e+00  2 3.755e+02 3.755e-01  1  0   0  0   0   1         0
9911.765  9.912  0   0  5 4.440e+03 4.440e+00  0 3.718e+03 3.718e+00  1  0   0  0   0   1         0
9922.094  9.922  0   0  3 1.005e+04 1.005e+01  0 7.849e+03 7.849e+00  1  0   0  0   0   1         0
9939.512  9.940  0   0  4 5.383e+03 5.383e+00  4 3.895e+03 3.895e+00  1  0   0  0   0   1         0
9905.873  9.906  0   0  2 7.278e+03 7.278e+00  2 8.802e+03 8.802e+00  1  0   0  0   0   1         0
9920.101  9.920  0   0  1 6.577e+03 6.577e+00  0 2.163e+04 2.163e+01  1  0   0  0   0   1         0
9904.623  9.905  0   0  5 2.294e+02 2.294e-01  0 2.772e+03 2.772e+00  1  0   0  0   0   1         0
9919.668  9.920  0   0  3 2.805e+01 2.805e-02  0 1.433e+04 1.433e+01  1  0   0  0   0   1         0
9929.223  9.929  0   0  4 1.099e+04 1.099e+01  4 7.024e+03 7.024e+00  1  0   0  0   0   1         0
9903.475  9.903  0   0  1 6.927e+02 6.927e-01  0 7.231e+03 7.231e+00  1  0   0  0   0   1         0
9903.357  9.903  0   0  4 3.240e+03 3.240e+00  4 1.257e+02 1.257e-01  1  0   0  0   0   1         0
9936.604  9.937  0   0  1 5.478e+01 5.478e-02  0 2.102e+02 2.102e-01  1  0   0  0   0   1         0
9920.472  9.920  0   0  6 8.242e+03 8.242e+00  6 1.294e+03 1.294e+00  1  0   0  0   0   1         0
9917.660  9.918  0   0  3 1.302e+02 1.302e-01  0 1.914e+04 1.914e+01  1  0   0  0   0   1         0
9934.402  9.934  0   0  5 3.443e+02 3.443e-01  0 5.240e+03 5.240e+00  1  0   0  0   0   1         0
9904.269  9.904  0   0  4 1.482e+02 1.482e-01  4 1.427e+04 1.427e+01  1  0   0  0   0   1         0
9943.034  9.943  0   0  3 1.654e+04 1.654e+01  0 2.711e+03 2.711e+00  1  0   0  0   0   1         0
9938.841  9.939  0   0  0 5.137e+03 5.137e+00  0 1.143e+04 1.143e+01  1  0   0  0   0   1         0
9919.577  9.920  0   0  0 1.354e+04 1.354e+01  0 2.020e+03 2.020e+00  1  0   0  0   0   1         0
9923.535  9.924  0   0  3 1.167e+01 1.167e-02  0 2.702e+04 2.702e+01  1  0   0  0   0   1         0
9919.982  9.920  0   0  0 6.239e+03 6.239e+00  0 1.825e+04 1.825e+01  1  0   0  0   0   1         0
9939.329  9.939  0   0  0 1.524e+02 1.524e-01  0 4.768e+03 4.768e+00  1  0   0  0   0   1         0
9901.461  9.901  0   0  5 8.847e+03 8.847e+00  0 1.771e+02 1.771e-01  1  0   0  0   0   1         0
9933.657  9.934  0   0  0 7.991e+01 7.991e-02  0 4.215e+04 4.215e+01  1  0   0  0   0   1         0
9915.212  9.915  0   0  0 1.899e+04 1.899e+01  0 7.796e+03 7.796e+00  1  0   0  0   0   1         0
9939.046  9.939  0   0  2 8.639e+02 8.639e-01  2 7.310e+03 7.310e+00  1  0   0  0   0   1         0
9949.202  9.949  0   0  2 2.572e+03 2.572e+00  2 3.272e+02 3.272e-01  1  0   0  0   0   1         0
9914.030  9.914  0   0 10 6.840e+03 6.840e+00 10 1.351e+04 1.351e+01  1  0   0  0   0   1         0
9922.391  9.922  0   0  5 1.555e+00 1.555e-03  0 2.358e+02 2.358e-01  1  0   0  0   0   1         0
9927.478  9.927  0   0  4 6.831e+02 6.831e-01  4 1.012e+04 1.012e+01  1  0   0  0   0   1         0
9927.651  9.928  0   0  0 1.761e+04 1.761e+01  0 8.052e+03 8.052e+00  1  0   0  0   0   1         0
9907.882  9.908  0   0  9 7.897e+03 7.897e+00  0 2.245e+03 2.245e+00  1  0   0  0   0   1         0
9929.259  9.929  0   0  3 1.532e+03 1.532e+00  0 3.414e+03 3.414e+00  1  0   0  0   0   1         0
9936.275  9.936  0   0  8 5.461e+03 5.461e+00  8 3.428e+03 3.428e+00  1  0   0  0   0   1         0
9947.222  9.947  0   0  1 1.105e+02 1.105e-01  0 3.143e+02 3.143e-01  1  0   0  0   0   1         0
9936.348  9.936  0   0  0 5.256e+02 5.256e-01  0 7.476e+03 7.476e+00  1  0   0  0   0   1         0
9930.261  9.930  0   0  2 8.360e+02 8.360e-01  2 6.026e+02 6.026e-01  1  0   0  0   0   1         0
9911.734  9.912  0   0  4 8.906e+03 8.906e+00  4 7.429e+03 7.429e+00  1  0   0  0   0   1         0
9904.932  9.905  0   0  1 9.094e+00 9.094e-03  0 7.024e+03 7.024e+00  1  0   0  0   0   1         0
9931.809  9.932  0   0  0 7.877e+02 7.877e-01  0 6.936e+03 6.936e+00  1  0   0  0   0   1         0
9931.353  9.931  0   0  0 4.135e+03 4.135e+00  0 2.188e+02 2.188e-01  1  0   0  0   0   1         0
9942.022  9.942  0   0  1 9.035e+02 9.035e-01  0 1.807e+04 1.807e+01  1  0   0  0   0   1         0
9922.404  9.922  0   0  2 1.012e+04 1.012e+01  2 4.848e+04 4.848e+01  1  0   0  0   0   1         0
9908.659  9.909  0   0  5 3.629e+03 3.629e+00  0 1.222e+04 1.222e+01  1  0   0  0   0   1         0
9911.306  9.911  0   0  2 5.738e+02 5.738e-01  2 3.297e+03 3.297e+00  1  0   0  0   0   1         0
9923.920  9.924  0   0  1 1.067e+03 1.067e+00  0 7.745e+02 7.745e-01  1  0   0  0   0   1         0
9915.689  9.916  0   0  3 1.499e+03 1.499e+00  0 3.154e+04 3.154e+01  1  0   0  0   0   1         0
9909.073  9.909  0   0  1 1.597e+03 1.597e+00  0 1.327e+03 1.327e+00  1  0   0  0   0   1         0
9905.431  9.905  0   0  3 2.961e+02 2.961e-01  0 1.132e+02 1.132e-01  1  0   0  0   0   1         0
9920.715  9.921  0   0  3 2.234e+02 2.234e-01  0 2.349e+02 2.349e-01  1  0   0  0   0   1         0
9916.966  9.917  0   0  1 5.819e+03 5.819e+00  0 3.481e+03 3.481e+00  1  0   0  0   0   1         0
9948.277  9.948  0   0  6 6.951e+03 6.951e+00  6 1.757e+03 1.757e+00  1  0   0  0   0   1         0
9942.870  9.943  0   0  2 2.446e+03 2.446e+00  2 4.217e+03 4.217e+00  1  0   0  0   0   1         0
9909.235  9.909  0   0  1 1.640e+04 1.640e+01  0 7.699e+02 7.699e-01  1  0   0  0   0   1         0
9937.742  9.938  0   0  3 1.421e+03 1.421e+00  0 3.536e+03 3.536e+00  1  0   0  0   0   1         0
9924.110  9.924  0   0  2 2.354e+03 2.354e+00  2 5.423e+03 5.423e+00  1  0   0  0   0   1         0
9946.332  9.946  0   0  2 1.624e+03 1.624e+00  2 2.279e+04 2.279e+01  1  0   0  0   0   1         0
9930.505  9.931  0   0  7 1.340e+03 1.340e+00  0 2.039e+03 2.039e+00  1  0   0  0   0   1         0
9910.265  9.910  0   0  3 3.313e+02 3.313e-01  0 2.485e+04 2.485e+01  1  0   0  0   0   1         0
9909.862  9.910  0   0  6 1.024e+03 1.024e+00  6 3.260e+03 3.260e+00  1  0   0  0   0   1         0
9948.377  9.948  0   0  3 2.964e+03 2.964e+00  0 1.750e+04 1.750e+01  1  0   0  0   0   1         0
9945.944  9.946  0   0  6 5.256e+01 5.256e-02  6 4.473e+04 4.473e+01  1  0   0  0   0   1         0
9924.243  9.924  0   0  6 4.812e+03 4.812e+00  6 1.549e-05 1.549e-08  1  0   0  0   0   1         0
9928.295  9.928  0   0  0 8.203e+02 8.203e-01  0 2.764e+03 2.764e+00  1  0   0  0   0   1         0
9927.454  9.927  0   0  0 1.094e+03 1.094e+00  0 5.547e+03 5.547e+00  1  0   0  0   0   1         0
9938.246  9.938  0   0  0 1.900e+04 1.900e+01  0 2.219e+03 2.219e+00  1  0   0  0   0   1         0
9923.824  9.924  0   0  4 3.553e+03 3.553e+00  4 7.406e+04 7.406e+01  1  0   0  0   0   1         0
9906.175  9.906  0   0  6 2.436e+02 2.436e-01  6 1.291e+04 1.291e+01  1  0   0  0   0   1         0
9916.302  9.916  0   0  0 6.126e+02 6.126e-01  0 2.953e+03 2.953e+00  1  0   0  0   0   1         0
9928.512  9.929  0   0  4 7.752e+03 7.752e+00  4 3.779e+04 3.779e+01  1  0   0  0   0   1         0
9917.645  9.918  0   0  5 1.127e+03 1.127e+00  0 8.164e+03 8.164e+00  1  0   0  0   0   1         0
9940.738  9.941  0   0  1 5.156e+03 5.156e+00  0 8.941e+02 8.941e-01  1  0   0  0   0   1         0
9947.415  9.947  0   0  2 4.458e+01 4.458e-02  2 6.777e+03 6.777e+00  1  0   0  0   0   1         0
9912.174  9.912  0   0  0 1.966e+03 1.966e+00  0 1.795e+03 1.795e+00  1  0   0  0   0   1         0
9944.497  9.944  0   0  1 2.937e+04 2.937e+01  0 1.078e+04 1.078e+01  1  0   0  0   0   1         0
9935.866  9.936  0   0  1 1.440e+03 1.440e+00  0 3.348e+02 3.348e-01  1  0   0  0   0   1         0
9929.445  9.929  0   0  3 2.682e+02 2.682e-01  0 4.029e+04 4.029e+01  1  0   0  0   0   1         0
9906.565  9.907  0   0  1 6.244e+02 6.244e-01  0 7.002e+03 7.002e+00  1  0   0  0   0   1         0
9920.645  9.921  0   0  5 9.351e+03 9.351e+00  0 4.377e+02 4.377e-01  1  0   0  0   0   1         0
9949.769  9.950  0   0  2 1.616e+04 1.616e+01  2 8.414e+01 8.414e-02  1  0   0  0   0   1         0
9932.509  9.933  0   0  5 2.291e+03 2.291e+00  0 3.315e+01 3.315e-02  1  0   0  0   0   1         0
9929.681  9.930  0   0  0 5.397e+02 5.397e-01  0 1.652e+04 1.652e+01  1  0   0  0   0   1         0
9901.795  9.902  0   0  4 8.923e+01 8.923e-02  4 1.210e+04 1.210e+01  1  0   0  0   0   1         0
9916.132  9.916  0   0  3 1.485e+04 1.485e+01  0 2.033e+04 2.033e+01  1  0   0  0   0   1         0
9924.508  9.925  0   0  3 4.410e+03 4.410e+00  0 6.948e+03 6.948e+00  1  0   0  0   0   1         0
9932.175  9.932  0   0  3 3.785e+03 3.785e+00  0 1.672e+04 1.672e+01  1  0   0  0   0   1         0
9942.904  9.943  0   0  3 2.054e+02 2.054e-01  0 2.349e+04 2.349e+01  1  0   0  0   0   1         0
9923.003  9.923  0   0  2 1.898e+04 1.898e+01  2 5.234e+03 5.234e+00  1  0   0  0   0   1         0
9913.803  9.914  0   0  3 1.372e+03 1.372e+00  0 2.419e+02 2.419e-01  1  0   0  0   0   1         0
9914.145  9.914  0   0  1 3.913e+03 3.913e+00  0 2.315e+04 2.315e+01  1  0   0  0   0   1         0
9906.938  9.907  0   0  6 5.040e+03 5.040e+00  6 1.559e+03 1.559e+00  1  0   0  0   0   1         0
9907.327  9.907  0   0  0 1.499e+02 1.499e-01  0 2.165e+02 2.165e-01  1  0   0  0   0   1         0
9915.351  9.915  0   0  3 1.714e+04 1.714e+01  0 1.159e+04 1.159e+01  1  0   0  0   0   1         0
9938.401  9.938  0   0  5 1.018e+04 1.018e+01  0 1.692e+04 1.692e+01  1  0   0  0   0   1         0
9920.758  9.921  0   0  4 9.263e+03 9.263e+00  4 7.544e+02 7.544e-01  1  0   0  0   0   1         0
9943.026  9.943  0   0  2 2.018e+03 2.018e+00  2 2.856e+03 2.856e+00  1  0   0  0   0   1         0
9947.477  9.947  0   0  0 5.488e+03 5.488e+00  0 9.039e+03 9.039e+00  1  0   0  0   0   1         0
9903.799  9.904  0   0  5 1.509e+04 1.509e+01  0 1.812e+04 1.812e+01  1  0   0  0   0   1         0
9935.623  9.936  0   0  1 1.754e+03 1.754e+00  0 3.251e+04 3.251e+01  1  0   0  0   0   1         0
9904.295  9.904  0   0  4 3.637e+03 3.637e+00  4 1.824e+04 1.824e+01  1  0   0  0   0   1         0
9903.613  9.904  0   0  6 1.429e+04 1.429e+01  6 1.125e+04 1.125e+01  1  0   0  0   0   1         0
9913.869  9.914  0   0  2 1.918e+04 1.918e+01  2 4.094e+04 4.094e+01  1  0   0  0   0   1         0
9905.117  9.905  0   0  4 1.753e+03 1.753e+00  4 1.799e+04 1.799e+01  1  0   0  0   0   1         0
9933.238  9.933  0   0  0 1.622e+03 1.622e+00  0 9.805e+03 9.805e+00  1  0   0  0   0   1         0
9935.887  9.936  0   0  1 7.747e+01 7.747e-02  0 5.272e+03 5.272e+00  1  0   0  0   0   1         0
9932.055  9.932  0   0  6 6.842e+03 6.842e+00  6 7.107e+02 7.107e-01  1  0   0  0   0   1         0
9928.865  9.929  0   0  3 6.600e+00 6.600e-03  0 4.304e+03 4.304e+00  1  0   0  0   0   1         0
9939.130  9.939  0   0  0 1.609e+04 1.609e+01  0 4.919e+03 4.919e+00  1  0   0  0   0   1         0
9938.699  9.939  0   0  4 4.107e+02 4.107e-01  4 1.224e+03 1.224e+00  1  0   0  0   0   1         0
9943.558  9.944  0   0  3 2.717e+02 2.717e-01  0 8.334e+01 8.334e-02  1  0   0  0   0   1         0
9934.745  9.935  0   0  2 2.503e+03 2.503e+00  2 4.322e+03 4.322e+00  1  0   0  0   0   1         0
9917.886  9.918  0   0  3 3.103e+03 3.103e+00  0 1.860e+04 1.860e+01  1  0   0  0   0   1         0
9926.334  9.926  0   0  0 1.202e+03 1.202e+00  0 2.802e+01 2.802e-02  1  0   0  0   0   1         0
9924.630  9.925  0   0  2 8.589e+01 8.589e-02  2 3.728e+04 3.728e+01  1  0   0  0   0   1         0
9905.432  9.905  0   0  2 1.230e+03 1.230e+00  2 4.016e+04 4.016e+01  1  0   0  0   0   1         0
9970.352  9.970  0   0  7 4.438e+03 4.438e+00  0 2.660e+03 2.660e+00  1  0   0  0   0   1         0
9984.186  9.984  0   0  2 7.059e+03 7.059e+00  2 3.778e+04 3.778e+01  1  0   0  0   0   1         0
9966.145  9.966  0   0  5 1.021e+03 1.021e+00  0 2.558e+00 2.558e-03  1  0   0  0   0   1         0
9989.156  9.989  0   0  3 1.385e+04 1.385e+01  0 1.565e+02 1.565e-01  1  0   0  0   0   1         0
9986.391  9.986  0   0  2 1.009e+03 1.009e+00  2 4.122e+04 4.122e+01  1  0   0  0   0   1         0
9951.787  9.952  0   0  4 1.601e+04 1.601e+01  4 4.192e+03 4.192e+00  1  0   0  0   0   1         0
9992.840  9.993  0   0  4 1.619e+04 1.619e+01  4 3.776e+03 3.776e+00  1  0   0  0   0   1         0
9968.286  9.968  0   0  6 2.778e+02 2.778e-01  6 5.162e+03 5.162e+00  1  0   0  0   0   1         0
9954.827  9.955  0   0  3 1.518e+03 1.518e+00  0 9.921e+03 9.921e+00  1  0   0  0   0   1         0
9985.000  9.985  0   0  1 4.296e+03 4.296e+00  0 1.652e+00 1.652e-03  1  0   0  0   0   1         0
9987.431  9.987  0   0  7 6.764e+03 6.764e+00  0 7.825e+02 7.825e-01  1  0   0  0   0   1         0
9953.577  9.954  0   0 10 4.569e+03 4.569e+00 10 1.391e+04 1.391e+01  1  0   0  0   0   1         0
9967.786  9.968  0   0  2 5.017e+02 5.017e-01  2 1.373e+04 1.373e+01  1  0   0  0   0   1         0
9994.811  9.995  0   0  2 1.223e+04 1.223e+01  2 1.148e+02 1.148e-01  1  0   0  0   0   1         0
9983.559  9.984  0   0  5 5.646e+02 5.646e-01  0 1.289e+04 1.289e+01  1  0   0  0   0   1         0
9976.794  9.977  0   0  4 5.483e+03 5.483e+00  4 3.743e+03 3.743e+00  1  0   0  0   0   1         0
9975.304  9.975  0   0  7 5.593e+03 5.593e+00  0 2.776e+02 2.776e-01  1  0   0  0   0   1         0
9980.514  9.981  0   0  2 2.798e+02 2.798e-01  2 4.086e+00 4.086e-03  1  0   0  0   0   1         0
9982.740  9.983  0   0  6 1.325e+02 1.325e-01  6 4.691e+04 4.691e+01  1  0   0  0   0   1         0
9953.467  9.953  0   0  2 1.355e+01 1.355e-02  2 3.580e+03 3.580e+00  1  0   0  0   0   1         0
9966.795  9.967  0   0  4 3.603e+03 3.603e+00  4 3.453e+02 3.453e-01  1  0   0  0   0   1         0
9976.431  9.976  0   0  4 4.854e+03 4.854e+00  4 3.177e+02 3.177e-01  1  0   0  0   0   1         0
9986.594  9.987  0   0  4 7.594e+03 7.594e+00  4 6.085e+03 6.085e+00  1  0   0  0   0   1         0
9987.214  9.987  0   0  0 1.558e-01 1.558e-04  0 9.630e+02 9.630e-01  1  0   0  0   0   1         0
9980.369  9.980  0   0  2 5.177e+03 5.177e+00  2 1.614e+04 1.614e+01  1  0   0  0   0   1         0
9979.422  9.979  0   0  8 7.583e+03 7.583e+00  8 8.609e+02 8.609e-01  1  0   0  0   0   1         0
9968.479  9.968  0   0  0 1.928e+03 1.928e+00  0 1.910e+03 1.910e+00  1  0   0  0   0   1         0
9991.789  9.992  0   0  6 1.644e+04 1.644e+01  6 1.471e+04 1.471e+01  1  0   0  0   0   1         0
9995.850  9.996  0   0  0 2.282e+03 2.282e+00  0 1.025e+03 1.025e+00  1  0   0  0   0   1         0
9992.367  9.992  0   0  5 3.459e+03 3.459e+00  0 2.698e+04 2.698e+01  1  0   0  0   0   1         0
9993.640  9.994  0   0  6 1.295e+03 1.295e+00  6 1.134e+02 1.134e-01  1  0   0  0   0   1         0
9995.473  9.995  0   0  1 1.030e+01 1.030e-02  0 4.943e+03 4.943e+00  1  0   0  0   0   1         0
9960.167  9.960  0   0  0 7.066e+01 7.066e-02  0 1.908e+04 1.908e+01  1  0   0  0   0   1         0
9975.792  9.976  0   0  3 7.727e+01 7.727e-02  0 2.174e+04 2.174e+01  1  0   0  0   0   1         0
9976.825  9.977  0   0  3 7.838e+02 7.838e-01  0 9.021e+03 9.021e+00  1  0   0  0   0   1         0
9974.370  9.974  0   0  3 2.325e+03 2.325e+00  0 6.805e+03 6.805e+00  1  0   0  0   0   1         0
9992.475  9.992  0   0  3 1.003e+03 1.003e+00  0 4.830e+03 4.830e+00  1  0   0  0   0   1         0
9966.339  9.966  0   0  2 5.593e+01 5.593e-02  2 5.855e+03 5.855e+00  1  0   0  0   0   1         0
9958.119  9.958  0   0  2 7.553e+02 7.553e-01  2 9.866e+01 9.866e-02  1  0   0  0   0   1         0
9963.794  9.964  0   0  4 3.205e+02 3.205e-01  4 6.832e+03 6.832e+00  1  0   0  0   0   1         0
9957.205  9.957  0   0  4 8.851e+02 8.851e-01  4 5.887e+02 5.887e-01  1  0   0  0   0   1         0
9970.335  9.970  0   0  7 2.311e+03 2.311e+00  0 1.052e+02 1.052e-01  1  0   0  0   0   1         0
9955.881  9.956  0   0  2 1.268e+03 1.268e+00  2 7.581e+03 7.581e+00  1  0   0  0   0   1         0
9954.410  9.954  0   0  2 1.409e+03 1.409e+00  2 3.685e+03 3.685e+00  1  0   0  0   0   1         0
9972.648  9.973  0   0  9 2.567e+03 2.567e+00  0 7.182e+03 7.182e+00  1  0   0  0   0   1         0
9980.151  9.980  0   0  0 1.523e+03 1.523e+00  0 3.032e+04 3.032e+01  1  0   0  0   0   1         0
9980.476  9.980  0   0  1 5.868e+03 5.868e+00  0 1.249e+04 1.249e+01  1  0   0  0   0   1         0
9954.647  9.955  0   0  3 1.084e+04 1.084e+01  0 5.991e+03 5.991e+00  1  0   0  0   0   1         0
9998.589  9.999  0   0  4 1.086e+02 1.086e-01  4 6.327e+03 6.327e+00  1  0   0  0   0   1         0
9956.130  9.956  0   0  2 2.491e+03 2.491e+00  2 1.545e+03 1.545e+00  1  0   0  0   0   1         0
9983.111  9.983  0   0  3 1.987e+03 1.987e+00  0 9.033e+03 9.033e+00  1  0   0  0   0   1         0
9994.471  9.994  0   0  2 2.886e+03 2.886e+00  2 3.672e+03 3.672e+00  1  0   0  0   0   1         0
9994.278  9.994  0   0  3 2.879e+03 2.879e+00  0 1.296e+03 1.296e+00  1  0   0  0   0   1         0
9975.705  9.976  0   0  3 6.150e+03 6.150e+00  0 2.207e+04 2.207e+01  1  0   0  0   0   1         0
9963.952  9.964  0   0  0 1.455e+03 1.455e+00  0 4.186e+03 4.186e+00  1  0   0  0   0   1         0
9991.449  9.991  0   0  6 1.057e+03 1.057e+00  6 1.143e+04 1.143e+01  1  0   0  0   0   1         0
9980.723  9.981  0   0  3 2.874e+02 2.874e-01  0 1.393e+04 1.393e+01  1  0   0  0   0   1         0
9989.617  9.990  0   0  2 1.296e+03 1.296e+00  2 7.681e+02 7.681e-01  1  0   0  0   0   1         0
9970.094  9.970  0   0  0 2.262e+03 2.262e+00  0 5.776e+03 5.776e+00  1  0   0  0   0   1         0
9995.702  9.996  0   0  1 1.897e+03 1.897e+00  0 3.206e+04 3.206e+01  1  0   0  0   0   1         0
9996.505  9.997  0   0  1 2.045e+02 2.045e-01  0 2.272e+02 2.272e-01  1  0   0  0   0   1         0
9986.943  9.987  0   0  3 5.921e+02 5.921e-01  0 1.455e+04 1.455e+01  1  0   0  0   0   1         0
9997.149  9.997  0   0  1 1.385e+04 1.385e+01  0 2.134e+01 2.134e-02  1  0   0  0   0   1         0
9972.773  9.973  0   0  1 7.902e+03 7.902e+00  0 3.363e+02 3.363e-01  1  0   0  0   0   1         0
9959.785  9.960  0   0  5 2.606e+01 2.606e-02  0 3.025e+01 3.025e-02  1  0   0  0   0   1         0
9982.884  9.983  0   0  3 1.750e+04 1.750e+01  0 1.406e+04 1.406e+01  1  0   0  0   0   1         0
9982.757  9.983  0   0  3 1.099e+04 1.099e+01  0 8.551e+02 8.551e-01  1  0   0  0   0   1         0
9974.664  9.975  0   0  2 5.542e+03 5.542e+00  2 1.419e+03 1.419e+00  1  0   0  0   0   1         0
9963.107  9.963  0   0  6 1.950e+03 1.950e+00  6 7.877e+03 7.877e+00  1  0   0  0   0   1         0
9981.309  9.981  0   0  5 9.827e+01 9.827e-02  0 8.265e+02 8.265e-01  1  0   0  0   0   1         0
9959.097  9.959  0   0  5 4.349e+01 4.349e-02  0 9.702e+02 9.702e-01  1  0   0  0   0   1         0
9987.738  9.988  0   0  4 1.457e+02 1.457e-01  4 5.464e+03 5.464e+00  1  0   0  0   0   1         0
9995.374  9.995  0   0  4 1.691e+03 1.691e+00  4 6.942e+02 6.942e-01  1  0   0  0   0   1         0
9958.386  9.958  0   0  2 7.611e+02 7.611e-01  2 1.480e+04 1.480e+01  1  0   0  0   0   1         0
9991.071  9.991  0   0  1 1.548e+04 1.548e+01  0 3.039e+04 3.039e+01  1  0   0  0   0   1         0
9959.986  9.960  0   0  2 2.504e+02 2.504e-01  2 8.074e+03 8.074e+00  1  0   0  0   0   1         0
9975.120  9.975  0   0  3 3.204e+03 3.204e+00  0 1.714e+02 1.714e-01  1  0   0  0   0   1         0
9996.488  9.996  0   0  3 3.321e+03 3.321e+00  0 5.795e+02 5.795e-01  1  0   0  0   0   1         0
9954.166  9.954  0   0  5 1.538e+02 1.538e-01  0 1.814e+04 1.814e+01  1  0   0  0   0   1         0
9954.521  9.955  0   0  2 5.108e+02 5.108e-01  2 1.514e+03 1.514e+00  1  0   0  0   0   1         0
9997.952  9.998  0   0  1 7.655e+03 7.655e+00  0 2.087e+03 2.087e+00  1  0   0  0   0   1         0
9957.995  9.958  0   0  7 4.270e+02 4.270e-01  0 4.476e+04 4.476e+01  1  0   0  0   0   1         0
9967.191  9.967  0   0  2 9.331e+03 9.331e+00  2 4.745e+02 4.745e-01  1  0   0  0   0   1         0
9973.047  9.973  0   0  0 2.450e+01 2.450e-02  0 3.252e+03 3.252e+00  1  0   0  0   0   1         0
9950.337  9.950  0   0  4 3.149e+03 3.149e+00  4 5.113e+01 5.113e-02  1  0   0  0   0   1         0
9959.464  9.959  0   0  7 4.517e+03 4.517e+00  0 8.000e+03 8.000e+00  1  0   0  0   0   1         0
9991.476  9.991  0   0  4 7.806e+01 7.806e-02  4 2.383e+04 2.383e+01  1  0   0  0   0   1         0
9976.041  9.976  0   0  1 1.347e+03 1.347e+00  0 2.289e+04 2.289e+01  1  0   0  0   0   1         0
9969.789  9.970  0   0  4 2.078e+02 2.078e-01  4 2.636e+04 2.636e+01  1  0   0  0   0   1         0
9984.184  9.984  0   0  3 2.645e+02 2.645e-01  0 1.958e+02 1.958e-01  1  0   0  0   0   1         0
9966.325  9.966  0   0  3 1.049e-01 1.049e-04  0 2.053e+03 2.053e+00  1  0   0  0   0   1         0
9972.024  9.972  0   0  8 1.153e+04 1.153e+01  8 4.536e+02 4.536e-01  1  0   0  0   0   1         0
9999.689 10.000  0   0  1 3.652e+03 3.652e+00  0 1.239e+04 1.239e+01  1  0   0  0   0   1         0
9988.783  9.989  0   0  3 2.978e+03 2.978e+00  0 9.874e+00 9.874e-03  1  0   0  0   0   1         0
9977.796  9.978  0   0  6 7.838e+03 7.838e+00  6 4.574e+03 4.574e+00  1  0   0  0   0   1         0
9976.435  9.976  0   0  4 6.574e+00 6.574e-03  4 1.037e+03 1.037e+00  1  0   0  0   0   1         0
9992.265  9.992  0   0  4 1.262e+03 1.262e+00  4 7.715e+04 7.715e+01  1  0   0  0   0   1         0
9980.138  9.980  0   0  5 1.182e+04 1.182e+01  0 1.351e+04 1.351e+01  1  0   0  0   0   1         0
9967.052  9.967  0   0  8 3.227e+03 3.227e+00  8 2.313e+04 2.313e+01  1  0   0  0   0   1         0
9970.985  9.971  0   0  1 3.520e+03 3.520e+00  0 8.750e+03 8.750e+00  1  0   0  0   0   1         0
9959.229  9.959  0   0  3 1.316e+04 1.316e+01  0 6.761e+01 6.761e-02  1  0   0  0   0   1         0
*************************************************** *************************************************** **********
Upper Limits of Resonances
Note: enter partial width upper limit by chosing non-zero va lue for PT, where PT=<theta^2> for particles and...
Note: ...PT=<B> for g-rays [enter: "upper_limit 0.0"]; for each resonance: # upper limits < # open channels!
Ecm DEcm Jr G1 DG1 L1 PT DPT G2 DG2 L2 PT DPT G3 DG3 L3 PT DPT Exf Int
497.38 0.08 2 9.28e-12 0 2 0.01 0 2.58e3 2.4e1 0 0 0 1.73 3e-2 1 0 0 0.0 1
548.16 0.10 2 3.80e-8 0 2 0.01 0 4.64e3 1.0e2 1 0 0 4.56 0.29 1 0 0 0.0 1
556.28 0.16 2 1.50e-8 0 2 0.01 0 1.44 1.6e-1 2 0 0 3.0 1.5 1 0 0 0.0 0
568.27 0.19 1 2.08e-7 0 1 0.01 0 5.40e-1 8.8e-2 1 0 0 3.0 1.5 1 0 0 0.0 0
628.43 0.10 2 2.40e-8 0 2 0.01 0 4.51e3 1.1e2 1 0 0 7.42 0.60 1 0 0 0.0 1
659.32 0.12 2 2.20e-8 0 2 0.01 0 5.40e2 5.4e1 0 0 0 3.24 0.35 1 0 0 0.0 1
665.11 0.11 4 1.44e-8 0 4 0.01 0 1.51e3 3.4e1 1 0 0 5.9e-1 2.4e-1 1 0 0 0.0 1
670.81 0.13 1 2.57e-8 0 1 0.01 0 1.26e3 1.0e2 1 0 0 7.9e-1 4.6e-1 1 0 0 0.0 1
671.59 0.12 2 1.54e-8 0 2 0.01 0 1.28e1 6.0 2 0 0 4.26 0.60 1 0 0 0.0 1
674.36 0.25 2 1.54e-8 0 2 0.01 0 1.54 0.46 1 0 0 3.0 1.5 1 0 0 0.0 0
681.21 0.13 3 1.43e-8 0 3 0.01 0 8.06e3 1.2e2 1 0 0 3.31 0.73 1 0 0 0.0 1
695.95 0.35 1 5.34e-9 0 1 0.01 0 1.12 0.40 1 0 0 3.0 1.5 1 0 0 0.0 0
711.34 0.54 1 4.11e-8 0 1 0.01 0 6.0e-1 3.2e-1 1 0 0 3.0 1.5 1 0 0 0.0 0
713.40 0.14 1 1.67e-7 0 1 0.01 0 4.24e2 8.6e1 1 0 0 3.63 0.47 1 0 0 0.0 1
714.34 0.55 1 4.12e-8 0 1 0.01 0 2.8 1.0 1 0 0 3.0 1.5 1 0 0 0.0 0
722.12 0.56 1 4.17e-8 0 1 0.01 0 1.42 0.56 1 0 0 3.0 1.5 1 0 0 0.0 0
729.15 0.15 2 4.00e-8 0 2 0.01 0 1.53e2 4.2e1 1 0 0 1.18 0.27 1 0 0 0.0 1
730.03 0.16 4 4.68e-9 0 4 0.01 0 4.13e3 1.9e2 3 0 0 1.82 0.38 1 0 0 0.0 1
777.78 0.16 5 3.34e-9 0 5 0.01 0 2.90e2 1.9e1 2 0 0 3.0 1.5 1 0 0 0.0 1
*************************************************** *************************************************** **********
Interference between Resonances [numerical integration o nly]
Note: + for positive, - for negative interference; +- if inte rference sign is unknown
Ecm DEcm Jr G1 DG1 L1 PT DPT G2 DG2 L2 PT DPT G3 DG3 L3 PT DPT Exf
!+-
0.0 0.0 0.0 0.0 0.0 0 0 0 0.0 0.0 0 0 0 0.0 0.0 0 0 0 0.0
0.0 0.0 0.0 0.0 0.0 0 0 0 0.0 0.0 0 0 0 0.0 0.0 0 0 0 0.0
*************************************************** *************************************************** **********
Comments:
1. Including results from Longland et al. 2009.
2. The 704 keV resonance is considered to be the same as the one seen in the 22Ne(a,g)26Mg reaction.
References: Longland et al. [135].
